Visibility,Module,Package,Class,Method/Property name,Kind,Deprecated?,Scylla-only?,Counted to total sum,Priority,Status,Stub anchor,Github issue?,Implemented and waiting as PRs,Merged to master,Comment
public,core,com.datastax.oss.driver.api.core,AllNodesFailedException,fromErrors(Map),method,1,0,1,T1,needs-bridge,,,,,
public,core,com.datastax.oss.driver.api.core,AllNodesFailedException,fromErrors(List),method,0,0,1,T1,needs-bridge,,,,,
protected,core,com.datastax.oss.driver.api.core,AllNodesFailedException,"AllNodesFailedException(String, ExecutionInfo, Map)",constructor,1,0,1,T1,needs-bridge,,,,,
protected,core,com.datastax.oss.driver.api.core,AllNodesFailedException,"AllNodesFailedException(String, ExecutionInfo, Iterable)",constructor,0,0,1,T1,needs-bridge,,,,,
public,core,com.datastax.oss.driver.api.core,AllNodesFailedException,getErrors(),method,1,0,1,T1,needs-bridge,,,,,
public,core,com.datastax.oss.driver.api.core,AllNodesFailedException,getAllErrors(),method,0,0,1,T1,needs-bridge,,,,,
public,core,com.datastax.oss.driver.api.core,AllNodesFailedException,copy(),method,0,0,1,T1,needs-bridge,,,,,
public,core,com.datastax.oss.driver.api.core,AllNodesFailedException,reword(String),method,0,0,1,T1,needs-bridge,,,,,
public,core,com.datastax.oss.driver.api.core,AsyncAutoCloseable,closeFuture(),method,0,0,1,T1,needs-bridge,,,,,
public,core,com.datastax.oss.driver.api.core,AsyncAutoCloseable,isClosed(),method,0,0,1,T1,needs-bridge,,,,,
public,core,com.datastax.oss.driver.api.core,AsyncAutoCloseable,closeAsync(),method,0,0,1,T1,needs-bridge,,,,,
public,core,com.datastax.oss.driver.api.core,AsyncAutoCloseable,forceCloseAsync(),method,0,0,1,T1,needs-bridge,,,,,
public,core,com.datastax.oss.driver.api.core,AsyncAutoCloseable,close(),method,0,0,1,T1,needs-bridge,,,,,
public,core,com.datastax.oss.driver.api.core,AsyncPagingIterable,getColumnDefinitions(),method,0,0,1,T1,needs-bridge,,,,,
public,core,com.datastax.oss.driver.api.core,AsyncPagingIterable,getExecutionInfo(),method,0,0,1,T1,needs-bridge,,,,,
public,core,com.datastax.oss.driver.api.core,AsyncPagingIterable,remaining(),method,0,0,1,T1,needs-bridge,,,,,
public,core,com.datastax.oss.driver.api.core,AsyncPagingIterable,currentPage(),method,0,0,1,T1,needs-bridge,,,,,
public,core,com.datastax.oss.driver.api.core,AsyncPagingIterable,one(),method,0,0,1,T1,needs-bridge,,,,,
public,core,com.datastax.oss.driver.api.core,AsyncPagingIterable,hasMorePages(),method,0,0,1,T1,needs-bridge,,,,,
public,core,com.datastax.oss.driver.api.core,AsyncPagingIterable,fetchNextPage(),method,0,0,1,T1,needs-bridge,,,,,
public,core,com.datastax.oss.driver.api.core,AsyncPagingIterable,wasApplied(),method,0,0,1,T1,needs-bridge,,,,,
public,core,com.datastax.oss.driver.api.core,AsyncPagingIterable,map(Function),method,0,0,1,T1,needs-bridge,,,,,
public,core,com.datastax.oss.driver.api.core,CQL4SkipMetadataResolveMethod,SMART,enum-constant,0,1,1,T1,needs-bridge,,,,,
public,core,com.datastax.oss.driver.api.core,CQL4SkipMetadataResolveMethod,ENABLED,enum-constant,0,1,1,T1,needs-bridge,,,,,
public,core,com.datastax.oss.driver.api.core,CQL4SkipMetadataResolveMethod,DISABLED,enum-constant,0,1,1,T1,needs-bridge,,,,,
public,core,com.datastax.oss.driver.api.core,CQL4SkipMetadataResolveMethod,toString(),method,0,1,1,T1,needs-bridge,,,,,
public,core,com.datastax.oss.driver.api.core,CQL4SkipMetadataResolveMethod,fromValue(String),method,0,1,1,T1,needs-bridge,,,,,
public,core,com.datastax.oss.driver.api.core,CQL4SkipMetadataResolveMethod,values(),method,0,1,1,T1,needs-bridge,,,,,
public,core,com.datastax.oss.driver.api.core,CQL4SkipMetadataResolveMethod,valueOf(String),method,0,1,1,T1,needs-bridge,,,,,
public,core,com.datastax.oss.driver.api.core,ConsistencyLevel,ANY,field,0,0,1,T1,needs-bridge,,,,,
public,core,com.datastax.oss.driver.api.core,ConsistencyLevel,ONE,field,0,0,1,T1,needs-bridge,,,,,
public,core,com.datastax.oss.driver.api.core,ConsistencyLevel,TWO,field,0,0,1,T1,needs-bridge,,,,,
public,core,com.datastax.oss.driver.api.core,ConsistencyLevel,THREE,field,0,0,1,T1,needs-bridge,,,,,
public,core,com.datastax.oss.driver.api.core,ConsistencyLevel,QUORUM,field,0,0,1,T1,needs-bridge,,,,,
public,core,com.datastax.oss.driver.api.core,ConsistencyLevel,ALL,field,0,0,1,T1,needs-bridge,,,,,
public,core,com.datastax.oss.driver.api.core,ConsistencyLevel,LOCAL_ONE,field,0,0,1,T1,needs-bridge,,,,,
public,core,com.datastax.oss.driver.api.core,ConsistencyLevel,LOCAL_QUORUM,field,0,0,1,T1,needs-bridge,,,,,
public,core,com.datastax.oss.driver.api.core,ConsistencyLevel,EACH_QUORUM,field,0,0,1,T1,needs-bridge,,,,,
public,core,com.datastax.oss.driver.api.core,ConsistencyLevel,SERIAL,field,0,0,1,T1,needs-bridge,,,,,
public,core,com.datastax.oss.driver.api.core,ConsistencyLevel,LOCAL_SERIAL,field,0,0,1,T1,needs-bridge,,,,,
public,core,com.datastax.oss.driver.api.core,ConsistencyLevel,getProtocolCode(),method,0,0,1,T1,needs-bridge,,,,,
public,core,com.datastax.oss.driver.api.core,ConsistencyLevel,name(),method,0,0,1,T1,needs-bridge,,,,,
public,core,com.datastax.oss.driver.api.core,ConsistencyLevel,isDcLocal(),method,0,0,1,T1,needs-bridge,,,,,
public,core,com.datastax.oss.driver.api.core,ConsistencyLevel,isSerial(),method,0,0,1,T1,needs-bridge,,,,,
public,core,com.datastax.oss.driver.api.core,CqlIdentifier,fromCql(String),method,0,0,1,T1,needs-bridge,,,,,
public,core,com.datastax.oss.driver.api.core,CqlIdentifier,fromInternal(String),method,0,0,1,T1,needs-bridge,,,,,
public,core,com.datastax.oss.driver.api.core,CqlIdentifier,asInternal(),method,0,0,1,T1,needs-bridge,,,,,
public,core,com.datastax.oss.driver.api.core,CqlIdentifier,asCql(boolean),method,0,0,1,T1,needs-bridge,,,,,
public,core,com.datastax.oss.driver.api.core,CqlIdentifier,equals(Object),method,0,0,1,T1,needs-bridge,,,,,
public,core,com.datastax.oss.driver.api.core,CqlIdentifier,hashCode(),method,0,0,1,T1,needs-bridge,,,,,
public,core,com.datastax.oss.driver.api.core,CqlIdentifier,toString(),method,0,0,1,T1,needs-bridge,,,,,
public,core,com.datastax.oss.driver.api.core,CqlSession,builder(),method,0,0,1,T1,needs-bridge,DefaultSession,,,,
public,core,com.datastax.oss.driver.api.core,CqlSessionBuilder,CqlSessionBuilder(),constructor,0,0,1,T1,needs-bridge,DefaultSession,,,,
protected,core,com.datastax.oss.driver.api.core,CqlSessionBuilder,wrap(CqlSession),method,0,0,1,T1,needs-bridge,DefaultSession,,,,
public,core,com.datastax.oss.driver.api.core,DefaultConsistencyLevel,ANY,enum-constant,0,0,1,T1,needs-bridge,,,,,
public,core,com.datastax.oss.driver.api.core,DefaultConsistencyLevel,ONE,enum-constant,0,0,1,T1,needs-bridge,,,,,
public,core,com.datastax.oss.driver.api.core,DefaultConsistencyLevel,TWO,enum-constant,0,0,1,T1,needs-bridge,,,,,
public,core,com.datastax.oss.driver.api.core,DefaultConsistencyLevel,THREE,enum-constant,0,0,1,T1,needs-bridge,,,,,
public,core,com.datastax.oss.driver.api.core,DefaultConsistencyLevel,QUORUM,enum-constant,0,0,1,T1,needs-bridge,,,,,
public,core,com.datastax.oss.driver.api.core,DefaultConsistencyLevel,ALL,enum-constant,0,0,1,T1,needs-bridge,,,,,
public,core,com.datastax.oss.driver.api.core,DefaultConsistencyLevel,LOCAL_ONE,enum-constant,0,0,1,T1,needs-bridge,,,,,
public,core,com.datastax.oss.driver.api.core,DefaultConsistencyLevel,LOCAL_QUORUM,enum-constant,0,0,1,T1,needs-bridge,,,,,
public,core,com.datastax.oss.driver.api.core,DefaultConsistencyLevel,EACH_QUORUM,enum-constant,0,0,1,T1,needs-bridge,,,,,
public,core,com.datastax.oss.driver.api.core,DefaultConsistencyLevel,SERIAL,enum-constant,0,0,1,T1,needs-bridge,,,,,
public,core,com.datastax.oss.driver.api.core,DefaultConsistencyLevel,LOCAL_SERIAL,enum-constant,0,0,1,T1,needs-bridge,,,,,
public,core,com.datastax.oss.driver.api.core,DefaultConsistencyLevel,getProtocolCode(),method,0,0,1,T1,needs-bridge,,,,,
public,core,com.datastax.oss.driver.api.core,DefaultConsistencyLevel,fromCode(int),method,0,0,1,T1,needs-bridge,,,,,
public,core,com.datastax.oss.driver.api.core,DefaultConsistencyLevel,isDcLocal(),method,0,0,1,T1,needs-bridge,,,,,
public,core,com.datastax.oss.driver.api.core,DefaultConsistencyLevel,isSerial(),method,0,0,1,T1,needs-bridge,,,,,
public,core,com.datastax.oss.driver.api.core,DefaultConsistencyLevel,values(),method,0,0,1,T1,needs-bridge,,,,,
public,core,com.datastax.oss.driver.api.core,DefaultConsistencyLevel,valueOf(String),method,0,0,1,T1,needs-bridge,,,,,
public,core,com.datastax.oss.driver.api.core,DefaultProtocolVersion,V3,enum-constant,0,0,1,T1,needs-bridge,,,,,
public,core,com.datastax.oss.driver.api.core,DefaultProtocolVersion,V4,enum-constant,0,0,1,T1,needs-bridge,,,,,
public,core,com.datastax.oss.driver.api.core,DefaultProtocolVersion,V5,enum-constant,0,0,1,T1,needs-bridge,,,,,
public,core,com.datastax.oss.driver.api.core,DefaultProtocolVersion,V6,enum-constant,0,0,1,T1,needs-bridge,,,,,
public,core,com.datastax.oss.driver.api.core,DefaultProtocolVersion,getCode(),method,0,0,1,T1,needs-bridge,,,,,
public,core,com.datastax.oss.driver.api.core,DefaultProtocolVersion,isBeta(),method,0,0,1,T1,needs-bridge,,,,,
public,core,com.datastax.oss.driver.api.core,DefaultProtocolVersion,supportsShardingInfo(),method,0,0,1,T1,needs-bridge,,,,,
public,core,com.datastax.oss.driver.api.core,DefaultProtocolVersion,values(),method,0,0,1,T1,needs-bridge,,,,,
public,core,com.datastax.oss.driver.api.core,DefaultProtocolVersion,valueOf(String),method,0,0,1,T1,needs-bridge,,,,,
protected,core,com.datastax.oss.driver.api.core,DriverException,"DriverException(String, ExecutionInfo, Throwable, boolean)",constructor,0,0,1,T1,needs-bridge,,,,,
public,core,com.datastax.oss.driver.api.core,DriverException,getExecutionInfo(),method,0,0,1,T1,needs-bridge,,,,,
public,core,com.datastax.oss.driver.api.core,DriverException,setExecutionInfo(ExecutionInfo),method,0,0,1,T1,needs-bridge,,,,,
public,core,com.datastax.oss.driver.api.core,DriverException,copy(),method,0,0,1,T1,needs-bridge,,,,,
public,core,com.datastax.oss.driver.api.core,DriverExecutionException,DriverExecutionException(Throwable),constructor,0,0,1,T1,needs-bridge,,,,,
public,core,com.datastax.oss.driver.api.core,DriverExecutionException,copy(),method,0,0,1,T1,needs-bridge,,,,,
public,core,com.datastax.oss.driver.api.core,DriverTimeoutException,UNAVAILABLE,field,0,0,1,T1,needs-bridge,,,,,
public,core,com.datastax.oss.driver.api.core,DriverTimeoutException,DriverTimeoutException(String),constructor,0,0,1,T1,needs-bridge,,,,,
public,core,com.datastax.oss.driver.api.core,DriverTimeoutException,"DriverTimeoutException(String, NodeDiagnostics)",constructor,0,0,1,T1,needs-bridge,,,,,
public,core,com.datastax.oss.driver.api.core,DriverTimeoutException,getNodeDiagnostics(),method,0,0,1,T1,needs-bridge,,,,,
public,core,com.datastax.oss.driver.api.core,DriverTimeoutException,copy(),method,0,0,1,T1,needs-bridge,,,,,
public,core,com.datastax.oss.driver.api.core,DriverTimeoutException.NodeDiagnostics,"NodeDiagnostics(EndPoint, NodeState, NodeDistance, String, int, int, int, int, int)",constructor,0,0,1,T1,needs-bridge,,,,,
public,core,com.datastax.oss.driver.api.core,DriverTimeoutException.NodeDiagnostics,"NodeDiagnostics(EndPoint, NodeState, NodeDistance, String, int)",constructor,0,0,1,T1,needs-bridge,,,,,
public,core,com.datastax.oss.driver.api.core,DriverTimeoutException.NodeDiagnostics,"of(EndPoint, NodeState, NodeDistance, String, int, int, int, int, int)",method,0,0,1,T1,needs-bridge,,,,,
public,core,com.datastax.oss.driver.api.core,DriverTimeoutException.NodeDiagnostics,getEndPoint(),method,0,0,1,T1,needs-bridge,,,,,
public,core,com.datastax.oss.driver.api.core,DriverTimeoutException.NodeDiagnostics,getNodeState(),method,0,0,1,T1,needs-bridge,,,,,
public,core,com.datastax.oss.driver.api.core,DriverTimeoutException.NodeDiagnostics,getNodeDistance(),method,0,0,1,T1,needs-bridge,,,,,
public,core,com.datastax.oss.driver.api.core,DriverTimeoutException.NodeDiagnostics,getDatacenter(),method,0,0,1,T1,needs-bridge,,,,,
public,core,com.datastax.oss.driver.api.core,DriverTimeoutException.NodeDiagnostics,getChannelInFlight(),method,0,0,1,T1,needs-bridge,,,,,
public,core,com.datastax.oss.driver.api.core,DriverTimeoutException.NodeDiagnostics,getPoolSize(),method,0,0,1,T1,needs-bridge,,,,,
public,core,com.datastax.oss.driver.api.core,DriverTimeoutException.NodeDiagnostics,getPoolInFlight(),method,0,0,1,T1,needs-bridge,,,,,
public,core,com.datastax.oss.driver.api.core,DriverTimeoutException.NodeDiagnostics,getPoolAvailableIds(),method,0,0,1,T1,needs-bridge,,,,,
public,core,com.datastax.oss.driver.api.core,DriverTimeoutException.NodeDiagnostics,getPoolOrphanedIds(),method,0,0,1,T1,needs-bridge,,,,,
public,core,com.datastax.oss.driver.api.core,DriverTimeoutException.NodeDiagnostics,toString(),method,0,0,1,T1,needs-bridge,,,,,
public,core,com.datastax.oss.driver.api.core,InvalidKeyspaceException,InvalidKeyspaceException(String),constructor,0,0,1,T1,needs-bridge,,,,,
public,core,com.datastax.oss.driver.api.core,InvalidKeyspaceException,copy(),method,0,0,1,T1,needs-bridge,,,,,
public,core,com.datastax.oss.driver.api.core,MappedAsyncPagingIterable,"(interface, no declared members)",type,0,0,1,T1,needs-bridge,,,,,
public,core,com.datastax.oss.driver.api.core,MavenCoordinates,getGroupId(),method,0,0,1,T1,needs-bridge,,,,,
public,core,com.datastax.oss.driver.api.core,MavenCoordinates,getArtifactId(),method,0,0,1,T1,needs-bridge,,,,,
public,core,com.datastax.oss.driver.api.core,MavenCoordinates,getVersion(),method,0,0,1,T1,needs-bridge,,,,,
public,core,com.datastax.oss.driver.api.core,MavenCoordinates,getName(),method,0,0,1,T1,needs-bridge,,,,,
public,core,com.datastax.oss.driver.api.core,NoNodeAvailableException,NoNodeAvailableException(),constructor,0,0,1,T1,needs-bridge,,,,,
public,core,com.datastax.oss.driver.api.core,NoNodeAvailableException,copy(),method,0,0,1,T1,needs-bridge,,,,,
public,core,com.datastax.oss.driver.api.core,NodeUnavailableException,NodeUnavailableException(Node),constructor,0,0,1,T1,needs-bridge,,,,,
public,core,com.datastax.oss.driver.api.core,NodeUnavailableException,getNode(),method,0,0,1,T1,needs-bridge,,,,,
public,core,com.datastax.oss.driver.api.core,NodeUnavailableException,copy(),method,0,0,1,T1,needs-bridge,,,,,
public,core,com.datastax.oss.driver.api.core,PagingIterable,getColumnDefinitions(),method,0,0,1,T1,needs-bridge,,,,,
public,core,com.datastax.oss.driver.api.core,PagingIterable,getExecutionInfo(),method,0,0,1,T1,needs-bridge,,,,,
public,core,com.datastax.oss.driver.api.core,PagingIterable,getExecutionInfos(),method,0,0,1,T1,needs-bridge,,,,,
public,core,com.datastax.oss.driver.api.core,PagingIterable,one(),method,0,0,1,T1,needs-bridge,,,,,
public,core,com.datastax.oss.driver.api.core,PagingIterable,all(),method,0,0,1,T1,needs-bridge,,,,,
public,core,com.datastax.oss.driver.api.core,PagingIterable,isFullyFetched(),method,0,0,1,T1,needs-bridge,,,,,
public,core,com.datastax.oss.driver.api.core,PagingIterable,getAvailableWithoutFetching(),method,0,0,1,T1,needs-bridge,,,,,
public,core,com.datastax.oss.driver.api.core,PagingIterable,wasApplied(),method,0,0,1,T1,needs-bridge,,,,,
public,core,com.datastax.oss.driver.api.core,PagingIterable,map(Function),method,0,0,1,T1,needs-bridge,,,,,
public,core,com.datastax.oss.driver.api.core,PagingIterable,spliterator(),method,0,0,1,T1,needs-bridge,,,,,
public,core,com.datastax.oss.driver.api.core,ProtocolVersion,V3,field,0,0,1,T1,needs-bridge,,,,,
public,core,com.datastax.oss.driver.api.core,ProtocolVersion,V4,field,0,0,1,T1,needs-bridge,,,,,
public,core,com.datastax.oss.driver.api.core,ProtocolVersion,V5,field,0,0,1,T1,needs-bridge,,,,,
public,core,com.datastax.oss.driver.api.core,ProtocolVersion,V6,field,0,0,1,T1,needs-bridge,,,,,
public,core,com.datastax.oss.driver.api.core,ProtocolVersion,DEFAULT,field,0,0,1,T1,needs-bridge,,,,,
public,core,com.datastax.oss.driver.api.core,ProtocolVersion,getCode(),method,0,0,1,T1,needs-bridge,,,,,
public,core,com.datastax.oss.driver.api.core,ProtocolVersion,name(),method,0,0,1,T1,needs-bridge,,,,,
public,core,com.datastax.oss.driver.api.core,ProtocolVersion,isBeta(),method,0,0,1,T1,needs-bridge,,,,,
public,core,com.datastax.oss.driver.api.core,ProtocolVersion,supportsShardingInfo(),method,0,0,1,T1,needs-bridge,,,,,
public,core,com.datastax.oss.driver.api.core,RequestRoutingType,REGULAR,enum-constant,0,1,1,T1,needs-bridge,,,,,
public,core,com.datastax.oss.driver.api.core,RequestRoutingType,LWT,enum-constant,0,1,1,T1,needs-bridge,,,,,
public,core,com.datastax.oss.driver.api.core,RequestRoutingType,values(),method,0,1,1,T1,needs-bridge,,,,,
public,core,com.datastax.oss.driver.api.core,RequestRoutingType,valueOf(String),method,0,1,1,T1,needs-bridge,,,,,
public,core,com.datastax.oss.driver.api.core,RequestThrottlingException,RequestThrottlingException(String),constructor,0,0,1,T1,needs-bridge,,,,,
public,core,com.datastax.oss.driver.api.core,RequestThrottlingException,copy(),method,0,0,1,T1,needs-bridge,,,,,
public,core,com.datastax.oss.driver.api.core,UnsupportedProtocolVersionException,"forSingleAttempt(EndPoint, ProtocolVersion)",method,0,0,1,T1,needs-bridge,,,,,
public,core,com.datastax.oss.driver.api.core,UnsupportedProtocolVersionException,"forNegotiation(EndPoint, List)",method,0,0,1,T1,needs-bridge,,,,,
public,core,com.datastax.oss.driver.api.core,UnsupportedProtocolVersionException,"UnsupportedProtocolVersionException(EndPoint, String, List)",constructor,0,0,1,T1,needs-bridge,,,,,
public,core,com.datastax.oss.driver.api.core,UnsupportedProtocolVersionException,getEndPoint(),method,0,0,1,T1,needs-bridge,,,,,
public,core,com.datastax.oss.driver.api.core,UnsupportedProtocolVersionException,getAttemptedVersions(),method,0,0,1,T1,needs-bridge,,,,,
public,core,com.datastax.oss.driver.api.core,UnsupportedProtocolVersionException,copy(),method,0,0,1,T1,needs-bridge,,,,,
public,core,com.datastax.oss.driver.api.core,Version,V1_0_0,field,0,0,1,T1,needs-bridge,,,,,
public,core,com.datastax.oss.driver.api.core,Version,V2_1_0,field,0,0,1,T1,needs-bridge,,,,,
public,core,com.datastax.oss.driver.api.core,Version,V2_2_0,field,0,0,1,T1,needs-bridge,,,,,
public,core,com.datastax.oss.driver.api.core,Version,V3_0_0,field,0,0,1,T1,needs-bridge,,,,,
public,core,com.datastax.oss.driver.api.core,Version,V4_0_0,field,0,0,1,T1,needs-bridge,,,,,
public,core,com.datastax.oss.driver.api.core,Version,V4_1_0,field,0,0,1,T1,needs-bridge,,,,,
public,core,com.datastax.oss.driver.api.core,Version,V5_0_0,field,0,0,1,T1,needs-bridge,,,,,
public,core,com.datastax.oss.driver.api.core,Version,V6_7_0,field,0,0,1,T1,needs-bridge,,,,,
public,core,com.datastax.oss.driver.api.core,Version,V6_8_0,field,0,0,1,T1,needs-bridge,,,,,
public,core,com.datastax.oss.driver.api.core,Version,V6_9_0,field,0,0,1,T1,needs-bridge,,,,,
public,core,com.datastax.oss.driver.api.core,Version,parse(String),method,0,0,1,T1,needs-bridge,,,,,
public,core,com.datastax.oss.driver.api.core,Version,getMajor(),method,0,0,1,T1,needs-bridge,,,,,
public,core,com.datastax.oss.driver.api.core,Version,getMinor(),method,0,0,1,T1,needs-bridge,,,,,
public,core,com.datastax.oss.driver.api.core,Version,getPatch(),method,0,0,1,T1,needs-bridge,,,,,
public,core,com.datastax.oss.driver.api.core,Version,getDSEPatch(),method,0,0,1,T1,needs-bridge,,,,,
public,core,com.datastax.oss.driver.api.core,Version,getPreReleaseLabels(),method,0,0,1,T1,needs-bridge,,,,,
public,core,com.datastax.oss.driver.api.core,Version,getBuildLabel(),method,0,0,1,T1,needs-bridge,,,,,
public,core,com.datastax.oss.driver.api.core,Version,nextStable(),method,0,0,1,T1,needs-bridge,,,,,
public,core,com.datastax.oss.driver.api.core,Version,compareTo(Version),method,0,0,1,T1,needs-bridge,,,,,
public,core,com.datastax.oss.driver.api.core,Version,equals(Object),method,0,0,1,T1,needs-bridge,,,,,
public,core,com.datastax.oss.driver.api.core,Version,hashCode(),method,0,0,1,T1,needs-bridge,,,,,
public,core,com.datastax.oss.driver.api.core,Version,toString(),method,0,0,1,T1,needs-bridge,,,,,
public,core,com.datastax.oss.driver.api.core.addresstranslation,AddressTranslator,translate(InetSocketAddress),method,0,0,1,T1,needs-bridge,,,,,
public,core,com.datastax.oss.driver.api.core.addresstranslation,AddressTranslator,close(),method,0,0,1,T1,needs-bridge,,,,,
public,core,com.datastax.oss.driver.api.core.auth,AuthProvider,"newAuthenticator(EndPoint, String)",method,0,0,1,T1,needs-bridge,,,,,
public,core,com.datastax.oss.driver.api.core.auth,AuthProvider,onMissingChallenge(EndPoint),method,0,0,1,T1,needs-bridge,,,,,
public,core,com.datastax.oss.driver.api.core.auth,AuthenticationException,"AuthenticationException(EndPoint, String)",constructor,0,0,1,T1,needs-bridge,,,,,
public,core,com.datastax.oss.driver.api.core.auth,AuthenticationException,"AuthenticationException(EndPoint, String, Throwable)",constructor,0,0,1,T1,needs-bridge,,,,,
public,core,com.datastax.oss.driver.api.core.auth,AuthenticationException,getEndPoint(),method,0,0,1,T1,needs-bridge,,,,,
public,core,com.datastax.oss.driver.api.core.auth,Authenticator,initialResponse(),method,0,0,1,T1,needs-bridge,,,,,
public,core,com.datastax.oss.driver.api.core.auth,Authenticator,evaluateChallenge(ByteBuffer),method,0,0,1,T1,needs-bridge,,,,,
public,core,com.datastax.oss.driver.api.core.auth,Authenticator,onAuthenticationSuccess(ByteBuffer),method,0,0,1,T1,needs-bridge,,,,,
protected,core,com.datastax.oss.driver.api.core.auth,PlainTextAuthProviderBase,PlainTextAuthProviderBase(String),constructor,0,0,1,T1,needs-bridge,,,,,
protected,core,com.datastax.oss.driver.api.core.auth,PlainTextAuthProviderBase,"getCredentials(EndPoint, String)",method,0,0,1,T1,needs-bridge,,,,,
public,core,com.datastax.oss.driver.api.core.auth,PlainTextAuthProviderBase,"newAuthenticator(EndPoint, String)",method,0,0,1,T1,needs-bridge,,,,,
public,core,com.datastax.oss.driver.api.core.auth,PlainTextAuthProviderBase,onMissingChallenge(EndPoint),method,0,0,1,T1,needs-bridge,,,,,
public,core,com.datastax.oss.driver.api.core.auth,PlainTextAuthProviderBase,close(),method,0,0,1,T1,needs-bridge,,,,,
public,core,com.datastax.oss.driver.api.core.auth,PlainTextAuthProviderBase.Credentials,"Credentials(char[], char[], char[])",constructor,0,0,1,T1,needs-bridge,,,,,
public,core,com.datastax.oss.driver.api.core.auth,PlainTextAuthProviderBase.Credentials,"Credentials(char[], char[])",constructor,0,0,1,T1,needs-bridge,,,,,
public,core,com.datastax.oss.driver.api.core.auth,PlainTextAuthProviderBase.Credentials,getUsername(),method,0,0,1,T1,needs-bridge,,,,,
public,core,com.datastax.oss.driver.api.core.auth,PlainTextAuthProviderBase.Credentials,getAuthenticationId(),method,1,0,1,T1,needs-bridge,,,,,
public,core,com.datastax.oss.driver.api.core.auth,PlainTextAuthProviderBase.Credentials,getPassword(),method,0,0,1,T1,needs-bridge,,,,,
public,core,com.datastax.oss.driver.api.core.auth,PlainTextAuthProviderBase.Credentials,getAuthorizationId(),method,0,0,1,T1,needs-bridge,,,,,
protected,core,com.datastax.oss.driver.api.core.auth,PlainTextAuthProviderBase.Credentials,clear(),method,0,0,1,T1,needs-bridge,,,,,
protected,core,com.datastax.oss.driver.api.core.auth,PlainTextAuthProviderBase.PlainTextAuthenticator,"PlainTextAuthenticator(Credentials, EndPoint, String)",constructor,0,0,1,T1,needs-bridge,,,,,
protected,core,com.datastax.oss.driver.api.core.auth,PlainTextAuthProviderBase.PlainTextAuthenticator,PlainTextAuthenticator(Credentials),constructor,1,0,1,T1,needs-bridge,,,,,
public,core,com.datastax.oss.driver.api.core.auth,PlainTextAuthProviderBase.PlainTextAuthenticator,getInitialServerChallenge(),method,0,0,1,T1,needs-bridge,,,,,
public,core,com.datastax.oss.driver.api.core.auth,PlainTextAuthProviderBase.PlainTextAuthenticator,initialResponseSync(),method,0,0,1,T1,needs-bridge,,,,,
public,core,com.datastax.oss.driver.api.core.auth,PlainTextAuthProviderBase.PlainTextAuthenticator,onAuthenticationSuccessSync(ByteBuffer),method,0,0,1,T1,needs-bridge,,,,,
public,core,com.datastax.oss.driver.api.core.auth,PlainTextAuthProviderBase.PlainTextAuthenticator,evaluateChallengeSync(ByteBuffer),method,0,0,1,T1,needs-bridge,,,,,
public,core,com.datastax.oss.driver.api.core.auth,ProgrammaticPlainTextAuthProvider,"ProgrammaticPlainTextAuthProvider(String, String)",constructor,0,0,1,T1,needs-bridge,,,,,
public,core,com.datastax.oss.driver.api.core.auth,ProgrammaticPlainTextAuthProvider,"ProgrammaticPlainTextAuthProvider(String, String, String)",constructor,0,0,1,T1,needs-bridge,,,,,
public,core,com.datastax.oss.driver.api.core.auth,ProgrammaticPlainTextAuthProvider,setUsername(String),method,0,0,1,T1,needs-bridge,,,,,
public,core,com.datastax.oss.driver.api.core.auth,ProgrammaticPlainTextAuthProvider,setPassword(String),method,0,0,1,T1,needs-bridge,,,,,
public,core,com.datastax.oss.driver.api.core.auth,ProgrammaticPlainTextAuthProvider,setAuthorizationId(String),method,0,0,1,T1,needs-bridge,,,,,
protected,core,com.datastax.oss.driver.api.core.auth,ProgrammaticPlainTextAuthProvider,"getCredentials(EndPoint, String)",method,0,0,1,T1,needs-bridge,,,,,
public,core,com.datastax.oss.driver.api.core.auth,SyncAuthenticator,initialResponseSync(),method,0,0,1,T1,needs-bridge,,,,,
public,core,com.datastax.oss.driver.api.core.auth,SyncAuthenticator,evaluateChallengeSync(ByteBuffer),method,0,0,1,T1,needs-bridge,,,,,
public,core,com.datastax.oss.driver.api.core.auth,SyncAuthenticator,onAuthenticationSuccessSync(ByteBuffer),method,0,0,1,T1,needs-bridge,,,,,
public,core,com.datastax.oss.driver.api.core.auth,SyncAuthenticator,initialResponse(),method,0,0,1,T1,needs-bridge,,,,,
public,core,com.datastax.oss.driver.api.core.auth,SyncAuthenticator,evaluateChallenge(ByteBuffer),method,0,0,1,T1,needs-bridge,,,,,
public,core,com.datastax.oss.driver.api.core.auth,SyncAuthenticator,onAuthenticationSuccess(ByteBuffer),method,0,0,1,T1,needs-bridge,,,,,
public,core,com.datastax.oss.driver.api.core.config,ClientRouteProxy,ClientRouteProxy(String),constructor,0,1,1,T1,host-side,,,,,
public,core,com.datastax.oss.driver.api.core.config,ClientRouteProxy,"ClientRouteProxy(String, String)",constructor,0,1,1,T1,host-side,,,,,
public,core,com.datastax.oss.driver.api.core.config,ClientRouteProxy,getConnectionId(),method,0,1,1,T1,host-side,,,,,
public,core,com.datastax.oss.driver.api.core.config,ClientRouteProxy,getConnectionAddr(),method,1,1,1,T1,host-side,,,,,
public,core,com.datastax.oss.driver.api.core.config,ClientRouteProxy,getConnectionAddrOverride(),method,0,1,1,T1,host-side,,,,,
public,core,com.datastax.oss.driver.api.core.config,ClientRouteProxy,equals(Object),method,0,1,1,T1,host-side,,,,,
public,core,com.datastax.oss.driver.api.core.config,ClientRouteProxy,hashCode(),method,0,1,1,T1,host-side,,,,,
public,core,com.datastax.oss.driver.api.core.config,ClientRouteProxy,toString(),method,0,1,1,T1,host-side,,,,,
public,core,com.datastax.oss.driver.api.core.config,ClientRoutesConfig,DEFAULT_NATIVE_TRANSPORT_PORT,field,0,1,1,T1,host-side,,,,,
public,core,com.datastax.oss.driver.api.core.config,ClientRoutesConfig,getEndpoints(),method,0,1,1,T1,host-side,,,,,
public,core,com.datastax.oss.driver.api.core.config,ClientRoutesConfig,getTableName(),method,0,1,1,T1,host-side,,,,,
public,core,com.datastax.oss.driver.api.core.config,ClientRoutesConfig,getNativeTransportPort(),method,0,1,1,T1,host-side,,,,,
public,core,com.datastax.oss.driver.api.core.config,ClientRoutesConfig,isShardAwarenessEnabled(),method,0,1,1,T1,host-side,,,,,
public,core,com.datastax.oss.driver.api.core.config,ClientRoutesConfig,builder(),method,0,1,1,T1,host-side,,,,,
public,core,com.datastax.oss.driver.api.core.config,ClientRoutesConfig,equals(Object),method,0,1,1,T1,host-side,,,,,
public,core,com.datastax.oss.driver.api.core.config,ClientRoutesConfig,hashCode(),method,0,1,1,T1,host-side,,,,,
public,core,com.datastax.oss.driver.api.core.config,ClientRoutesConfig,toString(),method,0,1,1,T1,host-side,,,,,
public,core,com.datastax.oss.driver.api.core.config,ClientRoutesConfig.Builder,Builder(),constructor,0,1,1,T1,host-side,,,,,
public,core,com.datastax.oss.driver.api.core.config,ClientRoutesConfig.Builder,addEndpoint(ClientRouteProxy),method,0,1,1,T1,host-side,,,,,
public,core,com.datastax.oss.driver.api.core.config,ClientRoutesConfig.Builder,withEndpoints(List),method,0,1,1,T1,host-side,,,,,
public,core,com.datastax.oss.driver.api.core.config,ClientRoutesConfig.Builder,withNativeTransportPort(int),method,0,1,1,T1,host-side,,,,,
public,core,com.datastax.oss.driver.api.core.config,ClientRoutesConfig.Builder,withShardAwareness(boolean),method,0,1,1,T1,host-side,,,,,
public,core,com.datastax.oss.driver.api.core.config,ClientRoutesConfig.Builder,build(),method,0,1,1,T1,host-side,,,,,
public,core,com.datastax.oss.driver.api.core.config,DefaultDriverOption,CONTACT_POINTS,enum-constant,0,0,1,T1,host-side,,,,,
public,core,com.datastax.oss.driver.api.core.config,DefaultDriverOption,SESSION_NAME,enum-constant,0,0,1,T1,host-side,,,,,
public,core,com.datastax.oss.driver.api.core.config,DefaultDriverOption,SESSION_KEYSPACE,enum-constant,0,0,1,T1,host-side,,,,,
public,core,com.datastax.oss.driver.api.core.config,DefaultDriverOption,CONFIG_RELOAD_INTERVAL,enum-constant,0,0,1,T1,host-side,,,,,
public,core,com.datastax.oss.driver.api.core.config,DefaultDriverOption,REQUEST_TIMEOUT,enum-constant,0,0,1,T1,host-side,,,,,
public,core,com.datastax.oss.driver.api.core.config,DefaultDriverOption,REQUEST_CONSISTENCY,enum-constant,0,0,1,T1,host-side,,,,,
public,core,com.datastax.oss.driver.api.core.config,DefaultDriverOption,REQUEST_PAGE_SIZE,enum-constant,0,0,1,T1,host-side,,,,,
public,core,com.datastax.oss.driver.api.core.config,DefaultDriverOption,REQUEST_SERIAL_CONSISTENCY,enum-constant,0,0,1,T1,host-side,,,,,
public,core,com.datastax.oss.driver.api.core.config,DefaultDriverOption,REQUEST_DEFAULT_IDEMPOTENCE,enum-constant,0,0,1,T1,host-side,,,,,
public,core,com.datastax.oss.driver.api.core.config,DefaultDriverOption,LOAD_BALANCING_POLICY,enum-constant,0,0,1,T1,host-side,,,,,
public,core,com.datastax.oss.driver.api.core.config,DefaultDriverOption,LOAD_BALANCING_POLICY_CLASS,enum-constant,0,0,1,T1,host-side,,,,,
public,core,com.datastax.oss.driver.api.core.config,DefaultDriverOption,LOAD_BALANCING_LOCAL_DATACENTER,enum-constant,0,0,1,T1,host-side,,,,,
public,core,com.datastax.oss.driver.api.core.config,DefaultDriverOption,LOAD_BALANCING_LOCAL_RACK,enum-constant,0,0,1,T1,host-side,,,,,
public,core,com.datastax.oss.driver.api.core.config,DefaultDriverOption,LOAD_BALANCING_FILTER_CLASS,enum-constant,1,0,1,T1,host-side,,,,,
public,core,com.datastax.oss.driver.api.core.config,DefaultDriverOption,CONNECTION_INIT_QUERY_TIMEOUT,enum-constant,0,0,1,T1,host-side,,,,,
public,core,com.datastax.oss.driver.api.core.config,DefaultDriverOption,CONNECTION_SET_KEYSPACE_TIMEOUT,enum-constant,0,0,1,T1,host-side,,,,,
public,core,com.datastax.oss.driver.api.core.config,DefaultDriverOption,CONNECTION_MAX_REQUESTS,enum-constant,0,0,1,T1,host-side,,,,,
public,core,com.datastax.oss.driver.api.core.config,DefaultDriverOption,CONNECTION_MAX_ORPHAN_REQUESTS,enum-constant,0,0,1,T1,host-side,,,,,
public,core,com.datastax.oss.driver.api.core.config,DefaultDriverOption,CONNECTION_WARN_INIT_ERROR,enum-constant,0,0,1,T1,host-side,,,,,
public,core,com.datastax.oss.driver.api.core.config,DefaultDriverOption,CONNECTION_ADVANCED_SHARD_AWARENESS_ENABLED,enum-constant,0,0,1,T1,host-side,,,,,
public,core,com.datastax.oss.driver.api.core.config,DefaultDriverOption,ADVANCED_SHARD_AWARENESS_PORT_LOW,enum-constant,0,0,1,T1,host-side,,,,,
public,core,com.datastax.oss.driver.api.core.config,DefaultDriverOption,ADVANCED_SHARD_AWARENESS_PORT_HIGH,enum-constant,0,0,1,T1,host-side,,,,,
public,core,com.datastax.oss.driver.api.core.config,DefaultDriverOption,CONNECTION_POOL_LOCAL_SIZE,enum-constant,0,0,1,T1,host-side,,,,,
public,core,com.datastax.oss.driver.api.core.config,DefaultDriverOption,CONNECTION_POOL_REMOTE_SIZE,enum-constant,0,0,1,T1,host-side,,,,,
public,core,com.datastax.oss.driver.api.core.config,DefaultDriverOption,CONNECTION_POOL_INIT_BATCH_SIZE,enum-constant,0,0,1,T1,host-side,,,,,
public,core,com.datastax.oss.driver.api.core.config,DefaultDriverOption,RECONNECT_ON_INIT,enum-constant,0,0,1,T1,host-side,,,,,
public,core,com.datastax.oss.driver.api.core.config,DefaultDriverOption,RECONNECTION_POLICY_CLASS,enum-constant,0,0,1,T1,host-side,,,,,
public,core,com.datastax.oss.driver.api.core.config,DefaultDriverOption,RECONNECTION_BASE_DELAY,enum-constant,0,0,1,T1,host-side,,,,,
public,core,com.datastax.oss.driver.api.core.config,DefaultDriverOption,RECONNECTION_MAX_DELAY,enum-constant,0,0,1,T1,host-side,,,,,
public,core,com.datastax.oss.driver.api.core.config,DefaultDriverOption,RETRY_POLICY,enum-constant,0,0,1,T1,host-side,,,,,
public,core,com.datastax.oss.driver.api.core.config,DefaultDriverOption,RETRY_POLICY_CLASS,enum-constant,0,0,1,T1,host-side,,,,,
public,core,com.datastax.oss.driver.api.core.config,DefaultDriverOption,SPECULATIVE_EXECUTION_POLICY,enum-constant,0,0,1,T1,host-side,,,,,
public,core,com.datastax.oss.driver.api.core.config,DefaultDriverOption,SPECULATIVE_EXECUTION_POLICY_CLASS,enum-constant,0,0,1,T1,host-side,,,,,
public,core,com.datastax.oss.driver.api.core.config,DefaultDriverOption,SPECULATIVE_EXECUTION_MAX,enum-constant,0,0,1,T1,host-side,,,,,
public,core,com.datastax.oss.driver.api.core.config,DefaultDriverOption,SPECULATIVE_EXECUTION_DELAY,enum-constant,0,0,1,T1,host-side,,,,,
public,core,com.datastax.oss.driver.api.core.config,DefaultDriverOption,AUTH_PROVIDER_CLASS,enum-constant,0,0,1,T1,host-side,,,,,
public,core,com.datastax.oss.driver.api.core.config,DefaultDriverOption,AUTH_PROVIDER_USER_NAME,enum-constant,0,0,1,T1,host-side,,,,,
public,core,com.datastax.oss.driver.api.core.config,DefaultDriverOption,AUTH_PROVIDER_PASSWORD,enum-constant,0,0,1,T1,host-side,,,,,
public,core,com.datastax.oss.driver.api.core.config,DefaultDriverOption,SSL_ENGINE_FACTORY_CLASS,enum-constant,0,0,1,T1,host-side,,,,,
public,core,com.datastax.oss.driver.api.core.config,DefaultDriverOption,SSL_CIPHER_SUITES,enum-constant,0,0,1,T1,host-side,,,,,
public,core,com.datastax.oss.driver.api.core.config,DefaultDriverOption,SSL_HOSTNAME_VALIDATION,enum-constant,0,0,1,T1,host-side,,,,,
public,core,com.datastax.oss.driver.api.core.config,DefaultDriverOption,SSL_KEYSTORE_PATH,enum-constant,0,0,1,T1,host-side,,,,,
public,core,com.datastax.oss.driver.api.core.config,DefaultDriverOption,SSL_KEYSTORE_PASSWORD,enum-constant,0,0,1,T1,host-side,,,,,
public,core,com.datastax.oss.driver.api.core.config,DefaultDriverOption,SSL_TRUSTSTORE_PATH,enum-constant,0,0,1,T1,host-side,,,,,
public,core,com.datastax.oss.driver.api.core.config,DefaultDriverOption,SSL_TRUSTSTORE_PASSWORD,enum-constant,0,0,1,T1,host-side,,,,,
public,core,com.datastax.oss.driver.api.core.config,DefaultDriverOption,TIMESTAMP_GENERATOR_CLASS,enum-constant,0,0,1,T1,host-side,,,,,
public,core,com.datastax.oss.driver.api.core.config,DefaultDriverOption,TIMESTAMP_GENERATOR_FORCE_JAVA_CLOCK,enum-constant,0,0,1,T1,host-side,,,,,
public,core,com.datastax.oss.driver.api.core.config,DefaultDriverOption,TIMESTAMP_GENERATOR_DRIFT_WARNING_THRESHOLD,enum-constant,0,0,1,T1,host-side,,,,,
public,core,com.datastax.oss.driver.api.core.config,DefaultDriverOption,TIMESTAMP_GENERATOR_DRIFT_WARNING_INTERVAL,enum-constant,0,0,1,T1,host-side,,,,,
public,core,com.datastax.oss.driver.api.core.config,DefaultDriverOption,REQUEST_TRACKER_CLASS,enum-constant,1,0,1,T1,host-side,,,,,
public,core,com.datastax.oss.driver.api.core.config,DefaultDriverOption,REQUEST_LOGGER_SUCCESS_ENABLED,enum-constant,0,0,1,T1,host-side,,,,,
public,core,com.datastax.oss.driver.api.core.config,DefaultDriverOption,REQUEST_LOGGER_SLOW_THRESHOLD,enum-constant,0,0,1,T1,host-side,,,,,
public,core,com.datastax.oss.driver.api.core.config,DefaultDriverOption,REQUEST_LOGGER_SLOW_ENABLED,enum-constant,0,0,1,T1,host-side,,,,,
public,core,com.datastax.oss.driver.api.core.config,DefaultDriverOption,REQUEST_LOGGER_ERROR_ENABLED,enum-constant,0,0,1,T1,host-side,,,,,
public,core,com.datastax.oss.driver.api.core.config,DefaultDriverOption,REQUEST_LOGGER_MAX_QUERY_LENGTH,enum-constant,0,0,1,T1,host-side,,,,,
public,core,com.datastax.oss.driver.api.core.config,DefaultDriverOption,REQUEST_LOGGER_VALUES,enum-constant,0,0,1,T1,host-side,,,,,
public,core,com.datastax.oss.driver.api.core.config,DefaultDriverOption,REQUEST_LOGGER_MAX_VALUE_LENGTH,enum-constant,0,0,1,T1,host-side,,,,,
public,core,com.datastax.oss.driver.api.core.config,DefaultDriverOption,REQUEST_LOGGER_MAX_VALUES,enum-constant,0,0,1,T1,host-side,,,,,
public,core,com.datastax.oss.driver.api.core.config,DefaultDriverOption,REQUEST_LOGGER_STACK_TRACES,enum-constant,0,0,1,T1,host-side,,,,,
public,core,com.datastax.oss.driver.api.core.config,DefaultDriverOption,REQUEST_THROTTLER_CLASS,enum-constant,0,0,1,T1,host-side,,,,,
public,core,com.datastax.oss.driver.api.core.config,DefaultDriverOption,REQUEST_THROTTLER_MAX_CONCURRENT_REQUESTS,enum-constant,0,0,1,T1,host-side,,,,,
public,core,com.datastax.oss.driver.api.core.config,DefaultDriverOption,REQUEST_THROTTLER_MAX_REQUESTS_PER_SECOND,enum-constant,0,0,1,T1,host-side,,,,,
public,core,com.datastax.oss.driver.api.core.config,DefaultDriverOption,REQUEST_THROTTLER_MAX_QUEUE_SIZE,enum-constant,0,0,1,T1,host-side,,,,,
public,core,com.datastax.oss.driver.api.core.config,DefaultDriverOption,REQUEST_THROTTLER_DRAIN_INTERVAL,enum-constant,0,0,1,T1,host-side,,,,,
public,core,com.datastax.oss.driver.api.core.config,DefaultDriverOption,METADATA_NODE_STATE_LISTENER_CLASS,enum-constant,1,0,1,T1,host-side,,,,,
public,core,com.datastax.oss.driver.api.core.config,DefaultDriverOption,METADATA_SCHEMA_CHANGE_LISTENER_CLASS,enum-constant,1,0,1,T1,host-side,,,,,
public,core,com.datastax.oss.driver.api.core.config,DefaultDriverOption,ADDRESS_TRANSLATOR_CLASS,enum-constant,0,0,1,T1,host-side,,,,,
public,core,com.datastax.oss.driver.api.core.config,DefaultDriverOption,PROTOCOL_VERSION,enum-constant,0,0,1,T1,host-side,,,,,
public,core,com.datastax.oss.driver.api.core.config,DefaultDriverOption,PROTOCOL_COMPRESSION,enum-constant,0,0,1,T1,host-side,,,,,
public,core,com.datastax.oss.driver.api.core.config,DefaultDriverOption,PROTOCOL_MAX_FRAME_LENGTH,enum-constant,0,0,1,T1,host-side,,,,,
public,core,com.datastax.oss.driver.api.core.config,DefaultDriverOption,REQUEST_WARN_IF_SET_KEYSPACE,enum-constant,0,0,1,T1,host-side,,,,,
public,core,com.datastax.oss.driver.api.core.config,DefaultDriverOption,REQUEST_TRACE_ATTEMPTS,enum-constant,0,0,1,T1,host-side,,,,,
public,core,com.datastax.oss.driver.api.core.config,DefaultDriverOption,REQUEST_TRACE_INTERVAL,enum-constant,0,0,1,T1,host-side,,,,,
public,core,com.datastax.oss.driver.api.core.config,DefaultDriverOption,REQUEST_TRACE_CONSISTENCY,enum-constant,0,0,1,T1,host-side,,,,,
public,core,com.datastax.oss.driver.api.core.config,DefaultDriverOption,METRICS_SESSION_ENABLED,enum-constant,0,0,1,T1,host-side,,,,,
public,core,com.datastax.oss.driver.api.core.config,DefaultDriverOption,METRICS_NODE_ENABLED,enum-constant,0,0,1,T1,host-side,,,,,
public,core,com.datastax.oss.driver.api.core.config,DefaultDriverOption,METRICS_SESSION_CQL_REQUESTS_HIGHEST,enum-constant,0,0,1,T1,host-side,,,,,
public,core,com.datastax.oss.driver.api.core.config,DefaultDriverOption,METRICS_SESSION_CQL_REQUESTS_DIGITS,enum-constant,0,0,1,T1,host-side,,,,,
public,core,com.datastax.oss.driver.api.core.config,DefaultDriverOption,METRICS_SESSION_CQL_REQUESTS_INTERVAL,enum-constant,0,0,1,T1,host-side,,,,,
public,core,com.datastax.oss.driver.api.core.config,DefaultDriverOption,METRICS_SESSION_THROTTLING_HIGHEST,enum-constant,0,0,1,T1,host-side,,,,,
public,core,com.datastax.oss.driver.api.core.config,DefaultDriverOption,METRICS_SESSION_THROTTLING_DIGITS,enum-constant,0,0,1,T1,host-side,,,,,
public,core,com.datastax.oss.driver.api.core.config,DefaultDriverOption,METRICS_SESSION_THROTTLING_INTERVAL,enum-constant,0,0,1,T1,host-side,,,,,
public,core,com.datastax.oss.driver.api.core.config,DefaultDriverOption,METRICS_NODE_CQL_MESSAGES_HIGHEST,enum-constant,0,0,1,T1,host-side,,,,,
public,core,com.datastax.oss.driver.api.core.config,DefaultDriverOption,METRICS_NODE_CQL_MESSAGES_DIGITS,enum-constant,0,0,1,T1,host-side,,,,,
public,core,com.datastax.oss.driver.api.core.config,DefaultDriverOption,METRICS_NODE_CQL_MESSAGES_INTERVAL,enum-constant,0,0,1,T1,host-side,,,,,
public,core,com.datastax.oss.driver.api.core.config,DefaultDriverOption,SOCKET_TCP_NODELAY,enum-constant,0,0,1,T1,host-side,,,,,
public,core,com.datastax.oss.driver.api.core.config,DefaultDriverOption,SOCKET_KEEP_ALIVE,enum-constant,0,0,1,T1,host-side,,,,,
public,core,com.datastax.oss.driver.api.core.config,DefaultDriverOption,SOCKET_REUSE_ADDRESS,enum-constant,0,0,1,T1,host-side,,,,,
public,core,com.datastax.oss.driver.api.core.config,DefaultDriverOption,SOCKET_LINGER_INTERVAL,enum-constant,0,0,1,T1,host-side,,,,,
public,core,com.datastax.oss.driver.api.core.config,DefaultDriverOption,SOCKET_RECEIVE_BUFFER_SIZE,enum-constant,0,0,1,T1,host-side,,,,,
public,core,com.datastax.oss.driver.api.core.config,DefaultDriverOption,SOCKET_SEND_BUFFER_SIZE,enum-constant,0,0,1,T1,host-side,,,,,
public,core,com.datastax.oss.driver.api.core.config,DefaultDriverOption,HEARTBEAT_INTERVAL,enum-constant,0,0,1,T1,host-side,,,,,
public,core,com.datastax.oss.driver.api.core.config,DefaultDriverOption,HEARTBEAT_TIMEOUT,enum-constant,0,0,1,T1,host-side,,,,,
public,core,com.datastax.oss.driver.api.core.config,DefaultDriverOption,METADATA_ALLOW_ZERO_TOKEN_PEERS,enum-constant,0,0,1,T1,host-side,,,,,
public,core,com.datastax.oss.driver.api.core.config,DefaultDriverOption,METADATA_TOPOLOGY_WINDOW,enum-constant,0,0,1,T1,host-side,,,,,
public,core,com.datastax.oss.driver.api.core.config,DefaultDriverOption,METADATA_TOPOLOGY_MAX_EVENTS,enum-constant,0,0,1,T1,host-side,,,,,
public,core,com.datastax.oss.driver.api.core.config,DefaultDriverOption,METADATA_SCHEMA_ENABLED,enum-constant,0,0,1,T1,host-side,,,,,
public,core,com.datastax.oss.driver.api.core.config,DefaultDriverOption,METADATA_SCHEMA_REQUEST_TIMEOUT,enum-constant,0,0,1,T1,host-side,,,,,
public,core,com.datastax.oss.driver.api.core.config,DefaultDriverOption,METADATA_SCHEMA_REQUEST_PAGE_SIZE,enum-constant,0,0,1,T1,host-side,,,,,
public,core,com.datastax.oss.driver.api.core.config,DefaultDriverOption,METADATA_SCHEMA_REFRESHED_KEYSPACES,enum-constant,0,0,1,T1,host-side,,,,,
public,core,com.datastax.oss.driver.api.core.config,DefaultDriverOption,METADATA_SCHEMA_WINDOW,enum-constant,0,0,1,T1,host-side,,,,,
public,core,com.datastax.oss.driver.api.core.config,DefaultDriverOption,METADATA_SCHEMA_MAX_EVENTS,enum-constant,0,0,1,T1,host-side,,,,,
public,core,com.datastax.oss.driver.api.core.config,DefaultDriverOption,METADATA_TOKEN_MAP_ENABLED,enum-constant,0,0,1,T1,host-side,,,,,
public,core,com.datastax.oss.driver.api.core.config,DefaultDriverOption,CONTROL_CONNECTION_TIMEOUT,enum-constant,0,0,1,T1,host-side,,,,,
public,core,com.datastax.oss.driver.api.core.config,DefaultDriverOption,CONTROL_CONNECTION_AGREEMENT_INTERVAL,enum-constant,0,0,1,T1,host-side,,,,,
public,core,com.datastax.oss.driver.api.core.config,DefaultDriverOption,CONTROL_CONNECTION_AGREEMENT_TIMEOUT,enum-constant,0,0,1,T1,host-side,,,,,
public,core,com.datastax.oss.driver.api.core.config,DefaultDriverOption,CONTROL_CONNECTION_AGREEMENT_WARN,enum-constant,0,0,1,T1,host-side,,,,,
public,core,com.datastax.oss.driver.api.core.config,DefaultDriverOption,CONTROL_CONNECTION_RECONNECT_CONTACT_POINTS,enum-constant,0,0,1,T1,host-side,,,,,
public,core,com.datastax.oss.driver.api.core.config,DefaultDriverOption,PREPARE_ON_ALL_NODES,enum-constant,0,0,1,T1,host-side,,,,,
public,core,com.datastax.oss.driver.api.core.config,DefaultDriverOption,PREPARE_SKIP_CQL4_METADATA_RESOLVE_METHOD,enum-constant,0,0,1,T1,host-side,,,,,
public,core,com.datastax.oss.driver.api.core.config,DefaultDriverOption,REPREPARE_ENABLED,enum-constant,0,0,1,T1,host-side,,,,,
public,core,com.datastax.oss.driver.api.core.config,DefaultDriverOption,REPREPARE_CHECK_SYSTEM_TABLE,enum-constant,0,0,1,T1,host-side,,,,,
public,core,com.datastax.oss.driver.api.core.config,DefaultDriverOption,REPREPARE_MAX_STATEMENTS,enum-constant,0,0,1,T1,host-side,,,,,
public,core,com.datastax.oss.driver.api.core.config,DefaultDriverOption,REPREPARE_MAX_PARALLELISM,enum-constant,0,0,1,T1,host-side,,,,,
public,core,com.datastax.oss.driver.api.core.config,DefaultDriverOption,REPREPARE_TIMEOUT,enum-constant,0,0,1,T1,host-side,,,,,
public,core,com.datastax.oss.driver.api.core.config,DefaultDriverOption,NETTY_IO_SIZE,enum-constant,0,0,1,T1,host-side,,,,,
public,core,com.datastax.oss.driver.api.core.config,DefaultDriverOption,NETTY_IO_SHUTDOWN_QUIET_PERIOD,enum-constant,0,0,1,T1,host-side,,,,,
public,core,com.datastax.oss.driver.api.core.config,DefaultDriverOption,NETTY_IO_SHUTDOWN_TIMEOUT,enum-constant,0,0,1,T1,host-side,,,,,
public,core,com.datastax.oss.driver.api.core.config,DefaultDriverOption,NETTY_IO_SHUTDOWN_UNIT,enum-constant,0,0,1,T1,host-side,,,,,
public,core,com.datastax.oss.driver.api.core.config,DefaultDriverOption,NETTY_ADMIN_SIZE,enum-constant,0,0,1,T1,host-side,,,,,
public,core,com.datastax.oss.driver.api.core.config,DefaultDriverOption,NETTY_ADMIN_SHUTDOWN_QUIET_PERIOD,enum-constant,0,0,1,T1,host-side,,,,,
public,core,com.datastax.oss.driver.api.core.config,DefaultDriverOption,NETTY_ADMIN_SHUTDOWN_TIMEOUT,enum-constant,0,0,1,T1,host-side,,,,,
public,core,com.datastax.oss.driver.api.core.config,DefaultDriverOption,NETTY_ADMIN_SHUTDOWN_UNIT,enum-constant,0,0,1,T1,host-side,,,,,
public,core,com.datastax.oss.driver.api.core.config,DefaultDriverOption,COALESCER_MAX_RUNS,enum-constant,1,0,1,T1,host-side,,,,,
public,core,com.datastax.oss.driver.api.core.config,DefaultDriverOption,COALESCER_INTERVAL,enum-constant,0,0,1,T1,host-side,,,,,
public,core,com.datastax.oss.driver.api.core.config,DefaultDriverOption,RESOLVE_CONTACT_POINTS,enum-constant,0,0,1,T1,host-side,,,,,
public,core,com.datastax.oss.driver.api.core.config,DefaultDriverOption,NETTY_TIMER_TICK_DURATION,enum-constant,0,0,1,T1,host-side,,,,,
public,core,com.datastax.oss.driver.api.core.config,DefaultDriverOption,NETTY_TIMER_TICKS_PER_WHEEL,enum-constant,0,0,1,T1,host-side,,,,,
public,core,com.datastax.oss.driver.api.core.config,DefaultDriverOption,REQUEST_LOG_WARNINGS,enum-constant,0,0,1,T1,host-side,,,,,
public,core,com.datastax.oss.driver.api.core.config,DefaultDriverOption,NETTY_DAEMON,enum-constant,0,0,1,T1,host-side,,,,,
public,core,com.datastax.oss.driver.api.core.config,DefaultDriverOption,CLOUD_SECURE_CONNECT_BUNDLE,enum-constant,0,0,1,T1,host-side,,,,,
public,core,com.datastax.oss.driver.api.core.config,DefaultDriverOption,LOAD_BALANCING_POLICY_SLOW_AVOIDANCE,enum-constant,0,0,1,T1,host-side,,,,,
public,core,com.datastax.oss.driver.api.core.config,DefaultDriverOption,CONNECTION_CONNECT_TIMEOUT,enum-constant,0,0,1,T1,host-side,,,,,
public,core,com.datastax.oss.driver.api.core.config,DefaultDriverOption,SESSION_LEAK_THRESHOLD,enum-constant,0,0,1,T1,host-side,,,,,
public,core,com.datastax.oss.driver.api.core.config,DefaultDriverOption,METRICS_NODE_EXPIRE_AFTER,enum-constant,0,0,1,T1,host-side,,,,,
public,core,com.datastax.oss.driver.api.core.config,DefaultDriverOption,METRICS_FACTORY_CLASS,enum-constant,0,0,1,T1,host-side,,,,,
public,core,com.datastax.oss.driver.api.core.config,DefaultDriverOption,LOAD_BALANCING_DC_FAILOVER_MAX_NODES_PER_REMOTE_DC,enum-constant,0,0,1,T1,host-side,,,,,
public,core,com.datastax.oss.driver.api.core.config,DefaultDriverOption,LOAD_BALANCING_DC_FAILOVER_ALLOW_FOR_LOCAL_CONSISTENCY_LEVELS,enum-constant,0,0,1,T1,host-side,,,,,
public,core,com.datastax.oss.driver.api.core.config,DefaultDriverOption,METRICS_ID_GENERATOR_CLASS,enum-constant,0,0,1,T1,host-side,,,,,
public,core,com.datastax.oss.driver.api.core.config,DefaultDriverOption,METRICS_ID_GENERATOR_PREFIX,enum-constant,0,0,1,T1,host-side,,,,,
public,core,com.datastax.oss.driver.api.core.config,DefaultDriverOption,LOAD_BALANCING_DISTANCE_EVALUATOR_CLASS,enum-constant,0,0,1,T1,host-side,,,,,
public,core,com.datastax.oss.driver.api.core.config,DefaultDriverOption,METRICS_SESSION_CQL_REQUESTS_LOWEST,enum-constant,0,0,1,T1,host-side,,,,,
public,core,com.datastax.oss.driver.api.core.config,DefaultDriverOption,METRICS_SESSION_CQL_REQUESTS_SLO,enum-constant,0,0,1,T1,host-side,,,,,
public,core,com.datastax.oss.driver.api.core.config,DefaultDriverOption,METRICS_SESSION_THROTTLING_LOWEST,enum-constant,0,0,1,T1,host-side,,,,,
public,core,com.datastax.oss.driver.api.core.config,DefaultDriverOption,METRICS_SESSION_THROTTLING_SLO,enum-constant,0,0,1,T1,host-side,,,,,
public,core,com.datastax.oss.driver.api.core.config,DefaultDriverOption,METRICS_NODE_CQL_MESSAGES_LOWEST,enum-constant,0,0,1,T1,host-side,,,,,
public,core,com.datastax.oss.driver.api.core.config,DefaultDriverOption,METRICS_NODE_CQL_MESSAGES_SLO,enum-constant,0,0,1,T1,host-side,,,,,
public,core,com.datastax.oss.driver.api.core.config,DefaultDriverOption,PREPARED_CACHE_WEAK_VALUES,enum-constant,0,0,1,T1,host-side,,,,,
public,core,com.datastax.oss.driver.api.core.config,DefaultDriverOption,REQUEST_TRACKER_CLASSES,enum-constant,0,0,1,T1,host-side,,,,,
public,core,com.datastax.oss.driver.api.core.config,DefaultDriverOption,METADATA_NODE_STATE_LISTENER_CLASSES,enum-constant,0,0,1,T1,host-side,,,,,
public,core,com.datastax.oss.driver.api.core.config,DefaultDriverOption,METADATA_SCHEMA_CHANGE_LISTENER_CLASSES,enum-constant,0,0,1,T1,host-side,,,,,
public,core,com.datastax.oss.driver.api.core.config,DefaultDriverOption,METRICS_SESSION_CQL_REQUESTS_PUBLISH_PERCENTILES,enum-constant,0,0,1,T1,host-side,,,,,
public,core,com.datastax.oss.driver.api.core.config,DefaultDriverOption,METRICS_NODE_CQL_MESSAGES_PUBLISH_PERCENTILES,enum-constant,0,0,1,T1,host-side,,,,,
public,core,com.datastax.oss.driver.api.core.config,DefaultDriverOption,METRICS_SESSION_THROTTLING_PUBLISH_PERCENTILES,enum-constant,0,0,1,T1,host-side,,,,,
public,core,com.datastax.oss.driver.api.core.config,DefaultDriverOption,METRICS_GENERATE_AGGREGABLE_HISTOGRAMS,enum-constant,0,0,1,T1,host-side,,,,,
public,core,com.datastax.oss.driver.api.core.config,DefaultDriverOption,SSL_KEYSTORE_RELOAD_INTERVAL,enum-constant,0,0,1,T1,host-side,,,,,
public,core,com.datastax.oss.driver.api.core.config,DefaultDriverOption,LOAD_BALANCING_DC_FAILOVER_PREFERRED_REMOTE_DCS,enum-constant,0,0,1,T1,host-side,,,,,
public,core,com.datastax.oss.driver.api.core.config,DefaultDriverOption,LOAD_BALANCING_DEFAULT_LWT_REQUEST_ROUTING_METHOD,enum-constant,0,0,1,T1,host-side,,,,,
public,core,com.datastax.oss.driver.api.core.config,DefaultDriverOption,CLIENT_ROUTES_ENDPOINTS,enum-constant,0,0,1,T1,host-side,,,,,
public,core,com.datastax.oss.driver.api.core.config,DefaultDriverOption,CLIENT_ROUTES_NATIVE_TRANSPORT_PORT,enum-constant,0,0,1,T1,host-side,,,,,
public,core,com.datastax.oss.driver.api.core.config,DefaultDriverOption,CLIENT_ROUTES_SHARD_AWARENESS_ENABLED,enum-constant,0,0,1,T1,host-side,,,,,
public,core,com.datastax.oss.driver.api.core.config,DefaultDriverOption,SSL_ALLOW_DNS_REVERSE_LOOKUP_SAN,enum-constant,0,0,1,T1,host-side,,,,,
public,core,com.datastax.oss.driver.api.core.config,DefaultDriverOption,REQUEST_ID_GENERATOR_CLASS,enum-constant,0,0,1,T1,host-side,,,,,
public,core,com.datastax.oss.driver.api.core.config,DefaultDriverOption,ADDRESS_TRANSLATOR_ADVERTISED_HOSTNAME,enum-constant,0,0,1,T1,host-side,,,,,
public,core,com.datastax.oss.driver.api.core.config,DefaultDriverOption,ADDRESS_TRANSLATOR_SUBNET_ADDRESSES,enum-constant,0,0,1,T1,host-side,,,,,
public,core,com.datastax.oss.driver.api.core.config,DefaultDriverOption,ADDRESS_TRANSLATOR_DEFAULT_ADDRESS,enum-constant,0,0,1,T1,host-side,,,,,
public,core,com.datastax.oss.driver.api.core.config,DefaultDriverOption,ADDRESS_TRANSLATOR_RESOLVE_ADDRESSES,enum-constant,0,0,1,T1,host-side,,,,,
public,core,com.datastax.oss.driver.api.core.config,DefaultDriverOption,DRIVER_CONFIG_REPORTING_ENABLED,enum-constant,0,0,1,T1,host-side,,,,,
public,core,com.datastax.oss.driver.api.core.config,DefaultDriverOption,APPLICATION_NAME,enum-constant,0,0,1,T1,host-side,,,,,
public,core,com.datastax.oss.driver.api.core.config,DefaultDriverOption,APPLICATION_VERSION,enum-constant,0,0,1,T1,host-side,,,,,
public,core,com.datastax.oss.driver.api.core.config,DefaultDriverOption,getPath(),method,0,0,1,T1,host-side,,,,,
public,core,com.datastax.oss.driver.api.core.config,DefaultDriverOption,values(),method,0,0,1,T1,host-side,,,,,
public,core,com.datastax.oss.driver.api.core.config,DefaultDriverOption,valueOf(String),method,0,0,1,T1,host-side,,,,,
public,core,com.datastax.oss.driver.api.core.config,DriverConfig,getDefaultProfile(),method,0,0,1,T1,host-side,,,,,
public,core,com.datastax.oss.driver.api.core.config,DriverConfig,getProfile(String),method,0,0,1,T1,host-side,,,,,
public,core,com.datastax.oss.driver.api.core.config,DriverConfig,getProfiles(),method,0,0,1,T1,host-side,,,,,
public,core,com.datastax.oss.driver.api.core.config,DriverConfigLoader,fromDefaults(ClassLoader),method,0,0,1,T1,host-side,,,,,
public,core,com.datastax.oss.driver.api.core.config,DriverConfigLoader,fromClasspath(String),method,0,0,1,T1,host-side,,,,,
public,core,com.datastax.oss.driver.api.core.config,DriverConfigLoader,"fromClasspath(String, ClassLoader)",method,0,0,1,T1,host-side,,,,,
public,core,com.datastax.oss.driver.api.core.config,DriverConfigLoader,fromPath(Path),method,0,0,1,T1,host-side,,,,,
public,core,com.datastax.oss.driver.api.core.config,DriverConfigLoader,fromFile(File),method,0,0,1,T1,host-side,,,,,
public,core,com.datastax.oss.driver.api.core.config,DriverConfigLoader,fromUrl(URL),method,0,0,1,T1,host-side,,,,,
public,core,com.datastax.oss.driver.api.core.config,DriverConfigLoader,fromString(String),method,0,0,1,T1,host-side,,,,,
public,core,com.datastax.oss.driver.api.core.config,DriverConfigLoader,programmaticBuilder(),method,0,0,1,T1,host-side,,,,,
public,core,com.datastax.oss.driver.api.core.config,DriverConfigLoader,programmaticBuilder(ClassLoader),method,0,0,1,T1,host-side,,,,,
public,core,com.datastax.oss.driver.api.core.config,DriverConfigLoader,fromMap(OptionsMap),method,0,0,1,T1,host-side,,,,,
public,core,com.datastax.oss.driver.api.core.config,DriverConfigLoader,"compose(DriverConfigLoader, DriverConfigLoader)",method,0,0,1,T1,host-side,,,,,
public,core,com.datastax.oss.driver.api.core.config,DriverConfigLoader,getInitialConfig(),method,0,0,1,T1,host-side,,,,,
public,core,com.datastax.oss.driver.api.core.config,DriverConfigLoader,onDriverInit(DriverContext),method,0,0,1,T1,host-side,,,,,
public,core,com.datastax.oss.driver.api.core.config,DriverConfigLoader,reload(),method,0,0,1,T1,host-side,,,,,
public,core,com.datastax.oss.driver.api.core.config,DriverConfigLoader,supportsReloading(),method,0,0,1,T1,host-side,,,,,
public,core,com.datastax.oss.driver.api.core.config,DriverConfigLoader,close(),method,0,0,1,T1,host-side,,,,,
public,core,com.datastax.oss.driver.api.core.config,DriverExecutionProfile,DEFAULT_NAME,field,0,0,1,T1,host-side,,,,,
public,core,com.datastax.oss.driver.api.core.config,DriverExecutionProfile,getName(),method,0,0,1,T1,host-side,,,,,
public,core,com.datastax.oss.driver.api.core.config,DriverExecutionProfile,isDefined(DriverOption),method,0,0,1,T1,host-side,,,,,
public,core,com.datastax.oss.driver.api.core.config,DriverExecutionProfile,getBoolean(DriverOption),method,0,0,1,T1,host-side,,,,,
public,core,com.datastax.oss.driver.api.core.config,DriverExecutionProfile,"getBoolean(DriverOption, boolean)",method,0,0,1,T1,host-side,,,,,
public,core,com.datastax.oss.driver.api.core.config,DriverExecutionProfile,getBooleanList(DriverOption),method,0,0,1,T1,host-side,,,,,
public,core,com.datastax.oss.driver.api.core.config,DriverExecutionProfile,"getBooleanList(DriverOption, List)",method,0,0,1,T1,host-side,,,,,
public,core,com.datastax.oss.driver.api.core.config,DriverExecutionProfile,getInt(DriverOption),method,0,0,1,T1,host-side,,,,,
public,core,com.datastax.oss.driver.api.core.config,DriverExecutionProfile,"getInt(DriverOption, int)",method,0,0,1,T1,host-side,,,,,
public,core,com.datastax.oss.driver.api.core.config,DriverExecutionProfile,getIntList(DriverOption),method,0,0,1,T1,host-side,,,,,
public,core,com.datastax.oss.driver.api.core.config,DriverExecutionProfile,"getIntList(DriverOption, List)",method,0,0,1,T1,host-side,,,,,
public,core,com.datastax.oss.driver.api.core.config,DriverExecutionProfile,getLong(DriverOption),method,0,0,1,T1,host-side,,,,,
public,core,com.datastax.oss.driver.api.core.config,DriverExecutionProfile,"getLong(DriverOption, long)",method,0,0,1,T1,host-side,,,,,
public,core,com.datastax.oss.driver.api.core.config,DriverExecutionProfile,getLongList(DriverOption),method,0,0,1,T1,host-side,,,,,
public,core,com.datastax.oss.driver.api.core.config,DriverExecutionProfile,"getLongList(DriverOption, List)",method,0,0,1,T1,host-side,,,,,
public,core,com.datastax.oss.driver.api.core.config,DriverExecutionProfile,getDouble(DriverOption),method,0,0,1,T1,host-side,,,,,
public,core,com.datastax.oss.driver.api.core.config,DriverExecutionProfile,"getDouble(DriverOption, double)",method,0,0,1,T1,host-side,,,,,
public,core,com.datastax.oss.driver.api.core.config,DriverExecutionProfile,getDoubleList(DriverOption),method,0,0,1,T1,host-side,,,,,
public,core,com.datastax.oss.driver.api.core.config,DriverExecutionProfile,"getDoubleList(DriverOption, List)",method,0,0,1,T1,host-side,,,,,
public,core,com.datastax.oss.driver.api.core.config,DriverExecutionProfile,getString(DriverOption),method,0,0,1,T1,host-side,,,,,
public,core,com.datastax.oss.driver.api.core.config,DriverExecutionProfile,"getString(DriverOption, String)",method,0,0,1,T1,host-side,,,,,
public,core,com.datastax.oss.driver.api.core.config,DriverExecutionProfile,getStringList(DriverOption),method,0,0,1,T1,host-side,,,,,
public,core,com.datastax.oss.driver.api.core.config,DriverExecutionProfile,"getStringList(DriverOption, List)",method,0,0,1,T1,host-side,,,,,
public,core,com.datastax.oss.driver.api.core.config,DriverExecutionProfile,getStringMap(DriverOption),method,0,0,1,T1,host-side,,,,,
public,core,com.datastax.oss.driver.api.core.config,DriverExecutionProfile,"getStringMap(DriverOption, Map)",method,0,0,1,T1,host-side,,,,,
public,core,com.datastax.oss.driver.api.core.config,DriverExecutionProfile,getBytes(DriverOption),method,0,0,1,T1,host-side,,,,,
public,core,com.datastax.oss.driver.api.core.config,DriverExecutionProfile,"getBytes(DriverOption, long)",method,0,0,1,T1,host-side,,,,,
public,core,com.datastax.oss.driver.api.core.config,DriverExecutionProfile,getBytesList(DriverOption),method,0,0,1,T1,host-side,,,,,
public,core,com.datastax.oss.driver.api.core.config,DriverExecutionProfile,"getBytesList(DriverOption, List)",method,0,0,1,T1,host-side,,,,,
public,core,com.datastax.oss.driver.api.core.config,DriverExecutionProfile,getDuration(DriverOption),method,0,0,1,T1,host-side,,,,,
public,core,com.datastax.oss.driver.api.core.config,DriverExecutionProfile,"getDuration(DriverOption, Duration)",method,0,0,1,T1,host-side,,,,,
public,core,com.datastax.oss.driver.api.core.config,DriverExecutionProfile,getDurationList(DriverOption),method,0,0,1,T1,host-side,,,,,
public,core,com.datastax.oss.driver.api.core.config,DriverExecutionProfile,"getDurationList(DriverOption, List)",method,0,0,1,T1,host-side,,,,,
public,core,com.datastax.oss.driver.api.core.config,DriverExecutionProfile,getComparisonKey(DriverOption),method,0,0,1,T1,host-side,,,,,
public,core,com.datastax.oss.driver.api.core.config,DriverExecutionProfile,entrySet(),method,0,0,1,T1,host-side,,,,,
public,core,com.datastax.oss.driver.api.core.config,DriverExecutionProfile,"withBoolean(DriverOption, boolean)",method,0,0,1,T1,host-side,,,,,
public,core,com.datastax.oss.driver.api.core.config,DriverExecutionProfile,"withBooleanList(DriverOption, List)",method,0,0,1,T1,host-side,,,,,
public,core,com.datastax.oss.driver.api.core.config,DriverExecutionProfile,"withInt(DriverOption, int)",method,0,0,1,T1,host-side,,,,,
public,core,com.datastax.oss.driver.api.core.config,DriverExecutionProfile,"withIntList(DriverOption, List)",method,0,0,1,T1,host-side,,,,,
public,core,com.datastax.oss.driver.api.core.config,DriverExecutionProfile,"withLong(DriverOption, long)",method,0,0,1,T1,host-side,,,,,
public,core,com.datastax.oss.driver.api.core.config,DriverExecutionProfile,"withLongList(DriverOption, List)",method,0,0,1,T1,host-side,,,,,
public,core,com.datastax.oss.driver.api.core.config,DriverExecutionProfile,"withDouble(DriverOption, double)",method,0,0,1,T1,host-side,,,,,
public,core,com.datastax.oss.driver.api.core.config,DriverExecutionProfile,"withDoubleList(DriverOption, List)",method,0,0,1,T1,host-side,,,,,
public,core,com.datastax.oss.driver.api.core.config,DriverExecutionProfile,"withString(DriverOption, String)",method,0,0,1,T1,host-side,,,,,
public,core,com.datastax.oss.driver.api.core.config,DriverExecutionProfile,"withStringList(DriverOption, List)",method,0,0,1,T1,host-side,,,,,
public,core,com.datastax.oss.driver.api.core.config,DriverExecutionProfile,"withStringMap(DriverOption, Map)",method,0,0,1,T1,host-side,,,,,
public,core,com.datastax.oss.driver.api.core.config,DriverExecutionProfile,"withBytes(DriverOption, long)",method,0,0,1,T1,host-side,,,,,
public,core,com.datastax.oss.driver.api.core.config,DriverExecutionProfile,"withBytesList(DriverOption, List)",method,0,0,1,T1,host-side,,,,,
public,core,com.datastax.oss.driver.api.core.config,DriverExecutionProfile,"withDuration(DriverOption, Duration)",method,0,0,1,T1,host-side,,,,,
public,core,com.datastax.oss.driver.api.core.config,DriverExecutionProfile,"withDurationList(DriverOption, List)",method,0,0,1,T1,host-side,,,,,
public,core,com.datastax.oss.driver.api.core.config,DriverExecutionProfile,without(DriverOption),method,0,0,1,T1,host-side,,,,,
public,core,com.datastax.oss.driver.api.core.config,DriverOption,getPath(),method,0,0,1,T1,host-side,,,,,
public,core,com.datastax.oss.driver.api.core.config,OngoingConfigOptions,"withBoolean(DriverOption, boolean)",method,0,0,1,T1,host-side,,,,,
public,core,com.datastax.oss.driver.api.core.config,OngoingConfigOptions,"withBooleanList(DriverOption, List)",method,0,0,1,T1,host-side,,,,,
public,core,com.datastax.oss.driver.api.core.config,OngoingConfigOptions,"withInt(DriverOption, int)",method,0,0,1,T1,host-side,,,,,
public,core,com.datastax.oss.driver.api.core.config,OngoingConfigOptions,"withIntList(DriverOption, List)",method,0,0,1,T1,host-side,,,,,
public,core,com.datastax.oss.driver.api.core.config,OngoingConfigOptions,"withLong(DriverOption, long)",method,0,0,1,T1,host-side,,,,,
public,core,com.datastax.oss.driver.api.core.config,OngoingConfigOptions,"withLongList(DriverOption, List)",method,0,0,1,T1,host-side,,,,,
public,core,com.datastax.oss.driver.api.core.config,OngoingConfigOptions,"withDouble(DriverOption, double)",method,0,0,1,T1,host-side,,,,,
public,core,com.datastax.oss.driver.api.core.config,OngoingConfigOptions,"withDoubleList(DriverOption, List)",method,0,0,1,T1,host-side,,,,,
public,core,com.datastax.oss.driver.api.core.config,OngoingConfigOptions,"withString(DriverOption, String)",method,0,0,1,T1,host-side,,,,,
public,core,com.datastax.oss.driver.api.core.config,OngoingConfigOptions,"withClass(DriverOption, Class)",method,0,0,1,T1,host-side,,,,,
public,core,com.datastax.oss.driver.api.core.config,OngoingConfigOptions,"withClassList(DriverOption, List)",method,0,0,1,T1,host-side,,,,,
public,core,com.datastax.oss.driver.api.core.config,OngoingConfigOptions,"withStringList(DriverOption, List)",method,0,0,1,T1,host-side,,,,,
public,core,com.datastax.oss.driver.api.core.config,OngoingConfigOptions,"withStringMap(DriverOption, Map)",method,0,0,1,T1,host-side,,,,,
public,core,com.datastax.oss.driver.api.core.config,OngoingConfigOptions,"withBytes(DriverOption, long)",method,0,0,1,T1,host-side,,,,,
public,core,com.datastax.oss.driver.api.core.config,OngoingConfigOptions,"withBytesList(DriverOption, List)",method,0,0,1,T1,host-side,,,,,
public,core,com.datastax.oss.driver.api.core.config,OngoingConfigOptions,"withDuration(DriverOption, Duration)",method,0,0,1,T1,host-side,,,,,
public,core,com.datastax.oss.driver.api.core.config,OngoingConfigOptions,"withDurationList(DriverOption, List)",method,0,0,1,T1,host-side,,,,,
public,core,com.datastax.oss.driver.api.core.config,OngoingConfigOptions,without(DriverOption),method,0,0,1,T1,host-side,,,,,
public,core,com.datastax.oss.driver.api.core.config,OptionsMap,driverDefaults(),method,0,0,1,T1,host-side,,,,,
public,core,com.datastax.oss.driver.api.core.config,OptionsMap,OptionsMap(),constructor,0,0,1,T1,host-side,,,,,
public,core,com.datastax.oss.driver.api.core.config,OptionsMap,"put(String, TypedDriverOption, ValueT)",method,0,0,1,T1,host-side,,,,,
public,core,com.datastax.oss.driver.api.core.config,OptionsMap,"put(TypedDriverOption, ValueT)",method,0,0,1,T1,host-side,,,,,
public,core,com.datastax.oss.driver.api.core.config,OptionsMap,"get(String, TypedDriverOption)",method,0,0,1,T1,host-side,,,,,
public,core,com.datastax.oss.driver.api.core.config,OptionsMap,get(TypedDriverOption),method,0,0,1,T1,host-side,,,,,
public,core,com.datastax.oss.driver.api.core.config,OptionsMap,"remove(String, TypedDriverOption)",method,0,0,1,T1,host-side,,,,,
public,core,com.datastax.oss.driver.api.core.config,OptionsMap,remove(TypedDriverOption),method,0,0,1,T1,host-side,,,,,
public,core,com.datastax.oss.driver.api.core.config,OptionsMap,addChangeListener(Consumer),method,0,0,1,T1,host-side,,,,,
public,core,com.datastax.oss.driver.api.core.config,OptionsMap,removeChangeListener(Consumer),method,0,0,1,T1,host-side,,,,,
public,core,com.datastax.oss.driver.api.core.config,OptionsMap,equals(Object),method,0,0,1,T1,host-side,,,,,
public,core,com.datastax.oss.driver.api.core.config,OptionsMap,hashCode(),method,0,0,1,T1,host-side,,,,,
protected,core,com.datastax.oss.driver.api.core.config,OptionsMap,asRawMap(),method,0,0,1,T1,host-side,,,,,
protected,core,com.datastax.oss.driver.api.core.config,OptionsMap,fillWithDriverDefaults(OptionsMap),method,0,0,1,T1,host-side,,,,,
public,core,com.datastax.oss.driver.api.core.config,ProgrammaticDriverConfigLoaderBuilder,startProfile(String),method,0,0,1,T1,host-side,,,,,
public,core,com.datastax.oss.driver.api.core.config,ProgrammaticDriverConfigLoaderBuilder,endProfile(),method,0,0,1,T1,host-side,,,,,
public,core,com.datastax.oss.driver.api.core.config,ProgrammaticDriverConfigLoaderBuilder,build(),method,0,0,1,T1,host-side,,,,,
public,core,com.datastax.oss.driver.api.core.config,TypedDriverOption,CONTACT_POINTS,field,0,0,1,T1,host-side,,,,,
public,core,com.datastax.oss.driver.api.core.config,TypedDriverOption,SESSION_NAME,field,0,0,1,T1,host-side,,,,,
public,core,com.datastax.oss.driver.api.core.config,TypedDriverOption,SESSION_KEYSPACE,field,0,0,1,T1,host-side,,,,,
public,core,com.datastax.oss.driver.api.core.config,TypedDriverOption,CONFIG_RELOAD_INTERVAL,field,0,0,1,T1,host-side,,,,,
public,core,com.datastax.oss.driver.api.core.config,TypedDriverOption,REQUEST_TIMEOUT,field,0,0,1,T1,host-side,,,,,
public,core,com.datastax.oss.driver.api.core.config,TypedDriverOption,REQUEST_CONSISTENCY,field,0,0,1,T1,host-side,,,,,
public,core,com.datastax.oss.driver.api.core.config,TypedDriverOption,REQUEST_PAGE_SIZE,field,0,0,1,T1,host-side,,,,,
public,core,com.datastax.oss.driver.api.core.config,TypedDriverOption,REQUEST_SERIAL_CONSISTENCY,field,0,0,1,T1,host-side,,,,,
public,core,com.datastax.oss.driver.api.core.config,TypedDriverOption,REQUEST_DEFAULT_IDEMPOTENCE,field,0,0,1,T1,host-side,,,,,
public,core,com.datastax.oss.driver.api.core.config,TypedDriverOption,LOAD_BALANCING_POLICY_CLASS,field,0,0,1,T1,host-side,,,,,
public,core,com.datastax.oss.driver.api.core.config,TypedDriverOption,LOAD_BALANCING_LOCAL_DATACENTER,field,0,0,1,T1,host-side,,,,,
public,core,com.datastax.oss.driver.api.core.config,TypedDriverOption,LOAD_BALANCING_LOCAL_RACK,field,0,0,1,T1,host-side,,,,,
public,core,com.datastax.oss.driver.api.core.config,TypedDriverOption,LOAD_BALANCING_FILTER_CLASS,field,1,0,1,T1,host-side,,,,,
public,core,com.datastax.oss.driver.api.core.config,TypedDriverOption,LOAD_BALANCING_DISTANCE_EVALUATOR_CLASS,field,0,0,1,T1,host-side,,,,,
public,core,com.datastax.oss.driver.api.core.config,TypedDriverOption,CONNECTION_INIT_QUERY_TIMEOUT,field,0,0,1,T1,host-side,,,,,
public,core,com.datastax.oss.driver.api.core.config,TypedDriverOption,CONNECTION_SET_KEYSPACE_TIMEOUT,field,0,0,1,T1,host-side,,,,,
public,core,com.datastax.oss.driver.api.core.config,TypedDriverOption,CONNECTION_MAX_REQUESTS,field,0,0,1,T1,host-side,,,,,
public,core,com.datastax.oss.driver.api.core.config,TypedDriverOption,CONNECTION_MAX_ORPHAN_REQUESTS,field,0,0,1,T1,host-side,,,,,
public,core,com.datastax.oss.driver.api.core.config,TypedDriverOption,CONNECTION_WARN_INIT_ERROR,field,0,0,1,T1,host-side,,,,,
public,core,com.datastax.oss.driver.api.core.config,TypedDriverOption,CONNECTION_ADVANCED_SHARD_AWARENESS_ENABLED,field,0,0,1,T1,host-side,,,,,
public,core,com.datastax.oss.driver.api.core.config,TypedDriverOption,ADVANCED_SHARD_AWARENESS_PORT_LOW,field,0,0,1,T1,host-side,,,,,
public,core,com.datastax.oss.driver.api.core.config,TypedDriverOption,ADVANCED_SHARD_AWARENESS_PORT_HIGH,field,0,0,1,T1,host-side,,,,,
public,core,com.datastax.oss.driver.api.core.config,TypedDriverOption,CONNECTION_POOL_LOCAL_SIZE,field,0,0,1,T1,host-side,,,,,
public,core,com.datastax.oss.driver.api.core.config,TypedDriverOption,CONNECTION_POOL_REMOTE_SIZE,field,0,0,1,T1,host-side,,,,,
public,core,com.datastax.oss.driver.api.core.config,TypedDriverOption,CONNECTION_POOL_INIT_BATCH_SIZE,field,0,0,1,T1,host-side,,,,,
public,core,com.datastax.oss.driver.api.core.config,TypedDriverOption,RECONNECT_ON_INIT,field,0,0,1,T1,host-side,,,,,
public,core,com.datastax.oss.driver.api.core.config,TypedDriverOption,RECONNECTION_POLICY_CLASS,field,0,0,1,T1,host-side,,,,,
public,core,com.datastax.oss.driver.api.core.config,TypedDriverOption,RECONNECTION_BASE_DELAY,field,0,0,1,T1,host-side,,,,,
public,core,com.datastax.oss.driver.api.core.config,TypedDriverOption,RECONNECTION_MAX_DELAY,field,0,0,1,T1,host-side,,,,,
public,core,com.datastax.oss.driver.api.core.config,TypedDriverOption,RETRY_POLICY_CLASS,field,0,0,1,T1,host-side,,,,,
public,core,com.datastax.oss.driver.api.core.config,TypedDriverOption,SPECULATIVE_EXECUTION_POLICY_CLASS,field,0,0,1,T1,host-side,,,,,
public,core,com.datastax.oss.driver.api.core.config,TypedDriverOption,SPECULATIVE_EXECUTION_MAX,field,0,0,1,T1,host-side,,,,,
public,core,com.datastax.oss.driver.api.core.config,TypedDriverOption,SPECULATIVE_EXECUTION_DELAY,field,0,0,1,T1,host-side,,,,,
public,core,com.datastax.oss.driver.api.core.config,TypedDriverOption,AUTH_PROVIDER_CLASS,field,0,0,1,T1,host-side,,,,,
public,core,com.datastax.oss.driver.api.core.config,TypedDriverOption,AUTH_PROVIDER_USER_NAME,field,0,0,1,T1,host-side,,,,,
public,core,com.datastax.oss.driver.api.core.config,TypedDriverOption,AUTH_PROVIDER_PASSWORD,field,0,0,1,T1,host-side,,,,,
public,core,com.datastax.oss.driver.api.core.config,TypedDriverOption,SSL_ENGINE_FACTORY_CLASS,field,0,0,1,T1,host-side,,,,,
public,core,com.datastax.oss.driver.api.core.config,TypedDriverOption,SSL_CIPHER_SUITES,field,0,0,1,T1,host-side,,,,,
public,core,com.datastax.oss.driver.api.core.config,TypedDriverOption,SSL_HOSTNAME_VALIDATION,field,0,0,1,T1,host-side,,,,,
public,core,com.datastax.oss.driver.api.core.config,TypedDriverOption,SSL_ALLOW_DNS_REVERSE_LOOKUP_SAN,field,0,0,1,T1,host-side,,,,,
public,core,com.datastax.oss.driver.api.core.config,TypedDriverOption,SSL_KEYSTORE_PATH,field,0,0,1,T1,host-side,,,,,
public,core,com.datastax.oss.driver.api.core.config,TypedDriverOption,SSL_KEYSTORE_PASSWORD,field,0,0,1,T1,host-side,,,,,
public,core,com.datastax.oss.driver.api.core.config,TypedDriverOption,SSL_KEYSTORE_RELOAD_INTERVAL,field,0,0,1,T1,host-side,,,,,
public,core,com.datastax.oss.driver.api.core.config,TypedDriverOption,SSL_TRUSTSTORE_PATH,field,0,0,1,T1,host-side,,,,,
public,core,com.datastax.oss.driver.api.core.config,TypedDriverOption,SSL_TRUSTSTORE_PASSWORD,field,0,0,1,T1,host-side,,,,,
public,core,com.datastax.oss.driver.api.core.config,TypedDriverOption,TIMESTAMP_GENERATOR_CLASS,field,0,0,1,T1,host-side,,,,,
public,core,com.datastax.oss.driver.api.core.config,TypedDriverOption,TIMESTAMP_GENERATOR_FORCE_JAVA_CLOCK,field,0,0,1,T1,host-side,,,,,
public,core,com.datastax.oss.driver.api.core.config,TypedDriverOption,TIMESTAMP_GENERATOR_DRIFT_WARNING_THRESHOLD,field,0,0,1,T1,host-side,,,,,
public,core,com.datastax.oss.driver.api.core.config,TypedDriverOption,TIMESTAMP_GENERATOR_DRIFT_WARNING_INTERVAL,field,0,0,1,T1,host-side,,,,,
public,core,com.datastax.oss.driver.api.core.config,TypedDriverOption,REQUEST_TRACKER_CLASS,field,1,0,1,T1,host-side,,,,,
public,core,com.datastax.oss.driver.api.core.config,TypedDriverOption,REQUEST_TRACKER_CLASSES,field,0,0,1,T1,host-side,,,,,
public,core,com.datastax.oss.driver.api.core.config,TypedDriverOption,REQUEST_ID_GENERATOR_CLASS,field,0,0,1,T1,host-side,,,,,
public,core,com.datastax.oss.driver.api.core.config,TypedDriverOption,REQUEST_LOGGER_SUCCESS_ENABLED,field,0,0,1,T1,host-side,,,,,
public,core,com.datastax.oss.driver.api.core.config,TypedDriverOption,REQUEST_LOGGER_SLOW_THRESHOLD,field,0,0,1,T1,host-side,,,,,
public,core,com.datastax.oss.driver.api.core.config,TypedDriverOption,REQUEST_LOGGER_SLOW_ENABLED,field,0,0,1,T1,host-side,,,,,
public,core,com.datastax.oss.driver.api.core.config,TypedDriverOption,REQUEST_LOGGER_ERROR_ENABLED,field,0,0,1,T1,host-side,,,,,
public,core,com.datastax.oss.driver.api.core.config,TypedDriverOption,REQUEST_LOGGER_MAX_QUERY_LENGTH,field,0,0,1,T1,host-side,,,,,
public,core,com.datastax.oss.driver.api.core.config,TypedDriverOption,REQUEST_LOGGER_VALUES,field,0,0,1,T1,host-side,,,,,
public,core,com.datastax.oss.driver.api.core.config,TypedDriverOption,REQUEST_LOGGER_MAX_VALUE_LENGTH,field,0,0,1,T1,host-side,,,,,
public,core,com.datastax.oss.driver.api.core.config,TypedDriverOption,REQUEST_LOGGER_MAX_VALUES,field,0,0,1,T1,host-side,,,,,
public,core,com.datastax.oss.driver.api.core.config,TypedDriverOption,REQUEST_LOGGER_STACK_TRACES,field,0,0,1,T1,host-side,,,,,
public,core,com.datastax.oss.driver.api.core.config,TypedDriverOption,REQUEST_THROTTLER_CLASS,field,0,0,1,T1,host-side,,,,,
public,core,com.datastax.oss.driver.api.core.config,TypedDriverOption,REQUEST_THROTTLER_MAX_CONCURRENT_REQUESTS,field,0,0,1,T1,host-side,,,,,
public,core,com.datastax.oss.driver.api.core.config,TypedDriverOption,REQUEST_THROTTLER_MAX_REQUESTS_PER_SECOND,field,0,0,1,T1,host-side,,,,,
public,core,com.datastax.oss.driver.api.core.config,TypedDriverOption,REQUEST_THROTTLER_MAX_QUEUE_SIZE,field,0,0,1,T1,host-side,,,,,
public,core,com.datastax.oss.driver.api.core.config,TypedDriverOption,REQUEST_THROTTLER_DRAIN_INTERVAL,field,0,0,1,T1,host-side,,,,,
public,core,com.datastax.oss.driver.api.core.config,TypedDriverOption,METADATA_NODE_STATE_LISTENER_CLASS,field,1,0,1,T1,host-side,,,,,
public,core,com.datastax.oss.driver.api.core.config,TypedDriverOption,METADATA_SCHEMA_CHANGE_LISTENER_CLASS,field,1,0,1,T1,host-side,,,,,
public,core,com.datastax.oss.driver.api.core.config,TypedDriverOption,METADATA_NODE_STATE_LISTENER_CLASSES,field,0,0,1,T1,host-side,,,,,
public,core,com.datastax.oss.driver.api.core.config,TypedDriverOption,METADATA_SCHEMA_CHANGE_LISTENER_CLASSES,field,0,0,1,T1,host-side,,,,,
public,core,com.datastax.oss.driver.api.core.config,TypedDriverOption,ADDRESS_TRANSLATOR_CLASS,field,0,0,1,T1,host-side,,,,,
public,core,com.datastax.oss.driver.api.core.config,TypedDriverOption,PROTOCOL_VERSION,field,0,0,1,T1,host-side,,,,,
public,core,com.datastax.oss.driver.api.core.config,TypedDriverOption,PROTOCOL_COMPRESSION,field,0,0,1,T1,host-side,,,,,
public,core,com.datastax.oss.driver.api.core.config,TypedDriverOption,PROTOCOL_MAX_FRAME_LENGTH,field,0,0,1,T1,host-side,,,,,
public,core,com.datastax.oss.driver.api.core.config,TypedDriverOption,REQUEST_WARN_IF_SET_KEYSPACE,field,0,0,1,T1,host-side,,,,,
public,core,com.datastax.oss.driver.api.core.config,TypedDriverOption,REQUEST_TRACE_ATTEMPTS,field,0,0,1,T1,host-side,,,,,
public,core,com.datastax.oss.driver.api.core.config,TypedDriverOption,REQUEST_TRACE_INTERVAL,field,0,0,1,T1,host-side,,,,,
public,core,com.datastax.oss.driver.api.core.config,TypedDriverOption,REQUEST_TRACE_CONSISTENCY,field,0,0,1,T1,host-side,,,,,
public,core,com.datastax.oss.driver.api.core.config,TypedDriverOption,METRICS_GENERATE_AGGREGABLE_HISTOGRAMS,field,0,0,1,T1,host-side,,,,,
public,core,com.datastax.oss.driver.api.core.config,TypedDriverOption,METRICS_SESSION_ENABLED,field,0,0,1,T1,host-side,,,,,
public,core,com.datastax.oss.driver.api.core.config,TypedDriverOption,METRICS_NODE_ENABLED,field,0,0,1,T1,host-side,,,,,
public,core,com.datastax.oss.driver.api.core.config,TypedDriverOption,METRICS_SESSION_CQL_REQUESTS_HIGHEST,field,0,0,1,T1,host-side,,,,,
public,core,com.datastax.oss.driver.api.core.config,TypedDriverOption,METRICS_SESSION_CQL_REQUESTS_LOWEST,field,0,0,1,T1,host-side,,,,,
public,core,com.datastax.oss.driver.api.core.config,TypedDriverOption,METRICS_SESSION_CQL_REQUESTS_SLO,field,0,0,1,T1,host-side,,,,,
public,core,com.datastax.oss.driver.api.core.config,TypedDriverOption,METRICS_SESSION_CQL_REQUESTS_PUBLISH_PERCENTILES,field,0,0,1,T1,host-side,,,,,
public,core,com.datastax.oss.driver.api.core.config,TypedDriverOption,METRICS_SESSION_CQL_REQUESTS_DIGITS,field,0,0,1,T1,host-side,,,,,
public,core,com.datastax.oss.driver.api.core.config,TypedDriverOption,METRICS_SESSION_CQL_REQUESTS_INTERVAL,field,0,0,1,T1,host-side,,,,,
public,core,com.datastax.oss.driver.api.core.config,TypedDriverOption,METRICS_SESSION_THROTTLING_HIGHEST,field,0,0,1,T1,host-side,,,,,
public,core,com.datastax.oss.driver.api.core.config,TypedDriverOption,METRICS_SESSION_THROTTLING_LOWEST,field,0,0,1,T1,host-side,,,,,
public,core,com.datastax.oss.driver.api.core.config,TypedDriverOption,METRICS_SESSION_THROTTLING_SLO,field,0,0,1,T1,host-side,,,,,
public,core,com.datastax.oss.driver.api.core.config,TypedDriverOption,METRICS_SESSION_THROTTLING_PUBLISH_PERCENTILES,field,0,0,1,T1,host-side,,,,,
public,core,com.datastax.oss.driver.api.core.config,TypedDriverOption,METRICS_SESSION_THROTTLING_DIGITS,field,0,0,1,T1,host-side,,,,,
public,core,com.datastax.oss.driver.api.core.config,TypedDriverOption,METRICS_SESSION_THROTTLING_INTERVAL,field,0,0,1,T1,host-side,,,,,
public,core,com.datastax.oss.driver.api.core.config,TypedDriverOption,METRICS_NODE_CQL_MESSAGES_HIGHEST,field,0,0,1,T1,host-side,,,,,
public,core,com.datastax.oss.driver.api.core.config,TypedDriverOption,METRICS_NODE_CQL_MESSAGES_LOWEST,field,0,0,1,T1,host-side,,,,,
public,core,com.datastax.oss.driver.api.core.config,TypedDriverOption,METRICS_NODE_CQL_MESSAGES_SLO,field,0,0,1,T1,host-side,,,,,
public,core,com.datastax.oss.driver.api.core.config,TypedDriverOption,METRICS_NODE_CQL_MESSAGES_PUBLISH_PERCENTILES,field,0,0,1,T1,host-side,,,,,
public,core,com.datastax.oss.driver.api.core.config,TypedDriverOption,METRICS_NODE_CQL_MESSAGES_DIGITS,field,0,0,1,T1,host-side,,,,,
public,core,com.datastax.oss.driver.api.core.config,TypedDriverOption,METRICS_NODE_CQL_MESSAGES_INTERVAL,field,0,0,1,T1,host-side,,,,,
public,core,com.datastax.oss.driver.api.core.config,TypedDriverOption,SOCKET_TCP_NODELAY,field,0,0,1,T1,host-side,,,,,
public,core,com.datastax.oss.driver.api.core.config,TypedDriverOption,SOCKET_KEEP_ALIVE,field,0,0,1,T1,host-side,,,,,
public,core,com.datastax.oss.driver.api.core.config,TypedDriverOption,SOCKET_REUSE_ADDRESS,field,0,0,1,T1,host-side,,,,,
public,core,com.datastax.oss.driver.api.core.config,TypedDriverOption,SOCKET_LINGER_INTERVAL,field,0,0,1,T1,host-side,,,,,
public,core,com.datastax.oss.driver.api.core.config,TypedDriverOption,SOCKET_RECEIVE_BUFFER_SIZE,field,0,0,1,T1,host-side,,,,,
public,core,com.datastax.oss.driver.api.core.config,TypedDriverOption,SOCKET_SEND_BUFFER_SIZE,field,0,0,1,T1,host-side,,,,,
public,core,com.datastax.oss.driver.api.core.config,TypedDriverOption,HEARTBEAT_INTERVAL,field,0,0,1,T1,host-side,,,,,
public,core,com.datastax.oss.driver.api.core.config,TypedDriverOption,HEARTBEAT_TIMEOUT,field,0,0,1,T1,host-side,,,,,
public,core,com.datastax.oss.driver.api.core.config,TypedDriverOption,METADATA_ALLOW_ZERO_TOKEN_PEERS,field,0,0,1,T1,host-side,,,,,
public,core,com.datastax.oss.driver.api.core.config,TypedDriverOption,METADATA_TOPOLOGY_WINDOW,field,0,0,1,T1,host-side,,,,,
public,core,com.datastax.oss.driver.api.core.config,TypedDriverOption,METADATA_TOPOLOGY_MAX_EVENTS,field,0,0,1,T1,host-side,,,,,
public,core,com.datastax.oss.driver.api.core.config,TypedDriverOption,METADATA_SCHEMA_ENABLED,field,0,0,1,T1,host-side,,,,,
public,core,com.datastax.oss.driver.api.core.config,TypedDriverOption,METADATA_SCHEMA_REQUEST_TIMEOUT,field,0,0,1,T1,host-side,,,,,
public,core,com.datastax.oss.driver.api.core.config,TypedDriverOption,METADATA_SCHEMA_REQUEST_PAGE_SIZE,field,0,0,1,T1,host-side,,,,,
public,core,com.datastax.oss.driver.api.core.config,TypedDriverOption,METADATA_SCHEMA_REFRESHED_KEYSPACES,field,0,0,1,T1,host-side,,,,,
public,core,com.datastax.oss.driver.api.core.config,TypedDriverOption,METADATA_SCHEMA_WINDOW,field,0,0,1,T1,host-side,,,,,
public,core,com.datastax.oss.driver.api.core.config,TypedDriverOption,METADATA_SCHEMA_MAX_EVENTS,field,0,0,1,T1,host-side,,,,,
public,core,com.datastax.oss.driver.api.core.config,TypedDriverOption,METADATA_TOKEN_MAP_ENABLED,field,0,0,1,T1,host-side,,,,,
public,core,com.datastax.oss.driver.api.core.config,TypedDriverOption,CONTROL_CONNECTION_TIMEOUT,field,0,0,1,T1,host-side,,,,,
public,core,com.datastax.oss.driver.api.core.config,TypedDriverOption,CONTROL_CONNECTION_AGREEMENT_INTERVAL,field,0,0,1,T1,host-side,,,,,
public,core,com.datastax.oss.driver.api.core.config,TypedDriverOption,CONTROL_CONNECTION_AGREEMENT_TIMEOUT,field,0,0,1,T1,host-side,,,,,
public,core,com.datastax.oss.driver.api.core.config,TypedDriverOption,CONTROL_CONNECTION_AGREEMENT_WARN,field,0,0,1,T1,host-side,,,,,
public,core,com.datastax.oss.driver.api.core.config,TypedDriverOption,CONTROL_CONNECTION_RECONNECT_CONTACT_POINTS,field,0,0,1,T1,host-side,,,,,
public,core,com.datastax.oss.driver.api.core.config,TypedDriverOption,PREPARE_ON_ALL_NODES,field,0,0,1,T1,host-side,,,,,
public,core,com.datastax.oss.driver.api.core.config,TypedDriverOption,PREPARE_SKIP_CQL4_METADATA_RESOLVE_METHOD,field,0,0,1,T1,host-side,,,,,
public,core,com.datastax.oss.driver.api.core.config,TypedDriverOption,REPREPARE_ENABLED,field,0,0,1,T1,host-side,,,,,
public,core,com.datastax.oss.driver.api.core.config,TypedDriverOption,REPREPARE_CHECK_SYSTEM_TABLE,field,0,0,1,T1,host-side,,,,,
public,core,com.datastax.oss.driver.api.core.config,TypedDriverOption,REPREPARE_MAX_STATEMENTS,field,0,0,1,T1,host-side,,,,,
public,core,com.datastax.oss.driver.api.core.config,TypedDriverOption,REPREPARE_MAX_PARALLELISM,field,0,0,1,T1,host-side,,,,,
public,core,com.datastax.oss.driver.api.core.config,TypedDriverOption,REPREPARE_TIMEOUT,field,0,0,1,T1,host-side,,,,,
public,core,com.datastax.oss.driver.api.core.config,TypedDriverOption,PREPARED_CACHE_WEAK_VALUES,field,0,0,1,T1,host-side,,,,,
public,core,com.datastax.oss.driver.api.core.config,TypedDriverOption,NETTY_IO_SIZE,field,0,0,1,T1,host-side,,,,,
public,core,com.datastax.oss.driver.api.core.config,TypedDriverOption,NETTY_IO_SHUTDOWN_QUIET_PERIOD,field,0,0,1,T1,host-side,,,,,
public,core,com.datastax.oss.driver.api.core.config,TypedDriverOption,NETTY_IO_SHUTDOWN_TIMEOUT,field,0,0,1,T1,host-side,,,,,
public,core,com.datastax.oss.driver.api.core.config,TypedDriverOption,NETTY_IO_SHUTDOWN_UNIT,field,0,0,1,T1,host-side,,,,,
public,core,com.datastax.oss.driver.api.core.config,TypedDriverOption,NETTY_ADMIN_SIZE,field,0,0,1,T1,host-side,,,,,
public,core,com.datastax.oss.driver.api.core.config,TypedDriverOption,NETTY_ADMIN_SHUTDOWN_QUIET_PERIOD,field,0,0,1,T1,host-side,,,,,
public,core,com.datastax.oss.driver.api.core.config,TypedDriverOption,NETTY_ADMIN_SHUTDOWN_TIMEOUT,field,0,0,1,T1,host-side,,,,,
public,core,com.datastax.oss.driver.api.core.config,TypedDriverOption,NETTY_ADMIN_SHUTDOWN_UNIT,field,0,0,1,T1,host-side,,,,,
public,core,com.datastax.oss.driver.api.core.config,TypedDriverOption,COALESCER_MAX_RUNS,field,1,0,1,T1,host-side,,,,,
public,core,com.datastax.oss.driver.api.core.config,TypedDriverOption,COALESCER_INTERVAL,field,0,0,1,T1,host-side,,,,,
public,core,com.datastax.oss.driver.api.core.config,TypedDriverOption,RESOLVE_CONTACT_POINTS,field,0,0,1,T1,host-side,,,,,
public,core,com.datastax.oss.driver.api.core.config,TypedDriverOption,NETTY_TIMER_TICK_DURATION,field,0,0,1,T1,host-side,,,,,
public,core,com.datastax.oss.driver.api.core.config,TypedDriverOption,NETTY_TIMER_TICKS_PER_WHEEL,field,0,0,1,T1,host-side,,,,,
public,core,com.datastax.oss.driver.api.core.config,TypedDriverOption,REQUEST_LOG_WARNINGS,field,0,0,1,T1,host-side,,,,,
public,core,com.datastax.oss.driver.api.core.config,TypedDriverOption,NETTY_DAEMON,field,0,0,1,T1,host-side,,,,,
public,core,com.datastax.oss.driver.api.core.config,TypedDriverOption,CLOUD_SECURE_CONNECT_BUNDLE,field,0,0,1,T1,host-side,,,,,
public,core,com.datastax.oss.driver.api.core.config,TypedDriverOption,LOAD_BALANCING_POLICY_SLOW_AVOIDANCE,field,0,0,1,T1,host-side,,,,,
public,core,com.datastax.oss.driver.api.core.config,TypedDriverOption,CONNECTION_CONNECT_TIMEOUT,field,0,0,1,T1,host-side,,,,,
public,core,com.datastax.oss.driver.api.core.config,TypedDriverOption,SESSION_LEAK_THRESHOLD,field,0,0,1,T1,host-side,,,,,
public,core,com.datastax.oss.driver.api.core.config,TypedDriverOption,APPLICATION_NAME,field,0,0,1,T1,host-side,,,,,
public,core,com.datastax.oss.driver.api.core.config,TypedDriverOption,APPLICATION_VERSION,field,0,0,1,T1,host-side,,,,,
public,core,com.datastax.oss.driver.api.core.config,TypedDriverOption,METRICS_NODE_EXPIRE_AFTER,field,0,0,1,T1,host-side,,,,,
public,core,com.datastax.oss.driver.api.core.config,TypedDriverOption,METRICS_FACTORY_CLASS,field,0,0,1,T1,host-side,,,,,
public,core,com.datastax.oss.driver.api.core.config,TypedDriverOption,METRICS_ID_GENERATOR_CLASS,field,0,0,1,T1,host-side,,,,,
public,core,com.datastax.oss.driver.api.core.config,TypedDriverOption,METRICS_ID_GENERATOR_PREFIX,field,0,0,1,T1,host-side,,,,,
public,core,com.datastax.oss.driver.api.core.config,TypedDriverOption,LOAD_BALANCING_DC_FAILOVER_MAX_NODES_PER_REMOTE_DC,field,0,0,1,T1,host-side,,,,,
public,core,com.datastax.oss.driver.api.core.config,TypedDriverOption,LOAD_BALANCING_DC_FAILOVER_ALLOW_FOR_LOCAL_CONSISTENCY_LEVELS,field,0,0,1,T1,host-side,,,,,
public,core,com.datastax.oss.driver.api.core.config,TypedDriverOption,ADDRESS_TRANSLATOR_ADVERTISED_HOSTNAME,field,0,0,1,T1,host-side,,,,,
public,core,com.datastax.oss.driver.api.core.config,TypedDriverOption,ADDRESS_TRANSLATOR_SUBNET_ADDRESSES,field,0,0,1,T1,host-side,,,,,
public,core,com.datastax.oss.driver.api.core.config,TypedDriverOption,ADDRESS_TRANSLATOR_DEFAULT_ADDRESS,field,0,0,1,T1,host-side,,,,,
public,core,com.datastax.oss.driver.api.core.config,TypedDriverOption,ADDRESS_TRANSLATOR_RESOLVE_ADDRESSES,field,0,0,1,T1,host-side,,,,,
public,core,com.datastax.oss.driver.api.core.config,TypedDriverOption,LOAD_BALANCING_DC_FAILOVER_PREFERRED_REMOTE_DCS,field,0,0,1,T1,host-side,,,,,
public,core,com.datastax.oss.driver.api.core.config,TypedDriverOption,LOAD_BALANCING_DEFAULT_LWT_REQUEST_ROUTING_METHOD,field,0,0,1,T1,host-side,,,,,
public,core,com.datastax.oss.driver.api.core.config,TypedDriverOption,CLIENT_ROUTES_NATIVE_TRANSPORT_PORT,field,0,0,1,T1,host-side,,,,,
public,core,com.datastax.oss.driver.api.core.config,TypedDriverOption,CLIENT_ROUTES_SHARD_AWARENESS_ENABLED,field,0,0,1,T1,host-side,,,,,
public,core,com.datastax.oss.driver.api.core.config,TypedDriverOption,DRIVER_CONFIG_REPORTING_ENABLED,field,0,0,1,T1,host-side,,,,,
public,core,com.datastax.oss.driver.api.core.config,TypedDriverOption,builtInValues(),method,0,0,1,T1,host-side,,,,,
public,core,com.datastax.oss.driver.api.core.config,TypedDriverOption,"TypedDriverOption(DriverOption, GenericType)",constructor,0,0,1,T1,host-side,,,,,
public,core,com.datastax.oss.driver.api.core.config,TypedDriverOption,getRawOption(),method,0,0,1,T1,host-side,,,,,
public,core,com.datastax.oss.driver.api.core.config,TypedDriverOption,getExpectedType(),method,0,0,1,T1,host-side,,,,,
public,core,com.datastax.oss.driver.api.core.config,TypedDriverOption,equals(Object),method,0,0,1,T1,host-side,,,,,
public,core,com.datastax.oss.driver.api.core.config,TypedDriverOption,hashCode(),method,0,0,1,T1,host-side,,,,,
public,core,com.datastax.oss.driver.api.core.config,TypedDriverOption,toString(),method,0,0,1,T1,host-side,,,,,
public,core,com.datastax.oss.driver.api.core.connection,BusyConnectionException,BusyConnectionException(int),constructor,0,0,1,T1,needs-bridge,,,,,
public,core,com.datastax.oss.driver.api.core.connection,BusyConnectionException,BusyConnectionException(String),constructor,0,0,1,T1,needs-bridge,,,,,
public,core,com.datastax.oss.driver.api.core.connection,BusyConnectionException,copy(),method,0,0,1,T1,needs-bridge,,,,,
public,core,com.datastax.oss.driver.api.core.connection,ClosedConnectionException,ClosedConnectionException(String),constructor,0,0,1,T1,needs-bridge,,,,,
public,core,com.datastax.oss.driver.api.core.connection,ClosedConnectionException,"ClosedConnectionException(String, Throwable)",constructor,0,0,1,T1,needs-bridge,,,,,
public,core,com.datastax.oss.driver.api.core.connection,ClosedConnectionException,copy(),method,0,0,1,T1,needs-bridge,,,,,
public,core,com.datastax.oss.driver.api.core.connection,ConnectionInitException,"ConnectionInitException(String, Throwable)",constructor,0,0,1,T1,needs-bridge,,,,,
public,core,com.datastax.oss.driver.api.core.connection,ConnectionInitException,copy(),method,0,0,1,T1,needs-bridge,,,,,
public,core,com.datastax.oss.driver.api.core.connection,CrcMismatchException,CrcMismatchException(String),constructor,0,0,1,T1,needs-bridge,,,,,
public,core,com.datastax.oss.driver.api.core.connection,CrcMismatchException,copy(),method,0,0,1,T1,needs-bridge,,,,,
public,core,com.datastax.oss.driver.api.core.connection,FrameTooLongException,"FrameTooLongException(SocketAddress, String)",constructor,0,0,1,T1,needs-bridge,,,,,
public,core,com.datastax.oss.driver.api.core.connection,FrameTooLongException,getAddress(),method,0,0,1,T1,needs-bridge,,,,,
public,core,com.datastax.oss.driver.api.core.connection,FrameTooLongException,copy(),method,0,0,1,T1,needs-bridge,,,,,
public,core,com.datastax.oss.driver.api.core.connection,HeartbeatException,"HeartbeatException(SocketAddress, String, Throwable)",constructor,0,0,1,T1,needs-bridge,,,,,
public,core,com.datastax.oss.driver.api.core.connection,HeartbeatException,"HeartbeatException(SocketAddress, String, ExecutionInfo, Throwable)",constructor,0,0,1,T1,needs-bridge,,,,,
public,core,com.datastax.oss.driver.api.core.connection,HeartbeatException,getAddress(),method,0,0,1,T1,needs-bridge,,,,,
public,core,com.datastax.oss.driver.api.core.connection,HeartbeatException,copy(),method,0,0,1,T1,needs-bridge,,,,,
public,core,com.datastax.oss.driver.api.core.connection,ReconnectionPolicy,newNodeSchedule(Node),method,0,0,1,T1,needs-bridge,,,,,
public,core,com.datastax.oss.driver.api.core.connection,ReconnectionPolicy,newControlConnectionSchedule(boolean),method,0,0,1,T1,needs-bridge,,,,,
public,core,com.datastax.oss.driver.api.core.connection,ReconnectionPolicy,close(),method,0,0,1,T1,needs-bridge,,,,,
public,core,com.datastax.oss.driver.api.core.connection,ReconnectionPolicy.ReconnectionSchedule,nextDelay(),method,0,0,1,T1,needs-bridge,,,,,
public,core,com.datastax.oss.driver.api.core.context,DriverContext,getSessionName(),method,0,0,1,T1,needs-bridge,DefaultDriverContext,,,,
public,core,com.datastax.oss.driver.api.core.context,DriverContext,getConfig(),method,0,0,1,T1,needs-bridge,DefaultDriverContext,,,,
public,core,com.datastax.oss.driver.api.core.context,DriverContext,getConfigLoader(),method,0,0,1,T1,needs-bridge,DefaultDriverContext,,,,
public,core,com.datastax.oss.driver.api.core.context,DriverContext,getLoadBalancingPolicies(),method,0,0,1,T1,needs-bridge,DefaultDriverContext,,,,
public,core,com.datastax.oss.driver.api.core.context,DriverContext,getLoadBalancingPolicy(String),method,0,0,1,T1,needs-bridge,DefaultDriverContext,,,,
public,core,com.datastax.oss.driver.api.core.context,DriverContext,getRetryPolicies(),method,0,0,1,T1,needs-bridge,DefaultDriverContext,,,,
public,core,com.datastax.oss.driver.api.core.context,DriverContext,getRetryPolicy(String),method,0,0,1,T1,needs-bridge,DefaultDriverContext,,,,
public,core,com.datastax.oss.driver.api.core.context,DriverContext,getSpeculativeExecutionPolicies(),method,0,0,1,T1,needs-bridge,DefaultDriverContext,,,,
public,core,com.datastax.oss.driver.api.core.context,DriverContext,getSpeculativeExecutionPolicy(String),method,0,0,1,T1,needs-bridge,DefaultDriverContext,,,,
public,core,com.datastax.oss.driver.api.core.context,DriverContext,getTimestampGenerator(),method,0,0,1,T1,needs-bridge,DefaultDriverContext,,,,
public,core,com.datastax.oss.driver.api.core.context,DriverContext,getReconnectionPolicy(),method,0,0,1,T1,needs-bridge,DefaultDriverContext,,,,
public,core,com.datastax.oss.driver.api.core.context,DriverContext,getAddressTranslator(),method,0,0,1,T1,needs-bridge,DefaultDriverContext,,,,
public,core,com.datastax.oss.driver.api.core.context,DriverContext,getAuthProvider(),method,0,0,1,T1,needs-bridge,DefaultDriverContext,,,,
public,core,com.datastax.oss.driver.api.core.context,DriverContext,getSslEngineFactory(),method,0,0,1,T1,needs-bridge,DefaultDriverContext,,,,
public,core,com.datastax.oss.driver.api.core.context,DriverContext,getRequestTracker(),method,0,0,1,T1,needs-bridge,DefaultDriverContext,,,,
public,core,com.datastax.oss.driver.api.core.context,DriverContext,getRequestIdGenerator(),method,0,0,1,T1,needs-bridge,DefaultDriverContext,,,,
public,core,com.datastax.oss.driver.api.core.context,DriverContext,getRequestThrottler(),method,0,0,1,T1,needs-bridge,DefaultDriverContext,,,,
public,core,com.datastax.oss.driver.api.core.context,DriverContext,getNodeStateListener(),method,0,0,1,T1,needs-bridge,DefaultDriverContext,,,,
public,core,com.datastax.oss.driver.api.core.context,DriverContext,getSchemaChangeListener(),method,0,0,1,T1,needs-bridge,DefaultDriverContext,,,,
public,core,com.datastax.oss.driver.api.core.cql,AsyncCqlSession,executeAsync(Statement),method,0,0,1,T1,needs-bridge,CqlRequestAsyncProcessor,,,,
public,core,com.datastax.oss.driver.api.core.cql,AsyncCqlSession,executeAsync(String),method,0,0,1,T1,needs-bridge,CqlRequestAsyncProcessor,,,,
public,core,com.datastax.oss.driver.api.core.cql,AsyncCqlSession,"executeAsync(String, Object...)",method,0,0,1,T1,needs-bridge,CqlRequestAsyncProcessor,,,,
public,core,com.datastax.oss.driver.api.core.cql,AsyncCqlSession,"executeAsync(String, Map)",method,0,0,1,T1,needs-bridge,CqlRequestAsyncProcessor,,,,
public,core,com.datastax.oss.driver.api.core.cql,AsyncCqlSession,prepareAsync(SimpleStatement),method,0,0,1,T1,needs-bridge,CqlPrepareAsyncProcessor,,,,
public,core,com.datastax.oss.driver.api.core.cql,AsyncCqlSession,prepareAsync(String),method,0,0,1,T1,needs-bridge,CqlPrepareAsyncProcessor,,,,
public,core,com.datastax.oss.driver.api.core.cql,AsyncCqlSession,prepareAsync(PrepareRequest),method,0,0,1,T1,needs-bridge,CqlPrepareAsyncProcessor,,,,
public,core,com.datastax.oss.driver.api.core.cql,AsyncResultSet,wasApplied(),method,0,0,1,T1,needs-bridge,CqlRequestAsyncProcessor,,,,
public,core,com.datastax.oss.driver.api.core.cql,BatchStatement,newInstance(BatchType),method,0,0,1,T1,needs-bridge,,,,,
public,core,com.datastax.oss.driver.api.core.cql,BatchStatement,"newInstance(BatchType, Iterable)",method,0,0,1,T1,needs-bridge,,,,,
public,core,com.datastax.oss.driver.api.core.cql,BatchStatement,"newInstance(BatchType, BatchableStatement...)",method,0,0,1,T1,needs-bridge,,,,,
public,core,com.datastax.oss.driver.api.core.cql,BatchStatement,builder(BatchType),method,0,0,1,T1,needs-bridge,,,,,
public,core,com.datastax.oss.driver.api.core.cql,BatchStatement,builder(BatchStatement),method,0,0,1,T1,needs-bridge,,,,,
public,core,com.datastax.oss.driver.api.core.cql,BatchStatement,getBatchType(),method,0,0,1,T1,needs-bridge,,,,,
public,core,com.datastax.oss.driver.api.core.cql,BatchStatement,setBatchType(BatchType),method,0,0,1,T1,needs-bridge,,,,,
public,core,com.datastax.oss.driver.api.core.cql,BatchStatement,setKeyspace(CqlIdentifier),method,0,0,1,T1,needs-bridge,,,,,
public,core,com.datastax.oss.driver.api.core.cql,BatchStatement,setKeyspace(String),method,0,0,1,T1,needs-bridge,,,,,
public,core,com.datastax.oss.driver.api.core.cql,BatchStatement,add(BatchableStatement),method,0,0,1,T1,needs-bridge,,,,,
public,core,com.datastax.oss.driver.api.core.cql,BatchStatement,addAll(Iterable),method,0,0,1,T1,needs-bridge,,,,,
public,core,com.datastax.oss.driver.api.core.cql,BatchStatement,addAll(BatchableStatement...),method,0,0,1,T1,needs-bridge,,,,,
public,core,com.datastax.oss.driver.api.core.cql,BatchStatement,size(),method,0,0,1,T1,needs-bridge,,,,,
public,core,com.datastax.oss.driver.api.core.cql,BatchStatement,clear(),method,0,0,1,T1,needs-bridge,,,,,
public,core,com.datastax.oss.driver.api.core.cql,BatchStatement,computeSizeInBytes(DriverContext),method,0,0,1,T1,needs-bridge,,,,,
public,core,com.datastax.oss.driver.api.core.cql,BatchStatementBuilder,BatchStatementBuilder(BatchType),constructor,0,0,1,T1,needs-bridge,,,,,
public,core,com.datastax.oss.driver.api.core.cql,BatchStatementBuilder,BatchStatementBuilder(BatchStatement),constructor,0,0,1,T1,needs-bridge,,,,,
public,core,com.datastax.oss.driver.api.core.cql,BatchStatementBuilder,setKeyspace(CqlIdentifier),method,0,0,1,T1,needs-bridge,,,,,
public,core,com.datastax.oss.driver.api.core.cql,BatchStatementBuilder,setKeyspace(String),method,0,0,1,T1,needs-bridge,,,,,
public,core,com.datastax.oss.driver.api.core.cql,BatchStatementBuilder,addStatement(BatchableStatement),method,0,0,1,T1,needs-bridge,,,,,
public,core,com.datastax.oss.driver.api.core.cql,BatchStatementBuilder,addStatements(Iterable),method,0,0,1,T1,needs-bridge,,,,,
public,core,com.datastax.oss.driver.api.core.cql,BatchStatementBuilder,addStatements(BatchableStatement...),method,0,0,1,T1,needs-bridge,,,,,
public,core,com.datastax.oss.driver.api.core.cql,BatchStatementBuilder,clearStatements(),method,0,0,1,T1,needs-bridge,,,,,
public,core,com.datastax.oss.driver.api.core.cql,BatchStatementBuilder,build(),method,0,0,1,T1,needs-bridge,,,,,
public,core,com.datastax.oss.driver.api.core.cql,BatchStatementBuilder,getStatementsCount(),method,0,0,1,T1,needs-bridge,,,,,
public,core,com.datastax.oss.driver.api.core.cql,BatchType,LOGGED,field,0,0,1,T1,needs-bridge,,,,,
public,core,com.datastax.oss.driver.api.core.cql,BatchType,UNLOGGED,field,0,0,1,T1,needs-bridge,,,,,
public,core,com.datastax.oss.driver.api.core.cql,BatchType,COUNTER,field,0,0,1,T1,needs-bridge,,,,,
public,core,com.datastax.oss.driver.api.core.cql,BatchType,getProtocolCode(),method,0,0,1,T1,needs-bridge,,,,,
public,core,com.datastax.oss.driver.api.core.cql,BatchableStatement,"(interface, no declared members)",type,0,0,1,T1,needs-bridge,,,,,
public,core,com.datastax.oss.driver.api.core.cql,Bindable,isSet(int),method,0,0,1,T1,needs-bridge,,,,,
public,core,com.datastax.oss.driver.api.core.cql,Bindable,isSet(CqlIdentifier),method,0,0,1,T1,needs-bridge,,,,,
public,core,com.datastax.oss.driver.api.core.cql,Bindable,isSet(String),method,0,0,1,T1,needs-bridge,,,,,
public,core,com.datastax.oss.driver.api.core.cql,Bindable,unset(int),method,0,0,1,T1,needs-bridge,,,,,
public,core,com.datastax.oss.driver.api.core.cql,Bindable,unset(CqlIdentifier),method,0,0,1,T1,needs-bridge,,,,,
public,core,com.datastax.oss.driver.api.core.cql,Bindable,unset(String),method,0,0,1,T1,needs-bridge,,,,,
public,core,com.datastax.oss.driver.api.core.cql,BoundStatement,getPreparedStatement(),method,0,0,1,T1,needs-bridge,,,,,
public,core,com.datastax.oss.driver.api.core.cql,BoundStatement,getValues(),method,0,0,1,T1,needs-bridge,,,,,
public,core,com.datastax.oss.driver.api.core.cql,BoundStatement,getKeyspace(),method,0,0,1,T1,needs-bridge,,,,,
public,core,com.datastax.oss.driver.api.core.cql,BoundStatement,computeSizeInBytes(DriverContext),method,0,0,1,T1,needs-bridge,,,,,
public,core,com.datastax.oss.driver.api.core.cql,BoundStatementBuilder,"BoundStatementBuilder(PreparedStatement, ColumnDefinitions, ByteBuffer[], String, DriverExecutionProfile, CqlIdentifier, ByteBuffer, Token, Map, Boolean, boolean, long, ByteBuffer, int, ConsistencyLevel, ConsistencyLevel, Duration, CodecRegistry, ProtocolVersion, RequestRoutingType)",constructor,0,0,1,T1,needs-bridge,,,,,
public,core,com.datastax.oss.driver.api.core.cql,BoundStatementBuilder,BoundStatementBuilder(BoundStatement),constructor,0,0,1,T1,needs-bridge,,,,,
public,core,com.datastax.oss.driver.api.core.cql,BoundStatementBuilder,getPreparedStatement(),method,0,0,1,T1,needs-bridge,,,,,
public,core,com.datastax.oss.driver.api.core.cql,BoundStatementBuilder,allIndicesOf(CqlIdentifier),method,0,0,1,T1,needs-bridge,,,,,
public,core,com.datastax.oss.driver.api.core.cql,BoundStatementBuilder,firstIndexOf(CqlIdentifier),method,0,0,1,T1,needs-bridge,,,,,
public,core,com.datastax.oss.driver.api.core.cql,BoundStatementBuilder,allIndicesOf(String),method,0,0,1,T1,needs-bridge,,,,,
public,core,com.datastax.oss.driver.api.core.cql,BoundStatementBuilder,firstIndexOf(String),method,0,0,1,T1,needs-bridge,,,,,
public,core,com.datastax.oss.driver.api.core.cql,BoundStatementBuilder,"setBytesUnsafe(int, ByteBuffer)",method,0,0,1,T1,needs-bridge,,,,,
public,core,com.datastax.oss.driver.api.core.cql,BoundStatementBuilder,getBytesUnsafe(int),method,0,0,1,T1,needs-bridge,,,,,
public,core,com.datastax.oss.driver.api.core.cql,BoundStatementBuilder,size(),method,0,0,1,T1,needs-bridge,,,,,
public,core,com.datastax.oss.driver.api.core.cql,BoundStatementBuilder,getType(int),method,0,0,1,T1,needs-bridge,,,,,
public,core,com.datastax.oss.driver.api.core.cql,BoundStatementBuilder,codecRegistry(),method,0,0,1,T1,needs-bridge,,,,,
public,core,com.datastax.oss.driver.api.core.cql,BoundStatementBuilder,protocolVersion(),method,0,0,1,T1,needs-bridge,,,,,
public,core,com.datastax.oss.driver.api.core.cql,BoundStatementBuilder,build(),method,0,0,1,T1,needs-bridge,,,,,
public,core,com.datastax.oss.driver.api.core.cql,ColumnDefinition,getKeyspace(),method,0,0,1,T1,needs-bridge,,,,,
public,core,com.datastax.oss.driver.api.core.cql,ColumnDefinition,getTable(),method,0,0,1,T1,needs-bridge,,,,,
public,core,com.datastax.oss.driver.api.core.cql,ColumnDefinition,getName(),method,0,0,1,T1,needs-bridge,,,,,
public,core,com.datastax.oss.driver.api.core.cql,ColumnDefinition,getType(),method,0,0,1,T1,needs-bridge,,,,,
public,core,com.datastax.oss.driver.api.core.cql,ColumnDefinitions,size(),method,0,0,1,T1,needs-bridge,,,,,
public,core,com.datastax.oss.driver.api.core.cql,ColumnDefinitions,get(int),method,0,0,1,T1,needs-bridge,,,,,
public,core,com.datastax.oss.driver.api.core.cql,ColumnDefinitions,get(String),method,0,0,1,T1,needs-bridge,,,,,
public,core,com.datastax.oss.driver.api.core.cql,ColumnDefinitions,get(CqlIdentifier),method,0,0,1,T1,needs-bridge,,,,,
public,core,com.datastax.oss.driver.api.core.cql,ColumnDefinitions,contains(String),method,0,0,1,T1,needs-bridge,,,,,
public,core,com.datastax.oss.driver.api.core.cql,ColumnDefinitions,contains(CqlIdentifier),method,0,0,1,T1,needs-bridge,,,,,
public,core,com.datastax.oss.driver.api.core.cql,ColumnDefinitions,allIndicesOf(String),method,0,0,1,T1,needs-bridge,,,,,
public,core,com.datastax.oss.driver.api.core.cql,ColumnDefinitions,firstIndexOf(String),method,0,0,1,T1,needs-bridge,,,,,
public,core,com.datastax.oss.driver.api.core.cql,ColumnDefinitions,allIndicesOf(CqlIdentifier),method,0,0,1,T1,needs-bridge,,,,,
public,core,com.datastax.oss.driver.api.core.cql,ColumnDefinitions,firstIndexOf(CqlIdentifier),method,0,0,1,T1,needs-bridge,,,,,
public,core,com.datastax.oss.driver.api.core.cql,DefaultBatchType,LOGGED,enum-constant,0,0,1,T1,needs-bridge,,,,,
public,core,com.datastax.oss.driver.api.core.cql,DefaultBatchType,UNLOGGED,enum-constant,0,0,1,T1,needs-bridge,,,,,
public,core,com.datastax.oss.driver.api.core.cql,DefaultBatchType,COUNTER,enum-constant,0,0,1,T1,needs-bridge,,,,,
public,core,com.datastax.oss.driver.api.core.cql,DefaultBatchType,getProtocolCode(),method,0,0,1,T1,needs-bridge,,,,,
public,core,com.datastax.oss.driver.api.core.cql,DefaultBatchType,values(),method,0,0,1,T1,needs-bridge,,,,,
public,core,com.datastax.oss.driver.api.core.cql,DefaultBatchType,valueOf(String),method,0,0,1,T1,needs-bridge,,,,,
public,core,com.datastax.oss.driver.api.core.cql,ExecutionInfo,getRequest(),method,0,0,1,T1,needs-bridge,,,,,
public,core,com.datastax.oss.driver.api.core.cql,ExecutionInfo,getStatement(),method,1,0,1,T1,needs-bridge,,,,,
public,core,com.datastax.oss.driver.api.core.cql,ExecutionInfo,getCoordinator(),method,0,0,1,T1,needs-bridge,,,,,
public,core,com.datastax.oss.driver.api.core.cql,ExecutionInfo,getSpeculativeExecutionCount(),method,0,0,1,T1,needs-bridge,,,,,
public,core,com.datastax.oss.driver.api.core.cql,ExecutionInfo,getSuccessfulExecutionIndex(),method,0,0,1,T1,needs-bridge,,,,,
public,core,com.datastax.oss.driver.api.core.cql,ExecutionInfo,getErrors(),method,0,0,1,T1,needs-bridge,,,,,
public,core,com.datastax.oss.driver.api.core.cql,ExecutionInfo,getPagingState(),method,0,0,1,T1,needs-bridge,,,,,
public,core,com.datastax.oss.driver.api.core.cql,ExecutionInfo,getSafePagingState(),method,0,0,1,T1,needs-bridge,,,,,
public,core,com.datastax.oss.driver.api.core.cql,ExecutionInfo,getWarnings(),method,0,0,1,T1,needs-bridge,,,,,
public,core,com.datastax.oss.driver.api.core.cql,ExecutionInfo,getIncomingPayload(),method,0,0,1,T1,needs-bridge,,,,,
public,core,com.datastax.oss.driver.api.core.cql,ExecutionInfo,isSchemaInAgreement(),method,0,0,1,T1,needs-bridge,,,,,
public,core,com.datastax.oss.driver.api.core.cql,ExecutionInfo,getTracingId(),method,0,0,1,T1,needs-bridge,,,,,
public,core,com.datastax.oss.driver.api.core.cql,ExecutionInfo,getQueryTraceAsync(),method,0,0,1,T1,needs-bridge,,,,,
public,core,com.datastax.oss.driver.api.core.cql,ExecutionInfo,getQueryTrace(),method,0,0,1,T1,needs-bridge,,,,,
public,core,com.datastax.oss.driver.api.core.cql,ExecutionInfo,getResponseSizeInBytes(),method,0,0,1,T1,needs-bridge,,,,,
public,core,com.datastax.oss.driver.api.core.cql,ExecutionInfo,getCompressedResponseSizeInBytes(),method,0,0,1,T1,needs-bridge,,,,,
public,core,com.datastax.oss.driver.api.core.cql,PagingState,fromString(String),method,0,0,1,T1,needs-bridge,,,,,
public,core,com.datastax.oss.driver.api.core.cql,PagingState,fromBytes(byte[]),method,0,0,1,T1,needs-bridge,,,,,
public,core,com.datastax.oss.driver.api.core.cql,PagingState,toBytes(),method,0,0,1,T1,needs-bridge,,,,,
public,core,com.datastax.oss.driver.api.core.cql,PagingState,matches(Statement),method,0,0,1,T1,needs-bridge,,,,,
public,core,com.datastax.oss.driver.api.core.cql,PagingState,"matches(Statement, Session)",method,0,0,1,T1,needs-bridge,,,,,
public,core,com.datastax.oss.driver.api.core.cql,PagingState,getRawPagingState(),method,0,0,1,T1,needs-bridge,,,,,
public,core,com.datastax.oss.driver.api.core.cql,PrepareRequest,SYNC,field,0,0,1,T1,needs-bridge,,,,,
public,core,com.datastax.oss.driver.api.core.cql,PrepareRequest,ASYNC,field,0,0,1,T1,needs-bridge,,,,,
public,core,com.datastax.oss.driver.api.core.cql,PrepareRequest,getQuery(),method,0,0,1,T1,needs-bridge,,,,,
public,core,com.datastax.oss.driver.api.core.cql,PrepareRequest,isIdempotent(),method,0,0,1,T1,needs-bridge,,,,,
public,core,com.datastax.oss.driver.api.core.cql,PrepareRequest,getExecutionProfileNameForBoundStatements(),method,0,0,1,T1,needs-bridge,,,,,
public,core,com.datastax.oss.driver.api.core.cql,PrepareRequest,getExecutionProfileForBoundStatements(),method,0,0,1,T1,needs-bridge,,,,,
public,core,com.datastax.oss.driver.api.core.cql,PrepareRequest,getRoutingKeyspaceForBoundStatements(),method,0,0,1,T1,needs-bridge,,,,,
public,core,com.datastax.oss.driver.api.core.cql,PrepareRequest,getRoutingKeyForBoundStatements(),method,0,0,1,T1,needs-bridge,,,,,
public,core,com.datastax.oss.driver.api.core.cql,PrepareRequest,getRoutingTokenForBoundStatements(),method,0,0,1,T1,needs-bridge,,,,,
public,core,com.datastax.oss.driver.api.core.cql,PrepareRequest,getCustomPayloadForBoundStatements(),method,0,0,1,T1,needs-bridge,,,,,
public,core,com.datastax.oss.driver.api.core.cql,PrepareRequest,areBoundStatementsIdempotent(),method,0,0,1,T1,needs-bridge,,,,,
public,core,com.datastax.oss.driver.api.core.cql,PrepareRequest,getTimeoutForBoundStatements(),method,0,0,1,T1,needs-bridge,,,,,
public,core,com.datastax.oss.driver.api.core.cql,PrepareRequest,getPagingStateForBoundStatements(),method,0,0,1,T1,needs-bridge,,,,,
public,core,com.datastax.oss.driver.api.core.cql,PrepareRequest,getPageSizeForBoundStatements(),method,0,0,1,T1,needs-bridge,,,,,
public,core,com.datastax.oss.driver.api.core.cql,PrepareRequest,getConsistencyLevelForBoundStatements(),method,0,0,1,T1,needs-bridge,,,,,
public,core,com.datastax.oss.driver.api.core.cql,PrepareRequest,getSerialConsistencyLevelForBoundStatements(),method,0,0,1,T1,needs-bridge,,,,,
public,core,com.datastax.oss.driver.api.core.cql,PrepareRequest,areBoundStatementsTracing(),method,0,0,1,T1,needs-bridge,,,,,
public,core,com.datastax.oss.driver.api.core.cql,PreparedStatement,getId(),method,0,0,1,T1,needs-bridge,CqlPrepareAsyncProcessor,,,,
public,core,com.datastax.oss.driver.api.core.cql,PreparedStatement,getQuery(),method,0,0,1,T1,needs-bridge,CqlPrepareAsyncProcessor,,,,
public,core,com.datastax.oss.driver.api.core.cql,PreparedStatement,getVariableDefinitions(),method,0,0,1,T1,needs-bridge,CqlPrepareAsyncProcessor,,,,
public,core,com.datastax.oss.driver.api.core.cql,PreparedStatement,getPartitioner(),method,0,0,1,T1,needs-bridge,CqlPrepareAsyncProcessor,,,,
public,core,com.datastax.oss.driver.api.core.cql,PreparedStatement,getPartitionKeyIndices(),method,0,0,1,T1,needs-bridge,CqlPrepareAsyncProcessor,,,,
public,core,com.datastax.oss.driver.api.core.cql,PreparedStatement,getResultMetadataId(),method,0,0,1,T1,needs-bridge,CqlPrepareAsyncProcessor,,,,
public,core,com.datastax.oss.driver.api.core.cql,PreparedStatement,getResultSetDefinitions(),method,0,0,1,T1,needs-bridge,CqlPrepareAsyncProcessor,,,,
public,core,com.datastax.oss.driver.api.core.cql,PreparedStatement,isLWT(),method,0,0,1,T1,needs-bridge,CqlPrepareAsyncProcessor,,,,
public,core,com.datastax.oss.driver.api.core.cql,PreparedStatement,getRequestRoutingType(),method,0,0,1,T1,needs-bridge,CqlPrepareAsyncProcessor,,,,
public,core,com.datastax.oss.driver.api.core.cql,PreparedStatement,"setResultMetadata(ByteBuffer, ColumnDefinitions)",method,0,0,1,T1,needs-bridge,CqlPrepareAsyncProcessor,,,,
public,core,com.datastax.oss.driver.api.core.cql,PreparedStatement,bind(Object...),method,0,0,1,T1,needs-bridge,CqlPrepareAsyncProcessor,,,,
public,core,com.datastax.oss.driver.api.core.cql,PreparedStatement,boundStatementBuilder(Object...),method,0,0,1,T1,needs-bridge,CqlPrepareAsyncProcessor,,,,
public,core,com.datastax.oss.driver.api.core.cql,QueryTrace,getTracingId(),method,0,0,1,T1,needs-bridge,,,,,
public,core,com.datastax.oss.driver.api.core.cql,QueryTrace,getRequestType(),method,0,0,1,T1,needs-bridge,,,,,
public,core,com.datastax.oss.driver.api.core.cql,QueryTrace,getDurationMicros(),method,0,0,1,T1,needs-bridge,,,,,
public,core,com.datastax.oss.driver.api.core.cql,QueryTrace,getCoordinator(),method,1,0,1,T1,needs-bridge,,,,,
public,core,com.datastax.oss.driver.api.core.cql,QueryTrace,getCoordinatorAddress(),method,0,0,1,T1,needs-bridge,,,,,
public,core,com.datastax.oss.driver.api.core.cql,QueryTrace,getParameters(),method,0,0,1,T1,needs-bridge,,,,,
public,core,com.datastax.oss.driver.api.core.cql,QueryTrace,getStartedAt(),method,0,0,1,T1,needs-bridge,,,,,
public,core,com.datastax.oss.driver.api.core.cql,QueryTrace,getEvents(),method,0,0,1,T1,needs-bridge,,,,,
public,core,com.datastax.oss.driver.api.core.cql,ResultSet,wasApplied(),method,0,0,1,T1,needs-bridge,CqlRequestAsyncProcessor,,,,
public,core,com.datastax.oss.driver.api.core.cql,Row,getColumnDefinitions(),method,0,0,1,T1,needs-bridge,,,,,
public,core,com.datastax.oss.driver.api.core.cql,Row,getFormattedContents(),method,0,0,1,T1,needs-bridge,,,,,
public,core,com.datastax.oss.driver.api.core.cql,Row,toString(),method,0,0,1,T1,needs-bridge,,,,,
public,core,com.datastax.oss.driver.api.core.cql,SimpleStatement,newInstance(String),method,0,0,1,T1,needs-bridge,,,,,
public,core,com.datastax.oss.driver.api.core.cql,SimpleStatement,"newInstance(String, Object...)",method,0,0,1,T1,needs-bridge,,,,,
public,core,com.datastax.oss.driver.api.core.cql,SimpleStatement,"newInstance(String, Map)",method,0,0,1,T1,needs-bridge,,,,,
public,core,com.datastax.oss.driver.api.core.cql,SimpleStatement,builder(String),method,0,0,1,T1,needs-bridge,,,,,
public,core,com.datastax.oss.driver.api.core.cql,SimpleStatement,builder(SimpleStatement),method,0,0,1,T1,needs-bridge,,,,,
public,core,com.datastax.oss.driver.api.core.cql,SimpleStatement,getQuery(),method,0,0,1,T1,needs-bridge,,,,,
public,core,com.datastax.oss.driver.api.core.cql,SimpleStatement,setQuery(String),method,0,0,1,T1,needs-bridge,,,,,
public,core,com.datastax.oss.driver.api.core.cql,SimpleStatement,setKeyspace(CqlIdentifier),method,0,0,1,T1,needs-bridge,,,,,
public,core,com.datastax.oss.driver.api.core.cql,SimpleStatement,setKeyspace(String),method,0,0,1,T1,needs-bridge,,,,,
public,core,com.datastax.oss.driver.api.core.cql,SimpleStatement,getPositionalValues(),method,0,0,1,T1,needs-bridge,,,,,
public,core,com.datastax.oss.driver.api.core.cql,SimpleStatement,setPositionalValues(List),method,0,0,1,T1,needs-bridge,,,,,
public,core,com.datastax.oss.driver.api.core.cql,SimpleStatement,getNamedValues(),method,0,0,1,T1,needs-bridge,,,,,
public,core,com.datastax.oss.driver.api.core.cql,SimpleStatement,setNamedValuesWithIds(Map),method,0,0,1,T1,needs-bridge,,,,,
public,core,com.datastax.oss.driver.api.core.cql,SimpleStatement,setNamedValues(Map),method,0,0,1,T1,needs-bridge,,,,,
public,core,com.datastax.oss.driver.api.core.cql,SimpleStatement,computeSizeInBytes(DriverContext),method,0,0,1,T1,needs-bridge,,,,,
public,core,com.datastax.oss.driver.api.core.cql,SimpleStatementBuilder,SimpleStatementBuilder(String),constructor,0,0,1,T1,needs-bridge,,,,,
public,core,com.datastax.oss.driver.api.core.cql,SimpleStatementBuilder,SimpleStatementBuilder(SimpleStatement),constructor,0,0,1,T1,needs-bridge,,,,,
public,core,com.datastax.oss.driver.api.core.cql,SimpleStatementBuilder,setQuery(String),method,0,0,1,T1,needs-bridge,,,,,
public,core,com.datastax.oss.driver.api.core.cql,SimpleStatementBuilder,setKeyspace(CqlIdentifier),method,0,0,1,T1,needs-bridge,,,,,
public,core,com.datastax.oss.driver.api.core.cql,SimpleStatementBuilder,setKeyspace(String),method,0,0,1,T1,needs-bridge,,,,,
public,core,com.datastax.oss.driver.api.core.cql,SimpleStatementBuilder,addPositionalValue(Object),method,0,0,1,T1,needs-bridge,,,,,
public,core,com.datastax.oss.driver.api.core.cql,SimpleStatementBuilder,addPositionalValues(Iterable),method,0,0,1,T1,needs-bridge,,,,,
public,core,com.datastax.oss.driver.api.core.cql,SimpleStatementBuilder,addPositionalValues(Object...),method,0,0,1,T1,needs-bridge,,,,,
public,core,com.datastax.oss.driver.api.core.cql,SimpleStatementBuilder,clearPositionalValues(),method,0,0,1,T1,needs-bridge,,,,,
public,core,com.datastax.oss.driver.api.core.cql,SimpleStatementBuilder,"addNamedValue(CqlIdentifier, Object)",method,0,0,1,T1,needs-bridge,,,,,
public,core,com.datastax.oss.driver.api.core.cql,SimpleStatementBuilder,"addNamedValue(String, Object)",method,0,0,1,T1,needs-bridge,,,,,
public,core,com.datastax.oss.driver.api.core.cql,SimpleStatementBuilder,clearNamedValues(),method,0,0,1,T1,needs-bridge,,,,,
public,core,com.datastax.oss.driver.api.core.cql,SimpleStatementBuilder,build(),method,0,0,1,T1,needs-bridge,,,,,
public,core,com.datastax.oss.driver.api.core.cql,Statement,SYNC,field,0,0,1,T1,needs-bridge,,,,,
public,core,com.datastax.oss.driver.api.core.cql,Statement,ASYNC,field,0,0,1,T1,needs-bridge,,,,,
public,core,com.datastax.oss.driver.api.core.cql,Statement,NO_DEFAULT_TIMESTAMP,field,0,0,1,T1,needs-bridge,,,,,
public,core,com.datastax.oss.driver.api.core.cql,Statement,NO_NOW_IN_SECONDS,field,0,0,1,T1,needs-bridge,,,,,
public,core,com.datastax.oss.driver.api.core.cql,Statement,setExecutionProfileName(String),method,0,0,1,T1,needs-bridge,,,,,
public,core,com.datastax.oss.driver.api.core.cql,Statement,setExecutionProfile(DriverExecutionProfile),method,0,0,1,T1,needs-bridge,,,,,
public,core,com.datastax.oss.driver.api.core.cql,Statement,setRoutingKeyspace(CqlIdentifier),method,0,0,1,T1,needs-bridge,,,,,
public,core,com.datastax.oss.driver.api.core.cql,Statement,setNode(Node),method,0,0,1,T1,needs-bridge,,,,,
public,core,com.datastax.oss.driver.api.core.cql,Statement,setRoutingKeyspace(String),method,0,0,1,T1,needs-bridge,,,,,
public,core,com.datastax.oss.driver.api.core.cql,Statement,setRoutingKey(ByteBuffer),method,0,0,1,T1,needs-bridge,,,,,
public,core,com.datastax.oss.driver.api.core.cql,Statement,setRoutingKey(ByteBuffer...),method,0,0,1,T1,needs-bridge,,,,,
public,core,com.datastax.oss.driver.api.core.cql,Statement,setRoutingToken(Token),method,0,0,1,T1,needs-bridge,,,,,
public,core,com.datastax.oss.driver.api.core.cql,Statement,setCustomPayload(Map),method,0,0,1,T1,needs-bridge,,,,,
public,core,com.datastax.oss.driver.api.core.cql,Statement,setIdempotent(Boolean),method,0,0,1,T1,needs-bridge,,,,,
public,core,com.datastax.oss.driver.api.core.cql,Statement,setTracing(boolean),method,0,0,1,T1,needs-bridge,,,,,
public,core,com.datastax.oss.driver.api.core.cql,Statement,enableTracing(),method,1,0,1,T1,needs-bridge,,,,,
public,core,com.datastax.oss.driver.api.core.cql,Statement,disableTracing(),method,1,0,1,T1,needs-bridge,,,,,
public,core,com.datastax.oss.driver.api.core.cql,Statement,getQueryTimestamp(),method,0,0,1,T1,needs-bridge,,,,,
public,core,com.datastax.oss.driver.api.core.cql,Statement,getDefaultTimestamp(),method,1,0,1,T1,needs-bridge,,,,,
public,core,com.datastax.oss.driver.api.core.cql,Statement,setQueryTimestamp(long),method,0,0,1,T1,needs-bridge,,,,,
public,core,com.datastax.oss.driver.api.core.cql,Statement,setDefaultTimestamp(long),method,1,0,1,T1,needs-bridge,,,,,
public,core,com.datastax.oss.driver.api.core.cql,Statement,setTimeout(Duration),method,0,0,1,T1,needs-bridge,,,,,
public,core,com.datastax.oss.driver.api.core.cql,Statement,getPagingState(),method,0,0,1,T1,needs-bridge,,,,,
public,core,com.datastax.oss.driver.api.core.cql,Statement,setPagingState(ByteBuffer),method,0,0,1,T1,needs-bridge,,,,,
public,core,com.datastax.oss.driver.api.core.cql,Statement,setPagingState(PagingState),method,0,0,1,T1,needs-bridge,,,,,
public,core,com.datastax.oss.driver.api.core.cql,Statement,"setPagingState(PagingState, Session)",method,0,0,1,T1,needs-bridge,,,,,
public,core,com.datastax.oss.driver.api.core.cql,Statement,getPageSize(),method,0,0,1,T1,needs-bridge,,,,,
public,core,com.datastax.oss.driver.api.core.cql,Statement,getFetchSize(),method,1,0,1,T1,needs-bridge,,,,,
public,core,com.datastax.oss.driver.api.core.cql,Statement,setPageSize(int),method,0,0,1,T1,needs-bridge,,,,,
public,core,com.datastax.oss.driver.api.core.cql,Statement,setFetchSize(int),method,1,0,1,T1,needs-bridge,,,,,
public,core,com.datastax.oss.driver.api.core.cql,Statement,getConsistencyLevel(),method,0,0,1,T1,needs-bridge,,,,,
public,core,com.datastax.oss.driver.api.core.cql,Statement,setConsistencyLevel(ConsistencyLevel),method,0,0,1,T1,needs-bridge,,,,,
public,core,com.datastax.oss.driver.api.core.cql,Statement,getSerialConsistencyLevel(),method,0,0,1,T1,needs-bridge,,,,,
public,core,com.datastax.oss.driver.api.core.cql,Statement,setSerialConsistencyLevel(ConsistencyLevel),method,0,0,1,T1,needs-bridge,,,,,
public,core,com.datastax.oss.driver.api.core.cql,Statement,isTracing(),method,0,0,1,T1,needs-bridge,,,,,
public,core,com.datastax.oss.driver.api.core.cql,Statement,getNowInSeconds(),method,0,0,1,T1,needs-bridge,,,,,
public,core,com.datastax.oss.driver.api.core.cql,Statement,setNowInSeconds(int),method,0,0,1,T1,needs-bridge,,,,,
public,core,com.datastax.oss.driver.api.core.cql,Statement,setRequestRoutingType(RequestRoutingType),method,0,0,1,T1,needs-bridge,,,,,
public,core,com.datastax.oss.driver.api.core.cql,Statement,isLWT(),method,0,0,1,T1,needs-bridge,,,,,
public,core,com.datastax.oss.driver.api.core.cql,Statement,computeSizeInBytes(DriverContext),method,0,0,1,T1,needs-bridge,,,,,
public,core,com.datastax.oss.driver.api.core.cql,Statement,copy(ByteBuffer),method,0,0,1,T1,needs-bridge,,,,,
protected,core,com.datastax.oss.driver.api.core.cql,StatementBuilder,executionProfileName,field,0,0,1,T1,needs-bridge,,,,,
protected,core,com.datastax.oss.driver.api.core.cql,StatementBuilder,executionProfile,field,0,0,1,T1,needs-bridge,,,,,
protected,core,com.datastax.oss.driver.api.core.cql,StatementBuilder,routingKeyspace,field,0,0,1,T1,needs-bridge,,,,,
protected,core,com.datastax.oss.driver.api.core.cql,StatementBuilder,routingKey,field,0,0,1,T1,needs-bridge,,,,,
protected,core,com.datastax.oss.driver.api.core.cql,StatementBuilder,routingToken,field,0,0,1,T1,needs-bridge,,,,,
protected,core,com.datastax.oss.driver.api.core.cql,StatementBuilder,idempotent,field,0,0,1,T1,needs-bridge,,,,,
protected,core,com.datastax.oss.driver.api.core.cql,StatementBuilder,tracing,field,0,0,1,T1,needs-bridge,,,,,
protected,core,com.datastax.oss.driver.api.core.cql,StatementBuilder,timestamp,field,0,0,1,T1,needs-bridge,,,,,
protected,core,com.datastax.oss.driver.api.core.cql,StatementBuilder,pagingState,field,0,0,1,T1,needs-bridge,,,,,
protected,core,com.datastax.oss.driver.api.core.cql,StatementBuilder,pageSize,field,0,0,1,T1,needs-bridge,,,,,
protected,core,com.datastax.oss.driver.api.core.cql,StatementBuilder,consistencyLevel,field,0,0,1,T1,needs-bridge,,,,,
protected,core,com.datastax.oss.driver.api.core.cql,StatementBuilder,serialConsistencyLevel,field,0,0,1,T1,needs-bridge,,,,,
protected,core,com.datastax.oss.driver.api.core.cql,StatementBuilder,timeout,field,0,0,1,T1,needs-bridge,,,,,
protected,core,com.datastax.oss.driver.api.core.cql,StatementBuilder,node,field,0,0,1,T1,needs-bridge,,,,,
protected,core,com.datastax.oss.driver.api.core.cql,StatementBuilder,nowInSeconds,field,0,0,1,T1,needs-bridge,,,,,
protected,core,com.datastax.oss.driver.api.core.cql,StatementBuilder,requestRoutingType,field,0,0,1,T1,needs-bridge,,,,,
protected,core,com.datastax.oss.driver.api.core.cql,StatementBuilder,StatementBuilder(),constructor,0,0,1,T1,needs-bridge,,,,,
protected,core,com.datastax.oss.driver.api.core.cql,StatementBuilder,StatementBuilder(StatementT),constructor,0,0,1,T1,needs-bridge,,,,,
public,core,com.datastax.oss.driver.api.core.cql,StatementBuilder,setExecutionProfileName(String),method,0,0,1,T1,needs-bridge,,,,,
public,core,com.datastax.oss.driver.api.core.cql,StatementBuilder,setExecutionProfile(DriverExecutionProfile),method,0,0,1,T1,needs-bridge,,,,,
public,core,com.datastax.oss.driver.api.core.cql,StatementBuilder,setRoutingKeyspace(CqlIdentifier),method,0,0,1,T1,needs-bridge,,,,,
public,core,com.datastax.oss.driver.api.core.cql,StatementBuilder,setRoutingKeyspace(String),method,0,0,1,T1,needs-bridge,,,,,
public,core,com.datastax.oss.driver.api.core.cql,StatementBuilder,setRoutingKey(ByteBuffer),method,0,0,1,T1,needs-bridge,,,,,
public,core,com.datastax.oss.driver.api.core.cql,StatementBuilder,setRoutingKey(ByteBuffer...),method,0,0,1,T1,needs-bridge,,,,,
public,core,com.datastax.oss.driver.api.core.cql,StatementBuilder,setRoutingToken(Token),method,0,0,1,T1,needs-bridge,,,,,
public,core,com.datastax.oss.driver.api.core.cql,StatementBuilder,"addCustomPayload(String, ByteBuffer)",method,0,0,1,T1,needs-bridge,,,,,
public,core,com.datastax.oss.driver.api.core.cql,StatementBuilder,clearCustomPayload(),method,0,0,1,T1,needs-bridge,,,,,
public,core,com.datastax.oss.driver.api.core.cql,StatementBuilder,setIdempotence(Boolean),method,0,0,1,T1,needs-bridge,,,,,
public,core,com.datastax.oss.driver.api.core.cql,StatementBuilder,setTracing(),method,0,0,1,T1,needs-bridge,,,,,
public,core,com.datastax.oss.driver.api.core.cql,StatementBuilder,setTracing(boolean),method,0,0,1,T1,needs-bridge,,,,,
public,core,com.datastax.oss.driver.api.core.cql,StatementBuilder,enableTracing(),method,1,0,1,T1,needs-bridge,,,,,
public,core,com.datastax.oss.driver.api.core.cql,StatementBuilder,disableTracing(),method,1,0,1,T1,needs-bridge,,,,,
public,core,com.datastax.oss.driver.api.core.cql,StatementBuilder,setQueryTimestamp(long),method,0,0,1,T1,needs-bridge,,,,,
public,core,com.datastax.oss.driver.api.core.cql,StatementBuilder,setDefaultTimestamp(long),method,1,0,1,T1,needs-bridge,,,,,
public,core,com.datastax.oss.driver.api.core.cql,StatementBuilder,setPagingState(ByteBuffer),method,0,0,1,T1,needs-bridge,,,,,
public,core,com.datastax.oss.driver.api.core.cql,StatementBuilder,setPageSize(int),method,0,0,1,T1,needs-bridge,,,,,
public,core,com.datastax.oss.driver.api.core.cql,StatementBuilder,setFetchSize(int),method,1,0,1,T1,needs-bridge,,,,,
public,core,com.datastax.oss.driver.api.core.cql,StatementBuilder,setConsistencyLevel(ConsistencyLevel),method,0,0,1,T1,needs-bridge,,,,,
public,core,com.datastax.oss.driver.api.core.cql,StatementBuilder,setSerialConsistencyLevel(ConsistencyLevel),method,0,0,1,T1,needs-bridge,,,,,
public,core,com.datastax.oss.driver.api.core.cql,StatementBuilder,setTimeout(Duration),method,0,0,1,T1,needs-bridge,,,,,
public,core,com.datastax.oss.driver.api.core.cql,StatementBuilder,setNode(Node),method,0,0,1,T1,needs-bridge,,,,,
public,core,com.datastax.oss.driver.api.core.cql,StatementBuilder,setNowInSeconds(int),method,0,0,1,T1,needs-bridge,,,,,
public,core,com.datastax.oss.driver.api.core.cql,StatementBuilder,setRequestRoutingType(RequestRoutingType),method,0,0,1,T1,needs-bridge,,,,,
protected,core,com.datastax.oss.driver.api.core.cql,StatementBuilder,buildCustomPayload(),method,0,0,1,T1,needs-bridge,,,,,
public,core,com.datastax.oss.driver.api.core.cql,StatementBuilder,build(),method,0,0,1,T1,needs-bridge,,,,,
public,core,com.datastax.oss.driver.api.core.cql,SyncCqlSession,execute(Statement),method,0,0,1,T1,needs-bridge,CqlRequestAsyncProcessor,,,,
public,core,com.datastax.oss.driver.api.core.cql,SyncCqlSession,execute(String),method,0,0,1,T1,needs-bridge,CqlRequestAsyncProcessor,,,,
public,core,com.datastax.oss.driver.api.core.cql,SyncCqlSession,"execute(String, Object...)",method,0,0,1,T1,needs-bridge,CqlRequestAsyncProcessor,,,,
public,core,com.datastax.oss.driver.api.core.cql,SyncCqlSession,"execute(String, Map)",method,0,0,1,T1,needs-bridge,CqlRequestAsyncProcessor,,,,
public,core,com.datastax.oss.driver.api.core.cql,SyncCqlSession,prepare(SimpleStatement),method,0,0,1,T1,needs-bridge,CqlPrepareAsyncProcessor,,,,
public,core,com.datastax.oss.driver.api.core.cql,SyncCqlSession,prepare(String),method,0,0,1,T1,needs-bridge,CqlPrepareAsyncProcessor,,,,
public,core,com.datastax.oss.driver.api.core.cql,SyncCqlSession,prepare(PrepareRequest),method,0,0,1,T1,needs-bridge,CqlPrepareAsyncProcessor,,,,
public,core,com.datastax.oss.driver.api.core.cql,TraceEvent,getActivity(),method,0,0,1,T1,needs-bridge,,,,,
public,core,com.datastax.oss.driver.api.core.cql,TraceEvent,getTimestamp(),method,0,0,1,T1,needs-bridge,,,,,
public,core,com.datastax.oss.driver.api.core.cql,TraceEvent,getSource(),method,1,0,1,T1,needs-bridge,,,,,
public,core,com.datastax.oss.driver.api.core.cql,TraceEvent,getSourceAddress(),method,0,0,1,T1,needs-bridge,,,,,
public,core,com.datastax.oss.driver.api.core.cql,TraceEvent,getSourceElapsedMicros(),method,0,0,1,T1,needs-bridge,,,,,
public,core,com.datastax.oss.driver.api.core.cql,TraceEvent,getThreadName(),method,0,0,1,T1,needs-bridge,,,,,
public,core,com.datastax.oss.driver.api.core.cql.reactive,ReactiveQueryMetadata,getColumnDefinitions(),method,0,0,1,T2,needs-bridge,,,,,
public,core,com.datastax.oss.driver.api.core.cql.reactive,ReactiveQueryMetadata,getExecutionInfos(),method,0,0,1,T2,needs-bridge,,,,,
public,core,com.datastax.oss.driver.api.core.cql.reactive,ReactiveQueryMetadata,wasApplied(),method,0,0,1,T2,needs-bridge,,,,,
public,core,com.datastax.oss.driver.api.core.cql.reactive,ReactiveResultSet,"(interface, no declared members)",type,0,0,1,T2,needs-bridge,,,,,
public,core,com.datastax.oss.driver.api.core.cql.reactive,ReactiveRow,getColumnDefinitions(),method,0,0,1,T2,needs-bridge,,,,,
public,core,com.datastax.oss.driver.api.core.cql.reactive,ReactiveRow,getExecutionInfo(),method,0,0,1,T2,needs-bridge,,,,,
public,core,com.datastax.oss.driver.api.core.cql.reactive,ReactiveRow,wasApplied(),method,0,0,1,T2,needs-bridge,,,,,
public,core,com.datastax.oss.driver.api.core.cql.reactive,ReactiveSession,executeReactive(String),method,0,0,1,T2,needs-bridge,,,,,
public,core,com.datastax.oss.driver.api.core.cql.reactive,ReactiveSession,"executeReactive(String, Object...)",method,0,0,1,T2,needs-bridge,,,,,
public,core,com.datastax.oss.driver.api.core.cql.reactive,ReactiveSession,"executeReactive(String, Map)",method,0,0,1,T2,needs-bridge,,,,,
public,core,com.datastax.oss.driver.api.core.cql.reactive,ReactiveSession,executeReactive(Statement),method,0,0,1,T2,needs-bridge,,,,,
public,core,com.datastax.oss.driver.api.core.data,AccessibleById,allIndicesOf(CqlIdentifier),method,0,0,1,T1,host-side,,,,,
public,core,com.datastax.oss.driver.api.core.data,AccessibleById,firstIndexOf(CqlIdentifier),method,0,0,1,T1,host-side,,,,,
public,core,com.datastax.oss.driver.api.core.data,AccessibleById,getType(CqlIdentifier),method,0,0,1,T1,host-side,,,,,
public,core,com.datastax.oss.driver.api.core.data,AccessibleByIndex,size(),method,0,0,1,T1,host-side,,,,,
public,core,com.datastax.oss.driver.api.core.data,AccessibleByIndex,getType(int),method,0,0,1,T1,host-side,,,,,
public,core,com.datastax.oss.driver.api.core.data,AccessibleByName,allIndicesOf(String),method,0,0,1,T1,host-side,,,,,
public,core,com.datastax.oss.driver.api.core.data,AccessibleByName,firstIndexOf(String),method,0,0,1,T1,host-side,,,,,
public,core,com.datastax.oss.driver.api.core.data,AccessibleByName,getType(String),method,0,0,1,T1,host-side,,,,,
public,core,com.datastax.oss.driver.api.core.data,ByteUtils,toHexString(ByteBuffer),method,0,0,1,T1,host-side,,,,,
public,core,com.datastax.oss.driver.api.core.data,ByteUtils,toHexString(byte[]),method,0,0,1,T1,host-side,,,,,
public,core,com.datastax.oss.driver.api.core.data,ByteUtils,fromHexString(String),method,0,0,1,T1,host-side,,,,,
public,core,com.datastax.oss.driver.api.core.data,ByteUtils,getArray(ByteBuffer),method,0,0,1,T1,host-side,,,,,
public,core,com.datastax.oss.driver.api.core.data,CqlDuration,"newInstance(int, int, long)",method,0,0,1,T1,host-side,,,,,
public,core,com.datastax.oss.driver.api.core.data,CqlDuration,from(String),method,0,0,1,T1,host-side,,,,,
public,core,com.datastax.oss.driver.api.core.data,CqlDuration,getMonths(),method,0,0,1,T1,host-side,,,,,
public,core,com.datastax.oss.driver.api.core.data,CqlDuration,getDays(),method,0,0,1,T1,host-side,,,,,
public,core,com.datastax.oss.driver.api.core.data,CqlDuration,getNanoseconds(),method,0,0,1,T1,host-side,,,,,
public,core,com.datastax.oss.driver.api.core.data,CqlDuration,addTo(Temporal),method,0,0,1,T1,host-side,,,,,
public,core,com.datastax.oss.driver.api.core.data,CqlDuration,subtractFrom(Temporal),method,0,0,1,T1,host-side,,,,,
public,core,com.datastax.oss.driver.api.core.data,CqlDuration,get(TemporalUnit),method,0,0,1,T1,host-side,,,,,
public,core,com.datastax.oss.driver.api.core.data,CqlDuration,getUnits(),method,0,0,1,T1,host-side,,,,,
public,core,com.datastax.oss.driver.api.core.data,CqlDuration,equals(Object),method,0,0,1,T1,host-side,,,,,
public,core,com.datastax.oss.driver.api.core.data,CqlDuration,appendTo(StringBuilder),method,0,0,1,T1,host-side,,,,,
public,core,com.datastax.oss.driver.api.core.data,CqlDuration,hashCode(),method,0,0,1,T1,host-side,,,,,
public,core,com.datastax.oss.driver.api.core.data,CqlDuration,toString(),method,0,0,1,T1,host-side,,,,,
public,core,com.datastax.oss.driver.api.core.data,CqlVector,newInstance(V...),method,0,0,1,T1,host-side,,,,,
public,core,com.datastax.oss.driver.api.core.data,CqlVector,newInstance(List),method,0,0,1,T1,host-side,,,,,
public,core,com.datastax.oss.driver.api.core.data,CqlVector,"from(String, TypeCodec)",method,0,0,1,T1,host-side,,,,,
public,core,com.datastax.oss.driver.api.core.data,CqlVector,get(int),method,0,0,1,T1,host-side,,,,,
public,core,com.datastax.oss.driver.api.core.data,CqlVector,"set(int, T)",method,0,0,1,T1,host-side,,,,,
public,core,com.datastax.oss.driver.api.core.data,CqlVector,size(),method,0,0,1,T1,host-side,,,,,
public,core,com.datastax.oss.driver.api.core.data,CqlVector,"subVector(int, int)",method,0,0,1,T1,host-side,,,,,
public,core,com.datastax.oss.driver.api.core.data,CqlVector,isEmpty(),method,0,0,1,T1,host-side,,,,,
public,core,com.datastax.oss.driver.api.core.data,CqlVector,iterator(),method,0,0,1,T1,host-side,,,,,
public,core,com.datastax.oss.driver.api.core.data,CqlVector,stream(),method,0,0,1,T1,host-side,,,,,
public,core,com.datastax.oss.driver.api.core.data,CqlVector,equals(Object),method,0,0,1,T1,host-side,,,,,
public,core,com.datastax.oss.driver.api.core.data,CqlVector,hashCode(),method,0,0,1,T1,host-side,,,,,
public,core,com.datastax.oss.driver.api.core.data,CqlVector,toString(),method,0,0,1,T1,host-side,,,,,
public,core,com.datastax.oss.driver.api.core.data,Data,codecRegistry(),method,0,0,1,T1,host-side,,,,,
public,core,com.datastax.oss.driver.api.core.data,Data,protocolVersion(),method,0,0,1,T1,host-side,,,,,
public,core,com.datastax.oss.driver.api.core.data,GettableById,getBytesUnsafe(CqlIdentifier),method,0,0,1,T1,host-side,,,,,
public,core,com.datastax.oss.driver.api.core.data,GettableById,isNull(CqlIdentifier),method,0,0,1,T1,host-side,,,,,
public,core,com.datastax.oss.driver.api.core.data,GettableById,"get(CqlIdentifier, TypeCodec)",method,0,0,1,T1,host-side,,,,,
public,core,com.datastax.oss.driver.api.core.data,GettableById,"get(CqlIdentifier, GenericType)",method,0,0,1,T1,host-side,,,,,
public,core,com.datastax.oss.driver.api.core.data,GettableById,"get(CqlIdentifier, Class)",method,0,0,1,T1,host-side,,,,,
public,core,com.datastax.oss.driver.api.core.data,GettableById,getObject(CqlIdentifier),method,0,0,1,T1,host-side,,,,,
public,core,com.datastax.oss.driver.api.core.data,GettableById,getBoolean(CqlIdentifier),method,0,0,1,T1,host-side,,,,,
public,core,com.datastax.oss.driver.api.core.data,GettableById,getBool(CqlIdentifier),method,1,0,1,T1,host-side,,,,,
public,core,com.datastax.oss.driver.api.core.data,GettableById,getByte(CqlIdentifier),method,0,0,1,T1,host-side,,,,,
public,core,com.datastax.oss.driver.api.core.data,GettableById,getDouble(CqlIdentifier),method,0,0,1,T1,host-side,,,,,
public,core,com.datastax.oss.driver.api.core.data,GettableById,getFloat(CqlIdentifier),method,0,0,1,T1,host-side,,,,,
public,core,com.datastax.oss.driver.api.core.data,GettableById,getInt(CqlIdentifier),method,0,0,1,T1,host-side,,,,,
public,core,com.datastax.oss.driver.api.core.data,GettableById,getLong(CqlIdentifier),method,0,0,1,T1,host-side,,,,,
public,core,com.datastax.oss.driver.api.core.data,GettableById,getShort(CqlIdentifier),method,0,0,1,T1,host-side,,,,,
public,core,com.datastax.oss.driver.api.core.data,GettableById,getInstant(CqlIdentifier),method,0,0,1,T1,host-side,,,,,
public,core,com.datastax.oss.driver.api.core.data,GettableById,getLocalDate(CqlIdentifier),method,0,0,1,T1,host-side,,,,,
public,core,com.datastax.oss.driver.api.core.data,GettableById,getLocalTime(CqlIdentifier),method,0,0,1,T1,host-side,,,,,
public,core,com.datastax.oss.driver.api.core.data,GettableById,getByteBuffer(CqlIdentifier),method,0,0,1,T1,host-side,,,,,
public,core,com.datastax.oss.driver.api.core.data,GettableById,getString(CqlIdentifier),method,0,0,1,T1,host-side,,,,,
public,core,com.datastax.oss.driver.api.core.data,GettableById,getBigInteger(CqlIdentifier),method,0,0,1,T1,host-side,,,,,
public,core,com.datastax.oss.driver.api.core.data,GettableById,getBigDecimal(CqlIdentifier),method,0,0,1,T1,host-side,,,,,
public,core,com.datastax.oss.driver.api.core.data,GettableById,getUuid(CqlIdentifier),method,0,0,1,T1,host-side,,,,,
public,core,com.datastax.oss.driver.api.core.data,GettableById,getInetAddress(CqlIdentifier),method,0,0,1,T1,host-side,,,,,
public,core,com.datastax.oss.driver.api.core.data,GettableById,getCqlDuration(CqlIdentifier),method,0,0,1,T1,host-side,,,,,
public,core,com.datastax.oss.driver.api.core.data,GettableById,"getVector(CqlIdentifier, Class)",method,0,0,1,T1,host-side,,,,,
public,core,com.datastax.oss.driver.api.core.data,GettableById,getToken(CqlIdentifier),method,0,0,1,T1,host-side,,,,,
public,core,com.datastax.oss.driver.api.core.data,GettableById,"getList(CqlIdentifier, Class)",method,0,0,1,T1,host-side,,,,,
public,core,com.datastax.oss.driver.api.core.data,GettableById,"getSet(CqlIdentifier, Class)",method,0,0,1,T1,host-side,,,,,
public,core,com.datastax.oss.driver.api.core.data,GettableById,"getMap(CqlIdentifier, Class, Class)",method,0,0,1,T1,host-side,,,,,
public,core,com.datastax.oss.driver.api.core.data,GettableById,getUdtValue(CqlIdentifier),method,0,0,1,T1,host-side,,,,,
public,core,com.datastax.oss.driver.api.core.data,GettableById,getTupleValue(CqlIdentifier),method,0,0,1,T1,host-side,,,,,
public,core,com.datastax.oss.driver.api.core.data,GettableByIndex,getBytesUnsafe(int),method,0,0,1,T1,host-side,,,,,
public,core,com.datastax.oss.driver.api.core.data,GettableByIndex,isNull(int),method,0,0,1,T1,host-side,,,,,
public,core,com.datastax.oss.driver.api.core.data,GettableByIndex,"get(int, TypeCodec)",method,0,0,1,T1,host-side,,,,,
public,core,com.datastax.oss.driver.api.core.data,GettableByIndex,"get(int, GenericType)",method,0,0,1,T1,host-side,,,,,
public,core,com.datastax.oss.driver.api.core.data,GettableByIndex,"get(int, Class)",method,0,0,1,T1,host-side,,,,,
public,core,com.datastax.oss.driver.api.core.data,GettableByIndex,getObject(int),method,0,0,1,T1,host-side,,,,,
public,core,com.datastax.oss.driver.api.core.data,GettableByIndex,getBoolean(int),method,0,0,1,T1,host-side,,,,,
public,core,com.datastax.oss.driver.api.core.data,GettableByIndex,getBool(int),method,1,0,1,T1,host-side,,,,,
public,core,com.datastax.oss.driver.api.core.data,GettableByIndex,getByte(int),method,0,0,1,T1,host-side,,,,,
public,core,com.datastax.oss.driver.api.core.data,GettableByIndex,getDouble(int),method,0,0,1,T1,host-side,,,,,
public,core,com.datastax.oss.driver.api.core.data,GettableByIndex,getFloat(int),method,0,0,1,T1,host-side,,,,,
public,core,com.datastax.oss.driver.api.core.data,GettableByIndex,getInt(int),method,0,0,1,T1,host-side,,,,,
public,core,com.datastax.oss.driver.api.core.data,GettableByIndex,getLong(int),method,0,0,1,T1,host-side,,,,,
public,core,com.datastax.oss.driver.api.core.data,GettableByIndex,getShort(int),method,0,0,1,T1,host-side,,,,,
public,core,com.datastax.oss.driver.api.core.data,GettableByIndex,getInstant(int),method,0,0,1,T1,host-side,,,,,
public,core,com.datastax.oss.driver.api.core.data,GettableByIndex,getLocalDate(int),method,0,0,1,T1,host-side,,,,,
public,core,com.datastax.oss.driver.api.core.data,GettableByIndex,getLocalTime(int),method,0,0,1,T1,host-side,,,,,
public,core,com.datastax.oss.driver.api.core.data,GettableByIndex,getByteBuffer(int),method,0,0,1,T1,host-side,,,,,
public,core,com.datastax.oss.driver.api.core.data,GettableByIndex,getString(int),method,0,0,1,T1,host-side,,,,,
public,core,com.datastax.oss.driver.api.core.data,GettableByIndex,getBigInteger(int),method,0,0,1,T1,host-side,,,,,
public,core,com.datastax.oss.driver.api.core.data,GettableByIndex,getBigDecimal(int),method,0,0,1,T1,host-side,,,,,
public,core,com.datastax.oss.driver.api.core.data,GettableByIndex,getUuid(int),method,0,0,1,T1,host-side,,,,,
public,core,com.datastax.oss.driver.api.core.data,GettableByIndex,getInetAddress(int),method,0,0,1,T1,host-side,,,,,
public,core,com.datastax.oss.driver.api.core.data,GettableByIndex,getCqlDuration(int),method,0,0,1,T1,host-side,,,,,
public,core,com.datastax.oss.driver.api.core.data,GettableByIndex,"getVector(int, Class)",method,0,0,1,T1,host-side,,,,,
public,core,com.datastax.oss.driver.api.core.data,GettableByIndex,getToken(int),method,0,0,1,T1,host-side,,,,,
public,core,com.datastax.oss.driver.api.core.data,GettableByIndex,"getList(int, Class)",method,0,0,1,T1,host-side,,,,,
public,core,com.datastax.oss.driver.api.core.data,GettableByIndex,"getSet(int, Class)",method,0,0,1,T1,host-side,,,,,
public,core,com.datastax.oss.driver.api.core.data,GettableByIndex,"getMap(int, Class, Class)",method,0,0,1,T1,host-side,,,,,
public,core,com.datastax.oss.driver.api.core.data,GettableByIndex,getUdtValue(int),method,0,0,1,T1,host-side,,,,,
public,core,com.datastax.oss.driver.api.core.data,GettableByIndex,getTupleValue(int),method,0,0,1,T1,host-side,,,,,
public,core,com.datastax.oss.driver.api.core.data,GettableByName,getBytesUnsafe(String),method,0,0,1,T1,host-side,,,,,
public,core,com.datastax.oss.driver.api.core.data,GettableByName,isNull(String),method,0,0,1,T1,host-side,,,,,
public,core,com.datastax.oss.driver.api.core.data,GettableByName,"get(String, TypeCodec)",method,0,0,1,T1,host-side,,,,,
public,core,com.datastax.oss.driver.api.core.data,GettableByName,"get(String, GenericType)",method,0,0,1,T1,host-side,,,,,
public,core,com.datastax.oss.driver.api.core.data,GettableByName,"get(String, Class)",method,0,0,1,T1,host-side,,,,,
public,core,com.datastax.oss.driver.api.core.data,GettableByName,getObject(String),method,0,0,1,T1,host-side,,,,,
public,core,com.datastax.oss.driver.api.core.data,GettableByName,getBoolean(String),method,0,0,1,T1,host-side,,,,,
public,core,com.datastax.oss.driver.api.core.data,GettableByName,getBool(String),method,1,0,1,T1,host-side,,,,,
public,core,com.datastax.oss.driver.api.core.data,GettableByName,getByte(String),method,0,0,1,T1,host-side,,,,,
public,core,com.datastax.oss.driver.api.core.data,GettableByName,getDouble(String),method,0,0,1,T1,host-side,,,,,
public,core,com.datastax.oss.driver.api.core.data,GettableByName,getFloat(String),method,0,0,1,T1,host-side,,,,,
public,core,com.datastax.oss.driver.api.core.data,GettableByName,getInt(String),method,0,0,1,T1,host-side,,,,,
public,core,com.datastax.oss.driver.api.core.data,GettableByName,getLong(String),method,0,0,1,T1,host-side,,,,,
public,core,com.datastax.oss.driver.api.core.data,GettableByName,getShort(String),method,0,0,1,T1,host-side,,,,,
public,core,com.datastax.oss.driver.api.core.data,GettableByName,getInstant(String),method,0,0,1,T1,host-side,,,,,
public,core,com.datastax.oss.driver.api.core.data,GettableByName,getLocalDate(String),method,0,0,1,T1,host-side,,,,,
public,core,com.datastax.oss.driver.api.core.data,GettableByName,getLocalTime(String),method,0,0,1,T1,host-side,,,,,
public,core,com.datastax.oss.driver.api.core.data,GettableByName,getByteBuffer(String),method,0,0,1,T1,host-side,,,,,
public,core,com.datastax.oss.driver.api.core.data,GettableByName,getString(String),method,0,0,1,T1,host-side,,,,,
public,core,com.datastax.oss.driver.api.core.data,GettableByName,getBigInteger(String),method,0,0,1,T1,host-side,,,,,
public,core,com.datastax.oss.driver.api.core.data,GettableByName,getBigDecimal(String),method,0,0,1,T1,host-side,,,,,
public,core,com.datastax.oss.driver.api.core.data,GettableByName,getUuid(String),method,0,0,1,T1,host-side,,,,,
public,core,com.datastax.oss.driver.api.core.data,GettableByName,getInetAddress(String),method,0,0,1,T1,host-side,,,,,
public,core,com.datastax.oss.driver.api.core.data,GettableByName,getCqlDuration(String),method,0,0,1,T1,host-side,,,,,
public,core,com.datastax.oss.driver.api.core.data,GettableByName,"getVector(String, Class)",method,0,0,1,T1,host-side,,,,,
public,core,com.datastax.oss.driver.api.core.data,GettableByName,getToken(String),method,0,0,1,T1,host-side,,,,,
public,core,com.datastax.oss.driver.api.core.data,GettableByName,"getList(String, Class)",method,0,0,1,T1,host-side,,,,,
public,core,com.datastax.oss.driver.api.core.data,GettableByName,"getSet(String, Class)",method,0,0,1,T1,host-side,,,,,
public,core,com.datastax.oss.driver.api.core.data,GettableByName,"getMap(String, Class, Class)",method,0,0,1,T1,host-side,,,,,
public,core,com.datastax.oss.driver.api.core.data,GettableByName,getUdtValue(String),method,0,0,1,T1,host-side,,,,,
public,core,com.datastax.oss.driver.api.core.data,GettableByName,getTupleValue(String),method,0,0,1,T1,host-side,,,,,
public,core,com.datastax.oss.driver.api.core.data,SettableById,"setBytesUnsafe(CqlIdentifier, ByteBuffer)",method,0,0,1,T1,host-side,,,,,
public,core,com.datastax.oss.driver.api.core.data,SettableById,getType(CqlIdentifier),method,0,0,1,T1,host-side,,,,,
public,core,com.datastax.oss.driver.api.core.data,SettableById,setToNull(CqlIdentifier),method,0,0,1,T1,host-side,,,,,
public,core,com.datastax.oss.driver.api.core.data,SettableById,"set(CqlIdentifier, ValueT, TypeCodec)",method,0,0,1,T1,host-side,,,,,
public,core,com.datastax.oss.driver.api.core.data,SettableById,"set(CqlIdentifier, ValueT, GenericType)",method,0,0,1,T1,host-side,,,,,
public,core,com.datastax.oss.driver.api.core.data,SettableById,"set(CqlIdentifier, ValueT, Class)",method,0,0,1,T1,host-side,,,,,
public,core,com.datastax.oss.driver.api.core.data,SettableById,"setBoolean(CqlIdentifier, boolean)",method,0,0,1,T1,host-side,,,,,
public,core,com.datastax.oss.driver.api.core.data,SettableById,"setBool(CqlIdentifier, boolean)",method,1,0,1,T1,host-side,,,,,
public,core,com.datastax.oss.driver.api.core.data,SettableById,"setByte(CqlIdentifier, byte)",method,0,0,1,T1,host-side,,,,,
public,core,com.datastax.oss.driver.api.core.data,SettableById,"setDouble(CqlIdentifier, double)",method,0,0,1,T1,host-side,,,,,
public,core,com.datastax.oss.driver.api.core.data,SettableById,"setFloat(CqlIdentifier, float)",method,0,0,1,T1,host-side,,,,,
public,core,com.datastax.oss.driver.api.core.data,SettableById,"setInt(CqlIdentifier, int)",method,0,0,1,T1,host-side,,,,,
public,core,com.datastax.oss.driver.api.core.data,SettableById,"setLong(CqlIdentifier, long)",method,0,0,1,T1,host-side,,,,,
public,core,com.datastax.oss.driver.api.core.data,SettableById,"setShort(CqlIdentifier, short)",method,0,0,1,T1,host-side,,,,,
public,core,com.datastax.oss.driver.api.core.data,SettableById,"setInstant(CqlIdentifier, Instant)",method,0,0,1,T1,host-side,,,,,
public,core,com.datastax.oss.driver.api.core.data,SettableById,"setLocalDate(CqlIdentifier, LocalDate)",method,0,0,1,T1,host-side,,,,,
public,core,com.datastax.oss.driver.api.core.data,SettableById,"setLocalTime(CqlIdentifier, LocalTime)",method,0,0,1,T1,host-side,,,,,
public,core,com.datastax.oss.driver.api.core.data,SettableById,"setByteBuffer(CqlIdentifier, ByteBuffer)",method,0,0,1,T1,host-side,,,,,
public,core,com.datastax.oss.driver.api.core.data,SettableById,"setString(CqlIdentifier, String)",method,0,0,1,T1,host-side,,,,,
public,core,com.datastax.oss.driver.api.core.data,SettableById,"setBigInteger(CqlIdentifier, BigInteger)",method,0,0,1,T1,host-side,,,,,
public,core,com.datastax.oss.driver.api.core.data,SettableById,"setBigDecimal(CqlIdentifier, BigDecimal)",method,0,0,1,T1,host-side,,,,,
public,core,com.datastax.oss.driver.api.core.data,SettableById,"setUuid(CqlIdentifier, UUID)",method,0,0,1,T1,host-side,,,,,
public,core,com.datastax.oss.driver.api.core.data,SettableById,"setInetAddress(CqlIdentifier, InetAddress)",method,0,0,1,T1,host-side,,,,,
public,core,com.datastax.oss.driver.api.core.data,SettableById,"setCqlDuration(CqlIdentifier, CqlDuration)",method,0,0,1,T1,host-side,,,,,
public,core,com.datastax.oss.driver.api.core.data,SettableById,"setVector(CqlIdentifier, CqlVector, Class)",method,0,0,1,T1,host-side,,,,,
public,core,com.datastax.oss.driver.api.core.data,SettableById,"setToken(CqlIdentifier, Token)",method,0,0,1,T1,host-side,,,,,
public,core,com.datastax.oss.driver.api.core.data,SettableById,"setList(CqlIdentifier, List, Class)",method,0,0,1,T1,host-side,,,,,
public,core,com.datastax.oss.driver.api.core.data,SettableById,"setSet(CqlIdentifier, Set, Class)",method,0,0,1,T1,host-side,,,,,
public,core,com.datastax.oss.driver.api.core.data,SettableById,"setMap(CqlIdentifier, Map, Class, Class)",method,0,0,1,T1,host-side,,,,,
public,core,com.datastax.oss.driver.api.core.data,SettableById,"setUdtValue(CqlIdentifier, UdtValue)",method,0,0,1,T1,host-side,,,,,
public,core,com.datastax.oss.driver.api.core.data,SettableById,"setTupleValue(CqlIdentifier, TupleValue)",method,0,0,1,T1,host-side,,,,,
public,core,com.datastax.oss.driver.api.core.data,SettableByIndex,"setBytesUnsafe(int, ByteBuffer)",method,0,0,1,T1,host-side,,,,,
public,core,com.datastax.oss.driver.api.core.data,SettableByIndex,setToNull(int),method,0,0,1,T1,host-side,,,,,
public,core,com.datastax.oss.driver.api.core.data,SettableByIndex,"set(int, ValueT, TypeCodec)",method,0,0,1,T1,host-side,,,,,
public,core,com.datastax.oss.driver.api.core.data,SettableByIndex,"set(int, ValueT, GenericType)",method,0,0,1,T1,host-side,,,,,
public,core,com.datastax.oss.driver.api.core.data,SettableByIndex,"set(int, ValueT, Class)",method,0,0,1,T1,host-side,,,,,
public,core,com.datastax.oss.driver.api.core.data,SettableByIndex,"setBoolean(int, boolean)",method,0,0,1,T1,host-side,,,,,
public,core,com.datastax.oss.driver.api.core.data,SettableByIndex,"setBool(int, boolean)",method,1,0,1,T1,host-side,,,,,
public,core,com.datastax.oss.driver.api.core.data,SettableByIndex,"setByte(int, byte)",method,0,0,1,T1,host-side,,,,,
public,core,com.datastax.oss.driver.api.core.data,SettableByIndex,"setDouble(int, double)",method,0,0,1,T1,host-side,,,,,
public,core,com.datastax.oss.driver.api.core.data,SettableByIndex,"setFloat(int, float)",method,0,0,1,T1,host-side,,,,,
public,core,com.datastax.oss.driver.api.core.data,SettableByIndex,"setInt(int, int)",method,0,0,1,T1,host-side,,,,,
public,core,com.datastax.oss.driver.api.core.data,SettableByIndex,"setLong(int, long)",method,0,0,1,T1,host-side,,,,,
public,core,com.datastax.oss.driver.api.core.data,SettableByIndex,"setShort(int, short)",method,0,0,1,T1,host-side,,,,,
public,core,com.datastax.oss.driver.api.core.data,SettableByIndex,"setInstant(int, Instant)",method,0,0,1,T1,host-side,,,,,
public,core,com.datastax.oss.driver.api.core.data,SettableByIndex,"setLocalDate(int, LocalDate)",method,0,0,1,T1,host-side,,,,,
public,core,com.datastax.oss.driver.api.core.data,SettableByIndex,"setLocalTime(int, LocalTime)",method,0,0,1,T1,host-side,,,,,
public,core,com.datastax.oss.driver.api.core.data,SettableByIndex,"setByteBuffer(int, ByteBuffer)",method,0,0,1,T1,host-side,,,,,
public,core,com.datastax.oss.driver.api.core.data,SettableByIndex,"setString(int, String)",method,0,0,1,T1,host-side,,,,,
public,core,com.datastax.oss.driver.api.core.data,SettableByIndex,"setBigInteger(int, BigInteger)",method,0,0,1,T1,host-side,,,,,
public,core,com.datastax.oss.driver.api.core.data,SettableByIndex,"setBigDecimal(int, BigDecimal)",method,0,0,1,T1,host-side,,,,,
public,core,com.datastax.oss.driver.api.core.data,SettableByIndex,"setUuid(int, UUID)",method,0,0,1,T1,host-side,,,,,
public,core,com.datastax.oss.driver.api.core.data,SettableByIndex,"setInetAddress(int, InetAddress)",method,0,0,1,T1,host-side,,,,,
public,core,com.datastax.oss.driver.api.core.data,SettableByIndex,"setCqlDuration(int, CqlDuration)",method,0,0,1,T1,host-side,,,,,
public,core,com.datastax.oss.driver.api.core.data,SettableByIndex,"setVector(int, CqlVector, Class)",method,0,0,1,T1,host-side,,,,,
public,core,com.datastax.oss.driver.api.core.data,SettableByIndex,"setToken(int, Token)",method,0,0,1,T1,host-side,,,,,
public,core,com.datastax.oss.driver.api.core.data,SettableByIndex,"setList(int, List, Class)",method,0,0,1,T1,host-side,,,,,
public,core,com.datastax.oss.driver.api.core.data,SettableByIndex,"setSet(int, Set, Class)",method,0,0,1,T1,host-side,,,,,
public,core,com.datastax.oss.driver.api.core.data,SettableByIndex,"setMap(int, Map, Class, Class)",method,0,0,1,T1,host-side,,,,,
public,core,com.datastax.oss.driver.api.core.data,SettableByIndex,"setUdtValue(int, UdtValue)",method,0,0,1,T1,host-side,,,,,
public,core,com.datastax.oss.driver.api.core.data,SettableByIndex,"setTupleValue(int, TupleValue)",method,0,0,1,T1,host-side,,,,,
public,core,com.datastax.oss.driver.api.core.data,SettableByName,"setBytesUnsafe(String, ByteBuffer)",method,0,0,1,T1,host-side,,,,,
public,core,com.datastax.oss.driver.api.core.data,SettableByName,getType(String),method,0,0,1,T1,host-side,,,,,
public,core,com.datastax.oss.driver.api.core.data,SettableByName,setToNull(String),method,0,0,1,T1,host-side,,,,,
public,core,com.datastax.oss.driver.api.core.data,SettableByName,"set(String, ValueT, TypeCodec)",method,0,0,1,T1,host-side,,,,,
public,core,com.datastax.oss.driver.api.core.data,SettableByName,"set(String, ValueT, GenericType)",method,0,0,1,T1,host-side,,,,,
public,core,com.datastax.oss.driver.api.core.data,SettableByName,"set(String, ValueT, Class)",method,0,0,1,T1,host-side,,,,,
public,core,com.datastax.oss.driver.api.core.data,SettableByName,"setBoolean(String, boolean)",method,0,0,1,T1,host-side,,,,,
public,core,com.datastax.oss.driver.api.core.data,SettableByName,"setBool(String, boolean)",method,1,0,1,T1,host-side,,,,,
public,core,com.datastax.oss.driver.api.core.data,SettableByName,"setByte(String, byte)",method,0,0,1,T1,host-side,,,,,
public,core,com.datastax.oss.driver.api.core.data,SettableByName,"setDouble(String, double)",method,0,0,1,T1,host-side,,,,,
public,core,com.datastax.oss.driver.api.core.data,SettableByName,"setFloat(String, float)",method,0,0,1,T1,host-side,,,,,
public,core,com.datastax.oss.driver.api.core.data,SettableByName,"setInt(String, int)",method,0,0,1,T1,host-side,,,,,
public,core,com.datastax.oss.driver.api.core.data,SettableByName,"setLong(String, long)",method,0,0,1,T1,host-side,,,,,
public,core,com.datastax.oss.driver.api.core.data,SettableByName,"setShort(String, short)",method,0,0,1,T1,host-side,,,,,
public,core,com.datastax.oss.driver.api.core.data,SettableByName,"setInstant(String, Instant)",method,0,0,1,T1,host-side,,,,,
public,core,com.datastax.oss.driver.api.core.data,SettableByName,"setLocalDate(String, LocalDate)",method,0,0,1,T1,host-side,,,,,
public,core,com.datastax.oss.driver.api.core.data,SettableByName,"setLocalTime(String, LocalTime)",method,0,0,1,T1,host-side,,,,,
public,core,com.datastax.oss.driver.api.core.data,SettableByName,"setByteBuffer(String, ByteBuffer)",method,0,0,1,T1,host-side,,,,,
public,core,com.datastax.oss.driver.api.core.data,SettableByName,"setString(String, String)",method,0,0,1,T1,host-side,,,,,
public,core,com.datastax.oss.driver.api.core.data,SettableByName,"setBigInteger(String, BigInteger)",method,0,0,1,T1,host-side,,,,,
public,core,com.datastax.oss.driver.api.core.data,SettableByName,"setBigDecimal(String, BigDecimal)",method,0,0,1,T1,host-side,,,,,
public,core,com.datastax.oss.driver.api.core.data,SettableByName,"setUuid(String, UUID)",method,0,0,1,T1,host-side,,,,,
public,core,com.datastax.oss.driver.api.core.data,SettableByName,"setInetAddress(String, InetAddress)",method,0,0,1,T1,host-side,,,,,
public,core,com.datastax.oss.driver.api.core.data,SettableByName,"setCqlDuration(String, CqlDuration)",method,0,0,1,T1,host-side,,,,,
public,core,com.datastax.oss.driver.api.core.data,SettableByName,"setVector(String, CqlVector, Class)",method,0,0,1,T1,host-side,,,,,
public,core,com.datastax.oss.driver.api.core.data,SettableByName,"setToken(String, Token)",method,0,0,1,T1,host-side,,,,,
public,core,com.datastax.oss.driver.api.core.data,SettableByName,"setList(String, List, Class)",method,0,0,1,T1,host-side,,,,,
public,core,com.datastax.oss.driver.api.core.data,SettableByName,"setSet(String, Set, Class)",method,0,0,1,T1,host-side,,,,,
public,core,com.datastax.oss.driver.api.core.data,SettableByName,"setMap(String, Map, Class, Class)",method,0,0,1,T1,host-side,,,,,
public,core,com.datastax.oss.driver.api.core.data,SettableByName,"setUdtValue(String, UdtValue)",method,0,0,1,T1,host-side,,,,,
public,core,com.datastax.oss.driver.api.core.data,SettableByName,"setTupleValue(String, TupleValue)",method,0,0,1,T1,host-side,,,,,
public,core,com.datastax.oss.driver.api.core.data,TupleValue,getType(),method,0,0,1,T1,host-side,,,,,
public,core,com.datastax.oss.driver.api.core.data,TupleValue,getFormattedContents(),method,0,0,1,T1,host-side,,,,,
public,core,com.datastax.oss.driver.api.core.data,TupleValue,toString(),method,0,0,1,T1,host-side,,,,,
public,core,com.datastax.oss.driver.api.core.data,UdtValue,getType(),method,0,0,1,T1,host-side,,,,,
public,core,com.datastax.oss.driver.api.core.data,UdtValue,getFormattedContents(),method,0,0,1,T1,host-side,,,,,
public,core,com.datastax.oss.driver.api.core.data,UdtValue,toString(),method,0,0,1,T1,host-side,,,,,
public,core,com.datastax.oss.driver.api.core.detach,AttachmentPoint,NONE,field,0,0,1,T1,host-side,,,,,
public,core,com.datastax.oss.driver.api.core.detach,AttachmentPoint,getProtocolVersion(),method,0,0,1,T1,host-side,,,,,
public,core,com.datastax.oss.driver.api.core.detach,AttachmentPoint,getCodecRegistry(),method,0,0,1,T1,host-side,,,,,
public,core,com.datastax.oss.driver.api.core.detach,Detachable,isDetached(),method,0,0,1,T1,host-side,,,,,
public,core,com.datastax.oss.driver.api.core.detach,Detachable,attach(AttachmentPoint),method,0,0,1,T1,host-side,,,,,
public,core,com.datastax.oss.driver.api.core.loadbalancing,LoadBalancingPolicy,getRequestTracker(),method,0,0,1,T1,needs-bridge,,,,,
public,core,com.datastax.oss.driver.api.core.loadbalancing,LoadBalancingPolicy,"init(Map, DistanceReporter)",method,0,0,1,T1,needs-bridge,,,,,
public,core,com.datastax.oss.driver.api.core.loadbalancing,LoadBalancingPolicy,"newQueryPlan(Request, Session)",method,0,0,1,T1,needs-bridge,,,,,
public,core,com.datastax.oss.driver.api.core.loadbalancing,LoadBalancingPolicy,onAdd(Node),method,0,0,1,T1,needs-bridge,,,,,
public,core,com.datastax.oss.driver.api.core.loadbalancing,LoadBalancingPolicy,onUp(Node),method,0,0,1,T1,needs-bridge,,,,,
public,core,com.datastax.oss.driver.api.core.loadbalancing,LoadBalancingPolicy,onDown(Node),method,0,0,1,T1,needs-bridge,,,,,
public,core,com.datastax.oss.driver.api.core.loadbalancing,LoadBalancingPolicy,onRemove(Node),method,0,0,1,T1,needs-bridge,,,,,
public,core,com.datastax.oss.driver.api.core.loadbalancing,LoadBalancingPolicy,close(),method,0,0,1,T1,needs-bridge,,,,,
public,core,com.datastax.oss.driver.api.core.loadbalancing,LoadBalancingPolicy.DistanceReporter,"setDistance(Node, NodeDistance)",method,0,0,1,T1,needs-bridge,,,,,
public,core,com.datastax.oss.driver.api.core.loadbalancing,NodeDistance,LOCAL,enum-constant,0,0,1,T1,needs-bridge,,,,,
public,core,com.datastax.oss.driver.api.core.loadbalancing,NodeDistance,REMOTE,enum-constant,0,0,1,T1,needs-bridge,,,,,
public,core,com.datastax.oss.driver.api.core.loadbalancing,NodeDistance,IGNORED,enum-constant,0,0,1,T1,needs-bridge,,,,,
public,core,com.datastax.oss.driver.api.core.loadbalancing,NodeDistance,values(),method,0,0,1,T1,needs-bridge,,,,,
public,core,com.datastax.oss.driver.api.core.loadbalancing,NodeDistance,valueOf(String),method,0,0,1,T1,needs-bridge,,,,,
public,core,com.datastax.oss.driver.api.core.loadbalancing,NodeDistanceEvaluator,"evaluateDistance(Node, String)",method,0,0,1,T1,needs-bridge,,,,,
public,core,com.datastax.oss.driver.api.core.metadata,EndPoint,resolve(),method,0,0,1,T1,needs-bridge,,,,,
public,core,com.datastax.oss.driver.api.core.metadata,EndPoint,asMetricPrefix(),method,0,0,1,T1,needs-bridge,,,,,
public,core,com.datastax.oss.driver.api.core.metadata,KeyspaceTableNamePair,"KeyspaceTableNamePair(CqlIdentifier, CqlIdentifier)",constructor,0,1,1,T1,needs-bridge,,,,,
public,core,com.datastax.oss.driver.api.core.metadata,KeyspaceTableNamePair,getKeyspace(),method,0,1,1,T1,needs-bridge,,,,,
public,core,com.datastax.oss.driver.api.core.metadata,KeyspaceTableNamePair,getTableName(),method,0,1,1,T1,needs-bridge,,,,,
public,core,com.datastax.oss.driver.api.core.metadata,KeyspaceTableNamePair,toString(),method,0,1,1,T1,needs-bridge,,,,,
public,core,com.datastax.oss.driver.api.core.metadata,KeyspaceTableNamePair,equals(Object),method,0,1,1,T1,needs-bridge,,,,,
public,core,com.datastax.oss.driver.api.core.metadata,KeyspaceTableNamePair,hashCode(),method,0,1,1,T1,needs-bridge,,,,,
public,core,com.datastax.oss.driver.api.core.metadata,Metadata,getNodes(),method,0,0,1,T1,needs-bridge,DefaultMetadata,,,,
public,core,com.datastax.oss.driver.api.core.metadata,Metadata,findNode(EndPoint),method,0,0,1,T1,needs-bridge,DefaultMetadata,,,,
public,core,com.datastax.oss.driver.api.core.metadata,Metadata,findNode(InetSocketAddress),method,0,0,1,T1,needs-bridge,DefaultMetadata,,,,
public,core,com.datastax.oss.driver.api.core.metadata,Metadata,getKeyspaces(),method,0,0,1,T1,needs-bridge,DefaultMetadata,,,,
public,core,com.datastax.oss.driver.api.core.metadata,Metadata,getKeyspace(CqlIdentifier),method,0,0,1,T1,needs-bridge,DefaultMetadata,,,,
public,core,com.datastax.oss.driver.api.core.metadata,Metadata,getKeyspace(String),method,0,0,1,T1,needs-bridge,DefaultMetadata,,,,
public,core,com.datastax.oss.driver.api.core.metadata,Metadata,getTokenMap(),method,0,0,1,T1,needs-bridge,DefaultMetadata,,,,
public,core,com.datastax.oss.driver.api.core.metadata,Metadata,getTabletMap(),method,0,0,1,T1,needs-bridge,DefaultMetadata,,,,
public,core,com.datastax.oss.driver.api.core.metadata,Metadata,getClusterName(),method,0,0,1,T1,needs-bridge,DefaultMetadata,,,,
public,core,com.datastax.oss.driver.api.core.metadata,Node,getEndPoint(),method,0,0,1,T1,needs-bridge,,,,,
public,core,com.datastax.oss.driver.api.core.metadata,Node,getBroadcastRpcAddress(),method,0,0,1,T1,needs-bridge,,,,,
public,core,com.datastax.oss.driver.api.core.metadata,Node,getBroadcastAddress(),method,0,0,1,T1,needs-bridge,,,,,
public,core,com.datastax.oss.driver.api.core.metadata,Node,getListenAddress(),method,0,0,1,T1,needs-bridge,,,,,
public,core,com.datastax.oss.driver.api.core.metadata,Node,getDatacenter(),method,0,0,1,T1,needs-bridge,,,,,
public,core,com.datastax.oss.driver.api.core.metadata,Node,getRack(),method,0,0,1,T1,needs-bridge,,,,,
public,core,com.datastax.oss.driver.api.core.metadata,Node,getCassandraVersion(),method,0,0,1,T1,needs-bridge,,,,,
public,core,com.datastax.oss.driver.api.core.metadata,Node,getExtras(),method,0,0,1,T1,needs-bridge,,,,,
public,core,com.datastax.oss.driver.api.core.metadata,Node,getState(),method,0,0,1,T1,needs-bridge,,,,,
public,core,com.datastax.oss.driver.api.core.metadata,Node,getUpSinceMillis(),method,0,0,1,T1,needs-bridge,,,,,
public,core,com.datastax.oss.driver.api.core.metadata,Node,getOpenConnections(),method,0,0,1,T1,needs-bridge,,,,,
public,core,com.datastax.oss.driver.api.core.metadata,Node,isReconnecting(),method,0,0,1,T1,needs-bridge,,,,,
public,core,com.datastax.oss.driver.api.core.metadata,Node,getDistance(),method,0,0,1,T1,needs-bridge,,,,,
public,core,com.datastax.oss.driver.api.core.metadata,Node,getHostId(),method,0,0,1,T1,needs-bridge,,,,,
public,core,com.datastax.oss.driver.api.core.metadata,Node,getSchemaVersion(),method,0,0,1,T1,needs-bridge,,,,,
public,core,com.datastax.oss.driver.api.core.metadata,Node,getShardingInfo(),method,0,0,1,T1,needs-bridge,,,,,
public,core,com.datastax.oss.driver.api.core.metadata,NodeShardingInfo,getShardsCount(),method,0,1,1,T1,needs-bridge,,,,,
public,core,com.datastax.oss.driver.api.core.metadata,NodeShardingInfo,shardId(Token),method,0,1,1,T1,needs-bridge,,,,,
public,core,com.datastax.oss.driver.api.core.metadata,NodeShardingInfo,getShardAwarePort(),method,0,1,1,T1,needs-bridge,,,,,
public,core,com.datastax.oss.driver.api.core.metadata,NodeShardingInfo,getShardAwarePortSsl(),method,0,1,1,T1,needs-bridge,,,,,
public,core,com.datastax.oss.driver.api.core.metadata,NodeState,UNKNOWN,enum-constant,0,0,1,T1,needs-bridge,,,,,
public,core,com.datastax.oss.driver.api.core.metadata,NodeState,UP,enum-constant,0,0,1,T1,needs-bridge,,,,,
public,core,com.datastax.oss.driver.api.core.metadata,NodeState,DOWN,enum-constant,0,0,1,T1,needs-bridge,,,,,
public,core,com.datastax.oss.driver.api.core.metadata,NodeState,FORCED_DOWN,enum-constant,0,0,1,T1,needs-bridge,,,,,
public,core,com.datastax.oss.driver.api.core.metadata,NodeState,values(),method,0,0,1,T1,needs-bridge,,,,,
public,core,com.datastax.oss.driver.api.core.metadata,NodeState,valueOf(String),method,0,0,1,T1,needs-bridge,,,,,
public,core,com.datastax.oss.driver.api.core.metadata,NodeStateListener,onAdd(Node),method,0,0,1,T1,needs-bridge,,,,,
public,core,com.datastax.oss.driver.api.core.metadata,NodeStateListener,onUp(Node),method,0,0,1,T1,needs-bridge,,,,,
public,core,com.datastax.oss.driver.api.core.metadata,NodeStateListener,onDown(Node),method,0,0,1,T1,needs-bridge,,,,,
public,core,com.datastax.oss.driver.api.core.metadata,NodeStateListener,onRemove(Node),method,0,0,1,T1,needs-bridge,,,,,
public,core,com.datastax.oss.driver.api.core.metadata,NodeStateListener,onSessionReady(Session),method,0,0,1,T1,needs-bridge,,,,,
public,core,com.datastax.oss.driver.api.core.metadata,NodeStateListenerBase,NodeStateListenerBase(),constructor,0,0,1,T1,needs-bridge,,,,,
public,core,com.datastax.oss.driver.api.core.metadata,NodeStateListenerBase,onAdd(Node),method,0,0,1,T1,needs-bridge,,,,,
public,core,com.datastax.oss.driver.api.core.metadata,NodeStateListenerBase,onUp(Node),method,0,0,1,T1,needs-bridge,,,,,
public,core,com.datastax.oss.driver.api.core.metadata,NodeStateListenerBase,onDown(Node),method,0,0,1,T1,needs-bridge,,,,,
public,core,com.datastax.oss.driver.api.core.metadata,NodeStateListenerBase,onRemove(Node),method,0,0,1,T1,needs-bridge,,,,,
public,core,com.datastax.oss.driver.api.core.metadata,NodeStateListenerBase,close(),method,0,0,1,T1,needs-bridge,,,,,
public,core,com.datastax.oss.driver.api.core.metadata,SafeInitNodeStateListener,"SafeInitNodeStateListener(NodeStateListener, boolean)",constructor,0,0,1,T1,needs-bridge,,,,,
public,core,com.datastax.oss.driver.api.core.metadata,SafeInitNodeStateListener,onSessionReady(Session),method,0,0,1,T1,needs-bridge,,,,,
public,core,com.datastax.oss.driver.api.core.metadata,SafeInitNodeStateListener,onAdd(Node),method,0,0,1,T1,needs-bridge,,,,,
public,core,com.datastax.oss.driver.api.core.metadata,SafeInitNodeStateListener,onUp(Node),method,0,0,1,T1,needs-bridge,,,,,
public,core,com.datastax.oss.driver.api.core.metadata,SafeInitNodeStateListener,onDown(Node),method,0,0,1,T1,needs-bridge,,,,,
public,core,com.datastax.oss.driver.api.core.metadata,SafeInitNodeStateListener,onRemove(Node),method,0,0,1,T1,needs-bridge,,,,,
public,core,com.datastax.oss.driver.api.core.metadata,SafeInitNodeStateListener,close(),method,0,0,1,T1,needs-bridge,,,,,
public,core,com.datastax.oss.driver.api.core.metadata,Tablet,getFirstToken(),method,0,1,1,T1,needs-bridge,,,,,
public,core,com.datastax.oss.driver.api.core.metadata,Tablet,getLastToken(),method,0,1,1,T1,needs-bridge,,,,,
public,core,com.datastax.oss.driver.api.core.metadata,Tablet,getReplicaNodes(),method,1,1,1,T1,needs-bridge,,,,,
public,core,com.datastax.oss.driver.api.core.metadata,Tablet,getReplicaNodesList(),method,0,1,1,T1,needs-bridge,,,,,
public,core,com.datastax.oss.driver.api.core.metadata,Tablet,getShardForNode(Node),method,0,1,1,T1,needs-bridge,,,,,
public,core,com.datastax.oss.driver.api.core.metadata,TabletMap,getMapping(),method,0,1,1,T1,needs-bridge,,,,,
public,core,com.datastax.oss.driver.api.core.metadata,TabletMap,"addTablet(CqlIdentifier, CqlIdentifier, Tablet)",method,0,1,1,T1,needs-bridge,,,,,
public,core,com.datastax.oss.driver.api.core.metadata,TabletMap,"getTablet(CqlIdentifier, CqlIdentifier, long)",method,0,1,1,T1,needs-bridge,,,,,
public,core,com.datastax.oss.driver.api.core.metadata,TabletMap,removeByNode(Node),method,0,1,1,T1,needs-bridge,,,,,
public,core,com.datastax.oss.driver.api.core.metadata,TabletMap,removeByKeyspace(CqlIdentifier),method,0,1,1,T1,needs-bridge,,,,,
public,core,com.datastax.oss.driver.api.core.metadata,TabletMap,removeByTable(CqlIdentifier),method,0,1,1,T1,needs-bridge,,,,,
public,core,com.datastax.oss.driver.api.core.metadata,TokenMap,parse(String),method,0,0,1,T1,needs-bridge,,,,,
public,core,com.datastax.oss.driver.api.core.metadata,TokenMap,format(Token),method,0,0,1,T1,needs-bridge,,,,,
public,core,com.datastax.oss.driver.api.core.metadata,TokenMap,"newToken(Partitioner, ByteBuffer...)",method,0,0,1,T1,needs-bridge,,,,,
public,core,com.datastax.oss.driver.api.core.metadata,TokenMap,newToken(ByteBuffer...),method,0,0,1,T1,needs-bridge,,,,,
public,core,com.datastax.oss.driver.api.core.metadata,TokenMap,"newTokenRange(Token, Token)",method,0,0,1,T1,needs-bridge,,,,,
public,core,com.datastax.oss.driver.api.core.metadata,TokenMap,getTokenRanges(),method,0,0,1,T1,needs-bridge,,,,,
public,core,com.datastax.oss.driver.api.core.metadata,TokenMap,getTokenRanges(Node),method,0,0,1,T1,needs-bridge,,,,,
public,core,com.datastax.oss.driver.api.core.metadata,TokenMap,getTokens(Node),method,0,0,1,T1,needs-bridge,,,,,
public,core,com.datastax.oss.driver.api.core.metadata,TokenMap,"getTokenRanges(CqlIdentifier, Node)",method,0,0,1,T1,needs-bridge,,,,,
public,core,com.datastax.oss.driver.api.core.metadata,TokenMap,"getTokenRanges(String, Node)",method,0,0,1,T1,needs-bridge,,,,,
public,core,com.datastax.oss.driver.api.core.metadata,TokenMap,"getReplicas(CqlIdentifier, Partitioner, ByteBuffer)",method,1,0,1,T1,needs-bridge,,,,,
public,core,com.datastax.oss.driver.api.core.metadata,TokenMap,"getReplicasList(CqlIdentifier, Partitioner, ByteBuffer)",method,0,0,1,T1,needs-bridge,,,,,
public,core,com.datastax.oss.driver.api.core.metadata,TokenMap,"getReplicas(CqlIdentifier, ByteBuffer)",method,1,0,1,T1,needs-bridge,,,,,
public,core,com.datastax.oss.driver.api.core.metadata,TokenMap,"getReplicasList(CqlIdentifier, ByteBuffer)",method,0,0,1,T1,needs-bridge,,,,,
public,core,com.datastax.oss.driver.api.core.metadata,TokenMap,"getReplicas(String, Partitioner, ByteBuffer)",method,1,0,1,T1,needs-bridge,,,,,
public,core,com.datastax.oss.driver.api.core.metadata,TokenMap,"getReplicasList(String, Partitioner, ByteBuffer)",method,0,0,1,T1,needs-bridge,,,,,
public,core,com.datastax.oss.driver.api.core.metadata,TokenMap,"getReplicas(String, ByteBuffer)",method,1,0,1,T1,needs-bridge,,,,,
public,core,com.datastax.oss.driver.api.core.metadata,TokenMap,"getReplicasList(String, ByteBuffer)",method,0,0,1,T1,needs-bridge,,,,,
public,core,com.datastax.oss.driver.api.core.metadata,TokenMap,"getReplicas(CqlIdentifier, Token)",method,1,0,1,T1,needs-bridge,,,,,
public,core,com.datastax.oss.driver.api.core.metadata,TokenMap,"getReplicasList(CqlIdentifier, Token)",method,0,0,1,T1,needs-bridge,,,,,
public,core,com.datastax.oss.driver.api.core.metadata,TokenMap,"getReplicas(String, Token)",method,1,0,1,T1,needs-bridge,,,,,
public,core,com.datastax.oss.driver.api.core.metadata,TokenMap,"getReplicasList(String, Token)",method,0,0,1,T1,needs-bridge,,,,,
public,core,com.datastax.oss.driver.api.core.metadata,TokenMap,"getReplicas(CqlIdentifier, TokenRange)",method,1,0,1,T1,needs-bridge,,,,,
public,core,com.datastax.oss.driver.api.core.metadata,TokenMap,"getReplicasList(CqlIdentifier, TokenRange)",method,0,0,1,T1,needs-bridge,,,,,
public,core,com.datastax.oss.driver.api.core.metadata,TokenMap,"getReplicas(String, TokenRange)",method,1,0,1,T1,needs-bridge,,,,,
public,core,com.datastax.oss.driver.api.core.metadata,TokenMap,"getReplicasList(String, TokenRange)",method,0,0,1,T1,needs-bridge,,,,,
public,core,com.datastax.oss.driver.api.core.metadata,TokenMap,getPartitionerName(),method,0,0,1,T1,needs-bridge,,,,,
public,core,com.datastax.oss.driver.api.core.metadata,TokenMap,getPartitioner(),method,0,0,1,T1,needs-bridge,,,,,
public,core,com.datastax.oss.driver.api.core.metadata.schema,AggregateMetadata,getKeyspace(),method,0,0,1,T1,needs-bridge,,,,,
public,core,com.datastax.oss.driver.api.core.metadata.schema,AggregateMetadata,getSignature(),method,0,0,1,T1,needs-bridge,,,,,
public,core,com.datastax.oss.driver.api.core.metadata.schema,AggregateMetadata,getFinalFuncSignature(),method,0,0,1,T1,needs-bridge,,,,,
public,core,com.datastax.oss.driver.api.core.metadata.schema,AggregateMetadata,getInitCond(),method,0,0,1,T1,needs-bridge,,,,,
public,core,com.datastax.oss.driver.api.core.metadata.schema,AggregateMetadata,getReturnType(),method,0,0,1,T1,needs-bridge,,,,,
public,core,com.datastax.oss.driver.api.core.metadata.schema,AggregateMetadata,getStateFuncSignature(),method,0,0,1,T1,needs-bridge,,,,,
public,core,com.datastax.oss.driver.api.core.metadata.schema,AggregateMetadata,getStateType(),method,0,0,1,T1,needs-bridge,,,,,
public,core,com.datastax.oss.driver.api.core.metadata.schema,AggregateMetadata,describeWithChildren(boolean),method,0,0,1,T1,needs-bridge,,,,,
public,core,com.datastax.oss.driver.api.core.metadata.schema,AggregateMetadata,describe(boolean),method,0,0,1,T1,needs-bridge,,,,,
public,core,com.datastax.oss.driver.api.core.metadata.schema,AggregateMetadata,formatInitCond(),method,0,0,1,T1,needs-bridge,,,,,
public,core,com.datastax.oss.driver.api.core.metadata.schema,ClusteringOrder,ASC,enum-constant,0,0,1,T1,needs-bridge,,,,,
public,core,com.datastax.oss.driver.api.core.metadata.schema,ClusteringOrder,DESC,enum-constant,0,0,1,T1,needs-bridge,,,,,
public,core,com.datastax.oss.driver.api.core.metadata.schema,ClusteringOrder,values(),method,0,0,1,T1,needs-bridge,,,,,
public,core,com.datastax.oss.driver.api.core.metadata.schema,ClusteringOrder,valueOf(String),method,0,0,1,T1,needs-bridge,,,,,
public,core,com.datastax.oss.driver.api.core.metadata.schema,ColumnMetadata,getKeyspace(),method,0,0,1,T1,needs-bridge,,,,,
public,core,com.datastax.oss.driver.api.core.metadata.schema,ColumnMetadata,getParent(),method,0,0,1,T1,needs-bridge,,,,,
public,core,com.datastax.oss.driver.api.core.metadata.schema,ColumnMetadata,getName(),method,0,0,1,T1,needs-bridge,,,,,
public,core,com.datastax.oss.driver.api.core.metadata.schema,ColumnMetadata,getType(),method,0,0,1,T1,needs-bridge,,,,,
public,core,com.datastax.oss.driver.api.core.metadata.schema,ColumnMetadata,isStatic(),method,0,0,1,T1,needs-bridge,,,,,
public,core,com.datastax.oss.driver.api.core.metadata.schema,Describable,describe(boolean),method,0,0,1,T1,needs-bridge,,,,,
public,core,com.datastax.oss.driver.api.core.metadata.schema,Describable,describeWithChildren(boolean),method,0,0,1,T1,needs-bridge,,,,,
public,core,com.datastax.oss.driver.api.core.metadata.schema,FunctionMetadata,getKeyspace(),method,0,0,1,T1,needs-bridge,,,,,
public,core,com.datastax.oss.driver.api.core.metadata.schema,FunctionMetadata,getSignature(),method,0,0,1,T1,needs-bridge,,,,,
public,core,com.datastax.oss.driver.api.core.metadata.schema,FunctionMetadata,getParameterNames(),method,0,0,1,T1,needs-bridge,,,,,
public,core,com.datastax.oss.driver.api.core.metadata.schema,FunctionMetadata,getBody(),method,0,0,1,T1,needs-bridge,,,,,
public,core,com.datastax.oss.driver.api.core.metadata.schema,FunctionMetadata,isCalledOnNullInput(),method,0,0,1,T1,needs-bridge,,,,,
public,core,com.datastax.oss.driver.api.core.metadata.schema,FunctionMetadata,getLanguage(),method,0,0,1,T1,needs-bridge,,,,,
public,core,com.datastax.oss.driver.api.core.metadata.schema,FunctionMetadata,getReturnType(),method,0,0,1,T1,needs-bridge,,,,,
public,core,com.datastax.oss.driver.api.core.metadata.schema,FunctionMetadata,describe(boolean),method,0,0,1,T1,needs-bridge,,,,,
public,core,com.datastax.oss.driver.api.core.metadata.schema,FunctionMetadata,describeWithChildren(boolean),method,0,0,1,T1,needs-bridge,,,,,
public,core,com.datastax.oss.driver.api.core.metadata.schema,FunctionSignature,"FunctionSignature(CqlIdentifier, Iterable)",constructor,0,0,1,T1,needs-bridge,,,,,
public,core,com.datastax.oss.driver.api.core.metadata.schema,FunctionSignature,"FunctionSignature(CqlIdentifier, DataType...)",constructor,0,0,1,T1,needs-bridge,,,,,
public,core,com.datastax.oss.driver.api.core.metadata.schema,FunctionSignature,"FunctionSignature(String, Iterable)",constructor,0,0,1,T1,needs-bridge,,,,,
public,core,com.datastax.oss.driver.api.core.metadata.schema,FunctionSignature,"FunctionSignature(String, DataType...)",constructor,0,0,1,T1,needs-bridge,,,,,
public,core,com.datastax.oss.driver.api.core.metadata.schema,FunctionSignature,getName(),method,0,0,1,T1,needs-bridge,,,,,
public,core,com.datastax.oss.driver.api.core.metadata.schema,FunctionSignature,getParameterTypes(),method,0,0,1,T1,needs-bridge,,,,,
public,core,com.datastax.oss.driver.api.core.metadata.schema,FunctionSignature,equals(Object),method,0,0,1,T1,needs-bridge,,,,,
public,core,com.datastax.oss.driver.api.core.metadata.schema,FunctionSignature,hashCode(),method,0,0,1,T1,needs-bridge,,,,,
public,core,com.datastax.oss.driver.api.core.metadata.schema,FunctionSignature,toString(),method,0,0,1,T1,needs-bridge,,,,,
public,core,com.datastax.oss.driver.api.core.metadata.schema,IndexKind,KEYS,enum-constant,0,0,1,T1,needs-bridge,,,,,
public,core,com.datastax.oss.driver.api.core.metadata.schema,IndexKind,CUSTOM,enum-constant,0,0,1,T1,needs-bridge,,,,,
public,core,com.datastax.oss.driver.api.core.metadata.schema,IndexKind,COMPOSITES,enum-constant,0,0,1,T1,needs-bridge,,,,,
public,core,com.datastax.oss.driver.api.core.metadata.schema,IndexKind,values(),method,0,0,1,T1,needs-bridge,,,,,
public,core,com.datastax.oss.driver.api.core.metadata.schema,IndexKind,valueOf(String),method,0,0,1,T1,needs-bridge,,,,,
public,core,com.datastax.oss.driver.api.core.metadata.schema,IndexMetadata,getKeyspace(),method,0,0,1,T1,needs-bridge,,,,,
public,core,com.datastax.oss.driver.api.core.metadata.schema,IndexMetadata,getTable(),method,0,0,1,T1,needs-bridge,,,,,
public,core,com.datastax.oss.driver.api.core.metadata.schema,IndexMetadata,getName(),method,0,0,1,T1,needs-bridge,,,,,
public,core,com.datastax.oss.driver.api.core.metadata.schema,IndexMetadata,getKind(),method,0,0,1,T1,needs-bridge,,,,,
public,core,com.datastax.oss.driver.api.core.metadata.schema,IndexMetadata,getTarget(),method,0,0,1,T1,needs-bridge,,,,,
public,core,com.datastax.oss.driver.api.core.metadata.schema,IndexMetadata,getClassName(),method,0,0,1,T1,needs-bridge,,,,,
public,core,com.datastax.oss.driver.api.core.metadata.schema,IndexMetadata,getOptions(),method,0,0,1,T1,needs-bridge,,,,,
public,core,com.datastax.oss.driver.api.core.metadata.schema,IndexMetadata,describe(boolean),method,0,0,1,T1,needs-bridge,,,,,
public,core,com.datastax.oss.driver.api.core.metadata.schema,IndexMetadata,describeWithChildren(boolean),method,0,0,1,T1,needs-bridge,,,,,
public,core,com.datastax.oss.driver.api.core.metadata.schema,KeyspaceMetadata,getName(),method,0,0,1,T1,needs-bridge,,,,,
public,core,com.datastax.oss.driver.api.core.metadata.schema,KeyspaceMetadata,isDurableWrites(),method,0,0,1,T1,needs-bridge,,,,,
public,core,com.datastax.oss.driver.api.core.metadata.schema,KeyspaceMetadata,isVirtual(),method,0,0,1,T1,needs-bridge,,,,,
public,core,com.datastax.oss.driver.api.core.metadata.schema,KeyspaceMetadata,isUsingTablets(),method,0,0,1,T1,needs-bridge,,,,,
public,core,com.datastax.oss.driver.api.core.metadata.schema,KeyspaceMetadata,setUsingTablets(boolean),method,0,0,1,T1,needs-bridge,,,,,
public,core,com.datastax.oss.driver.api.core.metadata.schema,KeyspaceMetadata,getReplication(),method,0,0,1,T1,needs-bridge,,,,,
public,core,com.datastax.oss.driver.api.core.metadata.schema,KeyspaceMetadata,getTables(),method,0,0,1,T1,needs-bridge,,,,,
public,core,com.datastax.oss.driver.api.core.metadata.schema,KeyspaceMetadata,getTable(CqlIdentifier),method,0,0,1,T1,needs-bridge,,,,,
public,core,com.datastax.oss.driver.api.core.metadata.schema,KeyspaceMetadata,getTable(String),method,0,0,1,T1,needs-bridge,,,,,
public,core,com.datastax.oss.driver.api.core.metadata.schema,KeyspaceMetadata,getViews(),method,0,0,1,T1,needs-bridge,,,,,
public,core,com.datastax.oss.driver.api.core.metadata.schema,KeyspaceMetadata,getViewsOnTable(CqlIdentifier),method,0,0,1,T1,needs-bridge,,,,,
public,core,com.datastax.oss.driver.api.core.metadata.schema,KeyspaceMetadata,getView(CqlIdentifier),method,0,0,1,T1,needs-bridge,,,,,
public,core,com.datastax.oss.driver.api.core.metadata.schema,KeyspaceMetadata,getView(String),method,0,0,1,T1,needs-bridge,,,,,
public,core,com.datastax.oss.driver.api.core.metadata.schema,KeyspaceMetadata,getUserDefinedTypes(),method,0,0,1,T1,needs-bridge,,,,,
public,core,com.datastax.oss.driver.api.core.metadata.schema,KeyspaceMetadata,getUserDefinedType(CqlIdentifier),method,0,0,1,T1,needs-bridge,,,,,
public,core,com.datastax.oss.driver.api.core.metadata.schema,KeyspaceMetadata,getUserDefinedType(String),method,0,0,1,T1,needs-bridge,,,,,
public,core,com.datastax.oss.driver.api.core.metadata.schema,KeyspaceMetadata,getFunctions(),method,0,0,1,T1,needs-bridge,,,,,
public,core,com.datastax.oss.driver.api.core.metadata.schema,KeyspaceMetadata,getFunction(FunctionSignature),method,0,0,1,T1,needs-bridge,,,,,
public,core,com.datastax.oss.driver.api.core.metadata.schema,KeyspaceMetadata,"getFunction(CqlIdentifier, Iterable)",method,0,0,1,T1,needs-bridge,,,,,
public,core,com.datastax.oss.driver.api.core.metadata.schema,KeyspaceMetadata,"getFunction(String, Iterable)",method,0,0,1,T1,needs-bridge,,,,,
public,core,com.datastax.oss.driver.api.core.metadata.schema,KeyspaceMetadata,"getFunction(CqlIdentifier, DataType...)",method,0,0,1,T1,needs-bridge,,,,,
public,core,com.datastax.oss.driver.api.core.metadata.schema,KeyspaceMetadata,"getFunction(String, DataType...)",method,0,0,1,T1,needs-bridge,,,,,
public,core,com.datastax.oss.driver.api.core.metadata.schema,KeyspaceMetadata,getAggregates(),method,0,0,1,T1,needs-bridge,,,,,
public,core,com.datastax.oss.driver.api.core.metadata.schema,KeyspaceMetadata,getAggregate(FunctionSignature),method,0,0,1,T1,needs-bridge,,,,,
public,core,com.datastax.oss.driver.api.core.metadata.schema,KeyspaceMetadata,"getAggregate(CqlIdentifier, Iterable)",method,0,0,1,T1,needs-bridge,,,,,
public,core,com.datastax.oss.driver.api.core.metadata.schema,KeyspaceMetadata,"getAggregate(String, Iterable)",method,0,0,1,T1,needs-bridge,,,,,
public,core,com.datastax.oss.driver.api.core.metadata.schema,KeyspaceMetadata,"getAggregate(CqlIdentifier, DataType...)",method,0,0,1,T1,needs-bridge,,,,,
public,core,com.datastax.oss.driver.api.core.metadata.schema,KeyspaceMetadata,"getAggregate(String, DataType...)",method,0,0,1,T1,needs-bridge,,,,,
public,core,com.datastax.oss.driver.api.core.metadata.schema,KeyspaceMetadata,describe(boolean),method,0,0,1,T1,needs-bridge,,,,,
public,core,com.datastax.oss.driver.api.core.metadata.schema,KeyspaceMetadata,describeWithChildren(boolean),method,0,0,1,T1,needs-bridge,,,,,
public,core,com.datastax.oss.driver.api.core.metadata.schema,KeyspaceMetadata,shallowEquals(Object),method,0,0,1,T1,needs-bridge,,,,,
public,core,com.datastax.oss.driver.api.core.metadata.schema,RelationMetadata,getKeyspace(),method,0,0,1,T1,needs-bridge,,,,,
public,core,com.datastax.oss.driver.api.core.metadata.schema,RelationMetadata,getName(),method,0,0,1,T1,needs-bridge,,,,,
public,core,com.datastax.oss.driver.api.core.metadata.schema,RelationMetadata,getId(),method,0,0,1,T1,needs-bridge,,,,,
public,core,com.datastax.oss.driver.api.core.metadata.schema,RelationMetadata,getPrimaryKey(),method,0,0,1,T1,needs-bridge,,,,,
public,core,com.datastax.oss.driver.api.core.metadata.schema,RelationMetadata,getPartitionKey(),method,0,0,1,T1,needs-bridge,,,,,
public,core,com.datastax.oss.driver.api.core.metadata.schema,RelationMetadata,getClusteringColumns(),method,0,0,1,T1,needs-bridge,,,,,
public,core,com.datastax.oss.driver.api.core.metadata.schema,RelationMetadata,getColumns(),method,0,0,1,T1,needs-bridge,,,,,
public,core,com.datastax.oss.driver.api.core.metadata.schema,RelationMetadata,getColumn(CqlIdentifier),method,0,0,1,T1,needs-bridge,,,,,
public,core,com.datastax.oss.driver.api.core.metadata.schema,RelationMetadata,getColumn(String),method,0,0,1,T1,needs-bridge,,,,,
public,core,com.datastax.oss.driver.api.core.metadata.schema,RelationMetadata,getOptions(),method,0,0,1,T1,needs-bridge,,,,,
public,core,com.datastax.oss.driver.api.core.metadata.schema,SchemaChangeListener,onKeyspaceCreated(KeyspaceMetadata),method,0,0,1,T1,needs-bridge,,,,,
public,core,com.datastax.oss.driver.api.core.metadata.schema,SchemaChangeListener,onKeyspaceDropped(KeyspaceMetadata),method,0,0,1,T1,needs-bridge,,,,,
public,core,com.datastax.oss.driver.api.core.metadata.schema,SchemaChangeListener,"onKeyspaceUpdated(KeyspaceMetadata, KeyspaceMetadata)",method,0,0,1,T1,needs-bridge,,,,,
public,core,com.datastax.oss.driver.api.core.metadata.schema,SchemaChangeListener,onTableCreated(TableMetadata),method,0,0,1,T1,needs-bridge,,,,,
public,core,com.datastax.oss.driver.api.core.metadata.schema,SchemaChangeListener,onTableDropped(TableMetadata),method,0,0,1,T1,needs-bridge,,,,,
public,core,com.datastax.oss.driver.api.core.metadata.schema,SchemaChangeListener,"onTableUpdated(TableMetadata, TableMetadata)",method,0,0,1,T1,needs-bridge,,,,,
public,core,com.datastax.oss.driver.api.core.metadata.schema,SchemaChangeListener,onUserDefinedTypeCreated(UserDefinedType),method,0,0,1,T1,needs-bridge,,,,,
public,core,com.datastax.oss.driver.api.core.metadata.schema,SchemaChangeListener,onUserDefinedTypeDropped(UserDefinedType),method,0,0,1,T1,needs-bridge,,,,,
public,core,com.datastax.oss.driver.api.core.metadata.schema,SchemaChangeListener,"onUserDefinedTypeUpdated(UserDefinedType, UserDefinedType)",method,0,0,1,T1,needs-bridge,,,,,
public,core,com.datastax.oss.driver.api.core.metadata.schema,SchemaChangeListener,onFunctionCreated(FunctionMetadata),method,0,0,1,T1,needs-bridge,,,,,
public,core,com.datastax.oss.driver.api.core.metadata.schema,SchemaChangeListener,onFunctionDropped(FunctionMetadata),method,0,0,1,T1,needs-bridge,,,,,
public,core,com.datastax.oss.driver.api.core.metadata.schema,SchemaChangeListener,"onFunctionUpdated(FunctionMetadata, FunctionMetadata)",method,0,0,1,T1,needs-bridge,,,,,
public,core,com.datastax.oss.driver.api.core.metadata.schema,SchemaChangeListener,onAggregateCreated(AggregateMetadata),method,0,0,1,T1,needs-bridge,,,,,
public,core,com.datastax.oss.driver.api.core.metadata.schema,SchemaChangeListener,onAggregateDropped(AggregateMetadata),method,0,0,1,T1,needs-bridge,,,,,
public,core,com.datastax.oss.driver.api.core.metadata.schema,SchemaChangeListener,"onAggregateUpdated(AggregateMetadata, AggregateMetadata)",method,0,0,1,T1,needs-bridge,,,,,
public,core,com.datastax.oss.driver.api.core.metadata.schema,SchemaChangeListener,onViewCreated(ViewMetadata),method,0,0,1,T1,needs-bridge,,,,,
public,core,com.datastax.oss.driver.api.core.metadata.schema,SchemaChangeListener,onViewDropped(ViewMetadata),method,0,0,1,T1,needs-bridge,,,,,
public,core,com.datastax.oss.driver.api.core.metadata.schema,SchemaChangeListener,"onViewUpdated(ViewMetadata, ViewMetadata)",method,0,0,1,T1,needs-bridge,,,,,
public,core,com.datastax.oss.driver.api.core.metadata.schema,SchemaChangeListener,onSessionReady(Session),method,0,0,1,T1,needs-bridge,,,,,
public,core,com.datastax.oss.driver.api.core.metadata.schema,SchemaChangeListenerBase,SchemaChangeListenerBase(),constructor,0,0,1,T1,needs-bridge,,,,,
public,core,com.datastax.oss.driver.api.core.metadata.schema,SchemaChangeListenerBase,onKeyspaceCreated(KeyspaceMetadata),method,0,0,1,T1,needs-bridge,,,,,
public,core,com.datastax.oss.driver.api.core.metadata.schema,SchemaChangeListenerBase,onKeyspaceDropped(KeyspaceMetadata),method,0,0,1,T1,needs-bridge,,,,,
public,core,com.datastax.oss.driver.api.core.metadata.schema,SchemaChangeListenerBase,"onKeyspaceUpdated(KeyspaceMetadata, KeyspaceMetadata)",method,0,0,1,T1,needs-bridge,,,,,
public,core,com.datastax.oss.driver.api.core.metadata.schema,SchemaChangeListenerBase,onTableCreated(TableMetadata),method,0,0,1,T1,needs-bridge,,,,,
public,core,com.datastax.oss.driver.api.core.metadata.schema,SchemaChangeListenerBase,onTableDropped(TableMetadata),method,0,0,1,T1,needs-bridge,,,,,
public,core,com.datastax.oss.driver.api.core.metadata.schema,SchemaChangeListenerBase,"onTableUpdated(TableMetadata, TableMetadata)",method,0,0,1,T1,needs-bridge,,,,,
public,core,com.datastax.oss.driver.api.core.metadata.schema,SchemaChangeListenerBase,onUserDefinedTypeCreated(UserDefinedType),method,0,0,1,T1,needs-bridge,,,,,
public,core,com.datastax.oss.driver.api.core.metadata.schema,SchemaChangeListenerBase,onUserDefinedTypeDropped(UserDefinedType),method,0,0,1,T1,needs-bridge,,,,,
public,core,com.datastax.oss.driver.api.core.metadata.schema,SchemaChangeListenerBase,"onUserDefinedTypeUpdated(UserDefinedType, UserDefinedType)",method,0,0,1,T1,needs-bridge,,,,,
public,core,com.datastax.oss.driver.api.core.metadata.schema,SchemaChangeListenerBase,onFunctionCreated(FunctionMetadata),method,0,0,1,T1,needs-bridge,,,,,
public,core,com.datastax.oss.driver.api.core.metadata.schema,SchemaChangeListenerBase,onFunctionDropped(FunctionMetadata),method,0,0,1,T1,needs-bridge,,,,,
public,core,com.datastax.oss.driver.api.core.metadata.schema,SchemaChangeListenerBase,"onFunctionUpdated(FunctionMetadata, FunctionMetadata)",method,0,0,1,T1,needs-bridge,,,,,
public,core,com.datastax.oss.driver.api.core.metadata.schema,SchemaChangeListenerBase,onAggregateCreated(AggregateMetadata),method,0,0,1,T1,needs-bridge,,,,,
public,core,com.datastax.oss.driver.api.core.metadata.schema,SchemaChangeListenerBase,onAggregateDropped(AggregateMetadata),method,0,0,1,T1,needs-bridge,,,,,
public,core,com.datastax.oss.driver.api.core.metadata.schema,SchemaChangeListenerBase,"onAggregateUpdated(AggregateMetadata, AggregateMetadata)",method,0,0,1,T1,needs-bridge,,,,,
public,core,com.datastax.oss.driver.api.core.metadata.schema,SchemaChangeListenerBase,onViewCreated(ViewMetadata),method,0,0,1,T1,needs-bridge,,,,,
public,core,com.datastax.oss.driver.api.core.metadata.schema,SchemaChangeListenerBase,onViewDropped(ViewMetadata),method,0,0,1,T1,needs-bridge,,,,,
public,core,com.datastax.oss.driver.api.core.metadata.schema,SchemaChangeListenerBase,"onViewUpdated(ViewMetadata, ViewMetadata)",method,0,0,1,T1,needs-bridge,,,,,
public,core,com.datastax.oss.driver.api.core.metadata.schema,SchemaChangeListenerBase,close(),method,0,0,1,T1,needs-bridge,,,,,
public,core,com.datastax.oss.driver.api.core.metadata.schema,TableMetadata,isCompactStorage(),method,0,0,1,T1,needs-bridge,,,,,
public,core,com.datastax.oss.driver.api.core.metadata.schema,TableMetadata,isVirtual(),method,0,0,1,T1,needs-bridge,,,,,
public,core,com.datastax.oss.driver.api.core.metadata.schema,TableMetadata,getIndexes(),method,0,0,1,T1,needs-bridge,,,,,
public,core,com.datastax.oss.driver.api.core.metadata.schema,TableMetadata,getIndex(CqlIdentifier),method,0,0,1,T1,needs-bridge,,,,,
public,core,com.datastax.oss.driver.api.core.metadata.schema,TableMetadata,getIndex(String),method,0,0,1,T1,needs-bridge,,,,,
public,core,com.datastax.oss.driver.api.core.metadata.schema,TableMetadata,describe(boolean),method,0,0,1,T1,needs-bridge,,,,,
public,core,com.datastax.oss.driver.api.core.metadata.schema,TableMetadata,describeWithChildren(boolean),method,0,0,1,T1,needs-bridge,,,,,
public,core,com.datastax.oss.driver.api.core.metadata.schema,ViewMetadata,getBaseTable(),method,0,0,1,T1,needs-bridge,,,,,
public,core,com.datastax.oss.driver.api.core.metadata.schema,ViewMetadata,includesAllColumns(),method,0,0,1,T1,needs-bridge,,,,,
public,core,com.datastax.oss.driver.api.core.metadata.schema,ViewMetadata,getWhereClause(),method,0,0,1,T1,needs-bridge,,,,,
public,core,com.datastax.oss.driver.api.core.metadata.schema,ViewMetadata,describe(boolean),method,0,0,1,T1,needs-bridge,,,,,
public,core,com.datastax.oss.driver.api.core.metadata.schema,ViewMetadata,describeWithChildren(boolean),method,0,0,1,T1,needs-bridge,,,,,
public,core,com.datastax.oss.driver.api.core.metadata.token,Partitioner,hash(ByteBuffer),method,0,1,1,T1,needs-bridge,,,,,
public,core,com.datastax.oss.driver.api.core.metadata.token,Token,"(interface, no declared members)",type,0,0,1,T1,needs-bridge,,,,,
public,core,com.datastax.oss.driver.api.core.metadata.token,TokenRange,getStart(),method,0,0,1,T1,needs-bridge,,,,,
public,core,com.datastax.oss.driver.api.core.metadata.token,TokenRange,getEnd(),method,0,0,1,T1,needs-bridge,,,,,
public,core,com.datastax.oss.driver.api.core.metadata.token,TokenRange,splitEvenly(int),method,0,0,1,T1,needs-bridge,,,,,
public,core,com.datastax.oss.driver.api.core.metadata.token,TokenRange,isEmpty(),method,0,0,1,T1,needs-bridge,,,,,
public,core,com.datastax.oss.driver.api.core.metadata.token,TokenRange,isWrappedAround(),method,0,0,1,T1,needs-bridge,,,,,
public,core,com.datastax.oss.driver.api.core.metadata.token,TokenRange,isFullRing(),method,0,0,1,T1,needs-bridge,,,,,
public,core,com.datastax.oss.driver.api.core.metadata.token,TokenRange,unwrap(),method,0,0,1,T1,needs-bridge,,,,,
public,core,com.datastax.oss.driver.api.core.metadata.token,TokenRange,intersects(TokenRange),method,0,0,1,T1,needs-bridge,,,,,
public,core,com.datastax.oss.driver.api.core.metadata.token,TokenRange,intersectWith(TokenRange),method,0,0,1,T1,needs-bridge,,,,,
public,core,com.datastax.oss.driver.api.core.metadata.token,TokenRange,contains(Token),method,0,0,1,T1,needs-bridge,,,,,
public,core,com.datastax.oss.driver.api.core.metadata.token,TokenRange,mergeWith(TokenRange),method,0,0,1,T1,needs-bridge,,,,,
public,core,com.datastax.oss.driver.api.core.metrics,DefaultNodeMetric,OPEN_CONNECTIONS,enum-constant,0,0,1,T2,needs-bridge,,,,,
public,core,com.datastax.oss.driver.api.core.metrics,DefaultNodeMetric,AVAILABLE_STREAMS,enum-constant,0,0,1,T2,needs-bridge,,,,,
public,core,com.datastax.oss.driver.api.core.metrics,DefaultNodeMetric,IN_FLIGHT,enum-constant,0,0,1,T2,needs-bridge,,,,,
public,core,com.datastax.oss.driver.api.core.metrics,DefaultNodeMetric,ORPHANED_STREAMS,enum-constant,0,0,1,T2,needs-bridge,,,,,
public,core,com.datastax.oss.driver.api.core.metrics,DefaultNodeMetric,BYTES_SENT,enum-constant,0,0,1,T2,needs-bridge,,,,,
public,core,com.datastax.oss.driver.api.core.metrics,DefaultNodeMetric,BYTES_RECEIVED,enum-constant,0,0,1,T2,needs-bridge,,,,,
public,core,com.datastax.oss.driver.api.core.metrics,DefaultNodeMetric,CQL_MESSAGES,enum-constant,0,0,1,T2,needs-bridge,,,,,
public,core,com.datastax.oss.driver.api.core.metrics,DefaultNodeMetric,UNSENT_REQUESTS,enum-constant,0,0,1,T2,needs-bridge,,,,,
public,core,com.datastax.oss.driver.api.core.metrics,DefaultNodeMetric,ABORTED_REQUESTS,enum-constant,0,0,1,T2,needs-bridge,,,,,
public,core,com.datastax.oss.driver.api.core.metrics,DefaultNodeMetric,WRITE_TIMEOUTS,enum-constant,0,0,1,T2,needs-bridge,,,,,
public,core,com.datastax.oss.driver.api.core.metrics,DefaultNodeMetric,READ_TIMEOUTS,enum-constant,0,0,1,T2,needs-bridge,,,,,
public,core,com.datastax.oss.driver.api.core.metrics,DefaultNodeMetric,UNAVAILABLES,enum-constant,0,0,1,T2,needs-bridge,,,,,
public,core,com.datastax.oss.driver.api.core.metrics,DefaultNodeMetric,OTHER_ERRORS,enum-constant,0,0,1,T2,needs-bridge,,,,,
public,core,com.datastax.oss.driver.api.core.metrics,DefaultNodeMetric,RETRIES,enum-constant,0,0,1,T2,needs-bridge,,,,,
public,core,com.datastax.oss.driver.api.core.metrics,DefaultNodeMetric,RETRIES_ON_ABORTED,enum-constant,0,0,1,T2,needs-bridge,,,,,
public,core,com.datastax.oss.driver.api.core.metrics,DefaultNodeMetric,RETRIES_ON_READ_TIMEOUT,enum-constant,0,0,1,T2,needs-bridge,,,,,
public,core,com.datastax.oss.driver.api.core.metrics,DefaultNodeMetric,RETRIES_ON_WRITE_TIMEOUT,enum-constant,0,0,1,T2,needs-bridge,,,,,
public,core,com.datastax.oss.driver.api.core.metrics,DefaultNodeMetric,RETRIES_ON_UNAVAILABLE,enum-constant,0,0,1,T2,needs-bridge,,,,,
public,core,com.datastax.oss.driver.api.core.metrics,DefaultNodeMetric,RETRIES_ON_OTHER_ERROR,enum-constant,0,0,1,T2,needs-bridge,,,,,
public,core,com.datastax.oss.driver.api.core.metrics,DefaultNodeMetric,IGNORES,enum-constant,0,0,1,T2,needs-bridge,,,,,
public,core,com.datastax.oss.driver.api.core.metrics,DefaultNodeMetric,IGNORES_ON_ABORTED,enum-constant,0,0,1,T2,needs-bridge,,,,,
public,core,com.datastax.oss.driver.api.core.metrics,DefaultNodeMetric,IGNORES_ON_READ_TIMEOUT,enum-constant,0,0,1,T2,needs-bridge,,,,,
public,core,com.datastax.oss.driver.api.core.metrics,DefaultNodeMetric,IGNORES_ON_WRITE_TIMEOUT,enum-constant,0,0,1,T2,needs-bridge,,,,,
public,core,com.datastax.oss.driver.api.core.metrics,DefaultNodeMetric,IGNORES_ON_UNAVAILABLE,enum-constant,0,0,1,T2,needs-bridge,,,,,
public,core,com.datastax.oss.driver.api.core.metrics,DefaultNodeMetric,IGNORES_ON_OTHER_ERROR,enum-constant,0,0,1,T2,needs-bridge,,,,,
public,core,com.datastax.oss.driver.api.core.metrics,DefaultNodeMetric,SPECULATIVE_EXECUTIONS,enum-constant,0,0,1,T2,needs-bridge,,,,,
public,core,com.datastax.oss.driver.api.core.metrics,DefaultNodeMetric,CONNECTION_INIT_ERRORS,enum-constant,0,0,1,T2,needs-bridge,,,,,
public,core,com.datastax.oss.driver.api.core.metrics,DefaultNodeMetric,AUTHENTICATION_ERRORS,enum-constant,0,0,1,T2,needs-bridge,,,,,
public,core,com.datastax.oss.driver.api.core.metrics,DefaultNodeMetric,getPath(),method,0,0,1,T2,needs-bridge,,,,,
public,core,com.datastax.oss.driver.api.core.metrics,DefaultNodeMetric,fromPath(String),method,0,0,1,T2,needs-bridge,,,,,
public,core,com.datastax.oss.driver.api.core.metrics,DefaultNodeMetric,values(),method,0,0,1,T2,needs-bridge,,,,,
public,core,com.datastax.oss.driver.api.core.metrics,DefaultNodeMetric,valueOf(String),method,0,0,1,T2,needs-bridge,,,,,
public,core,com.datastax.oss.driver.api.core.metrics,DefaultSessionMetric,BYTES_SENT,enum-constant,0,0,1,T2,needs-bridge,,,,,
public,core,com.datastax.oss.driver.api.core.metrics,DefaultSessionMetric,BYTES_RECEIVED,enum-constant,0,0,1,T2,needs-bridge,,,,,
public,core,com.datastax.oss.driver.api.core.metrics,DefaultSessionMetric,CONNECTED_NODES,enum-constant,0,0,1,T2,needs-bridge,,,,,
public,core,com.datastax.oss.driver.api.core.metrics,DefaultSessionMetric,CQL_REQUESTS,enum-constant,0,0,1,T2,needs-bridge,,,,,
public,core,com.datastax.oss.driver.api.core.metrics,DefaultSessionMetric,CQL_CLIENT_TIMEOUTS,enum-constant,0,0,1,T2,needs-bridge,,,,,
public,core,com.datastax.oss.driver.api.core.metrics,DefaultSessionMetric,THROTTLING_DELAY,enum-constant,0,0,1,T2,needs-bridge,,,,,
public,core,com.datastax.oss.driver.api.core.metrics,DefaultSessionMetric,THROTTLING_QUEUE_SIZE,enum-constant,0,0,1,T2,needs-bridge,,,,,
public,core,com.datastax.oss.driver.api.core.metrics,DefaultSessionMetric,THROTTLING_ERRORS,enum-constant,0,0,1,T2,needs-bridge,,,,,
public,core,com.datastax.oss.driver.api.core.metrics,DefaultSessionMetric,CQL_PREPARED_CACHE_SIZE,enum-constant,0,0,1,T2,needs-bridge,,,,,
public,core,com.datastax.oss.driver.api.core.metrics,DefaultSessionMetric,getPath(),method,0,0,1,T2,needs-bridge,,,,,
public,core,com.datastax.oss.driver.api.core.metrics,DefaultSessionMetric,fromPath(String),method,0,0,1,T2,needs-bridge,,,,,
public,core,com.datastax.oss.driver.api.core.metrics,DefaultSessionMetric,values(),method,0,0,1,T2,needs-bridge,,,,,
public,core,com.datastax.oss.driver.api.core.metrics,DefaultSessionMetric,valueOf(String),method,0,0,1,T2,needs-bridge,,,,,
public,core,com.datastax.oss.driver.api.core.metrics,Metrics,getRegistry(),method,0,0,1,T2,needs-bridge,,,,,
public,core,com.datastax.oss.driver.api.core.metrics,Metrics,"getSessionMetric(SessionMetric, String)",method,0,0,1,T2,needs-bridge,,,,,
public,core,com.datastax.oss.driver.api.core.metrics,Metrics,getSessionMetric(SessionMetric),method,0,0,1,T2,needs-bridge,,,,,
public,core,com.datastax.oss.driver.api.core.metrics,Metrics,"getNodeMetric(Node, NodeMetric, String)",method,0,0,1,T2,needs-bridge,,,,,
public,core,com.datastax.oss.driver.api.core.metrics,Metrics,"getNodeMetric(Node, NodeMetric)",method,0,0,1,T2,needs-bridge,,,,,
public,core,com.datastax.oss.driver.api.core.metrics,NodeMetric,getPath(),method,0,0,1,T2,needs-bridge,,,,,
public,core,com.datastax.oss.driver.api.core.metrics,SessionMetric,getPath(),method,0,0,1,T2,needs-bridge,,,,,
public,core,com.datastax.oss.driver.api.core.paging,OffsetPager,OffsetPager(int),constructor,0,0,1,T1,needs-bridge,,,,,
public,core,com.datastax.oss.driver.api.core.paging,OffsetPager,"getPage(PagingIterable, int)",method,0,0,1,T1,needs-bridge,,,,,
public,core,com.datastax.oss.driver.api.core.paging,OffsetPager,"getPage(IterableT, int)",method,0,0,1,T1,needs-bridge,,,,,
public,core,com.datastax.oss.driver.api.core.paging,OffsetPager.Page,getElements(),method,0,0,1,T1,needs-bridge,,,,,
public,core,com.datastax.oss.driver.api.core.paging,OffsetPager.Page,getPageNumber(),method,0,0,1,T1,needs-bridge,,,,,
public,core,com.datastax.oss.driver.api.core.paging,OffsetPager.Page,isLast(),method,0,0,1,T1,needs-bridge,,,,,
public,core,com.datastax.oss.driver.api.core.retry,RetryDecision,RETRY_SAME,enum-constant,0,0,1,T1,needs-bridge,,,,,
public,core,com.datastax.oss.driver.api.core.retry,RetryDecision,RETRY_NEXT,enum-constant,0,0,1,T1,needs-bridge,,,,,
public,core,com.datastax.oss.driver.api.core.retry,RetryDecision,RETHROW,enum-constant,0,0,1,T1,needs-bridge,,,,,
public,core,com.datastax.oss.driver.api.core.retry,RetryDecision,IGNORE,enum-constant,0,0,1,T1,needs-bridge,,,,,
public,core,com.datastax.oss.driver.api.core.retry,RetryDecision,values(),method,0,0,1,T1,needs-bridge,,,,,
public,core,com.datastax.oss.driver.api.core.retry,RetryDecision,valueOf(String),method,0,0,1,T1,needs-bridge,,,,,
public,core,com.datastax.oss.driver.api.core.retry,RetryPolicy,"onReadTimeout(Request, ConsistencyLevel, int, int, boolean, int)",method,1,0,1,T1,needs-bridge,,,,,
public,core,com.datastax.oss.driver.api.core.retry,RetryPolicy,"onReadTimeoutVerdict(Request, ConsistencyLevel, int, int, boolean, int)",method,0,0,1,T1,needs-bridge,,,,,
public,core,com.datastax.oss.driver.api.core.retry,RetryPolicy,"onWriteTimeout(Request, ConsistencyLevel, WriteType, int, int, int)",method,1,0,1,T1,needs-bridge,,,,,
public,core,com.datastax.oss.driver.api.core.retry,RetryPolicy,"onWriteTimeoutVerdict(Request, ConsistencyLevel, WriteType, int, int, int)",method,0,0,1,T1,needs-bridge,,,,,
public,core,com.datastax.oss.driver.api.core.retry,RetryPolicy,"onUnavailable(Request, ConsistencyLevel, int, int, int)",method,1,0,1,T1,needs-bridge,,,,,
public,core,com.datastax.oss.driver.api.core.retry,RetryPolicy,"onUnavailableVerdict(Request, ConsistencyLevel, int, int, int)",method,0,0,1,T1,needs-bridge,,,,,
public,core,com.datastax.oss.driver.api.core.retry,RetryPolicy,"onRequestAborted(Request, Throwable, int)",method,1,0,1,T1,needs-bridge,,,,,
public,core,com.datastax.oss.driver.api.core.retry,RetryPolicy,"onRequestAbortedVerdict(Request, Throwable, int)",method,0,0,1,T1,needs-bridge,,,,,
public,core,com.datastax.oss.driver.api.core.retry,RetryPolicy,"onErrorResponse(Request, CoordinatorException, int)",method,1,0,1,T1,needs-bridge,,,,,
public,core,com.datastax.oss.driver.api.core.retry,RetryPolicy,"onErrorResponseVerdict(Request, CoordinatorException, int)",method,0,0,1,T1,needs-bridge,,,,,
public,core,com.datastax.oss.driver.api.core.retry,RetryPolicy,close(),method,0,0,1,T1,needs-bridge,,,,,
public,core,com.datastax.oss.driver.api.core.retry,RetryVerdict,RETRY_SAME,field,0,0,1,T1,needs-bridge,,,,,
public,core,com.datastax.oss.driver.api.core.retry,RetryVerdict,RETRY_NEXT,field,0,0,1,T1,needs-bridge,,,,,
public,core,com.datastax.oss.driver.api.core.retry,RetryVerdict,IGNORE,field,0,0,1,T1,needs-bridge,,,,,
public,core,com.datastax.oss.driver.api.core.retry,RetryVerdict,RETHROW,field,0,0,1,T1,needs-bridge,,,,,
public,core,com.datastax.oss.driver.api.core.retry,RetryVerdict,getRetryDecision(),method,0,0,1,T1,needs-bridge,,,,,
public,core,com.datastax.oss.driver.api.core.retry,RetryVerdict,getRetryRequest(RequestT),method,0,0,1,T1,needs-bridge,,,,,
public,core,com.datastax.oss.driver.api.core.servererrors,AlreadyExistsException,"AlreadyExistsException(Node, String, String)",constructor,0,0,1,T1,needs-bridge,,,,,
public,core,com.datastax.oss.driver.api.core.servererrors,AlreadyExistsException,copy(),method,0,0,1,T1,needs-bridge,,,,,
public,core,com.datastax.oss.driver.api.core.servererrors,BootstrappingException,BootstrappingException(Node),constructor,0,0,1,T1,needs-bridge,,,,,
public,core,com.datastax.oss.driver.api.core.servererrors,BootstrappingException,copy(),method,0,0,1,T1,needs-bridge,,,,,
public,core,com.datastax.oss.driver.api.core.servererrors,CASWriteUnknownException,"CASWriteUnknownException(Node, ConsistencyLevel, int, int)",constructor,0,0,1,T1,needs-bridge,,,,,
public,core,com.datastax.oss.driver.api.core.servererrors,CASWriteUnknownException,copy(),method,0,0,1,T1,needs-bridge,,,,,
public,core,com.datastax.oss.driver.api.core.servererrors,CDCWriteFailureException,CDCWriteFailureException(Node),constructor,0,0,1,T1,needs-bridge,,,,,
public,core,com.datastax.oss.driver.api.core.servererrors,CDCWriteFailureException,"CDCWriteFailureException(Node, String)",constructor,0,0,1,T1,needs-bridge,,,,,
public,core,com.datastax.oss.driver.api.core.servererrors,CDCWriteFailureException,copy(),method,0,0,1,T1,needs-bridge,,,,,
protected,core,com.datastax.oss.driver.api.core.servererrors,CoordinatorException,"CoordinatorException(Node, String, ExecutionInfo, boolean)",constructor,0,0,1,T1,needs-bridge,,,,,
public,core,com.datastax.oss.driver.api.core.servererrors,CoordinatorException,getCoordinator(),method,0,0,1,T1,needs-bridge,,,,,
public,core,com.datastax.oss.driver.api.core.servererrors,DefaultWriteType,SIMPLE,enum-constant,0,0,1,T1,needs-bridge,,,,,
public,core,com.datastax.oss.driver.api.core.servererrors,DefaultWriteType,BATCH,enum-constant,0,0,1,T1,needs-bridge,,,,,
public,core,com.datastax.oss.driver.api.core.servererrors,DefaultWriteType,UNLOGGED_BATCH,enum-constant,0,0,1,T1,needs-bridge,,,,,
public,core,com.datastax.oss.driver.api.core.servererrors,DefaultWriteType,COUNTER,enum-constant,0,0,1,T1,needs-bridge,,,,,
public,core,com.datastax.oss.driver.api.core.servererrors,DefaultWriteType,BATCH_LOG,enum-constant,0,0,1,T1,needs-bridge,,,,,
public,core,com.datastax.oss.driver.api.core.servererrors,DefaultWriteType,CAS,enum-constant,0,0,1,T1,needs-bridge,,,,,
public,core,com.datastax.oss.driver.api.core.servererrors,DefaultWriteType,VIEW,enum-constant,0,0,1,T1,needs-bridge,,,,,
public,core,com.datastax.oss.driver.api.core.servererrors,DefaultWriteType,CDC,enum-constant,0,0,1,T1,needs-bridge,,,,,
public,core,com.datastax.oss.driver.api.core.servererrors,DefaultWriteType,values(),method,0,0,1,T1,needs-bridge,,,,,
public,core,com.datastax.oss.driver.api.core.servererrors,DefaultWriteType,valueOf(String),method,0,0,1,T1,needs-bridge,,,,,
public,core,com.datastax.oss.driver.api.core.servererrors,FunctionFailureException,"FunctionFailureException(Node, String)",constructor,0,0,1,T1,needs-bridge,,,,,
public,core,com.datastax.oss.driver.api.core.servererrors,FunctionFailureException,copy(),method,0,0,1,T1,needs-bridge,,,,,
public,core,com.datastax.oss.driver.api.core.servererrors,InvalidConfigurationInQueryException,"InvalidConfigurationInQueryException(Node, String)",constructor,0,0,1,T1,needs-bridge,,,,,
public,core,com.datastax.oss.driver.api.core.servererrors,InvalidConfigurationInQueryException,copy(),method,0,0,1,T1,needs-bridge,,,,,
public,core,com.datastax.oss.driver.api.core.servererrors,InvalidQueryException,"InvalidQueryException(Node, String)",constructor,0,0,1,T1,needs-bridge,,,,,
public,core,com.datastax.oss.driver.api.core.servererrors,InvalidQueryException,copy(),method,0,0,1,T1,needs-bridge,,,,,
public,core,com.datastax.oss.driver.api.core.servererrors,OverloadedException,OverloadedException(Node),constructor,0,0,1,T1,needs-bridge,,,,,
public,core,com.datastax.oss.driver.api.core.servererrors,OverloadedException,"OverloadedException(Node, String)",constructor,0,0,1,T1,needs-bridge,,,,,
public,core,com.datastax.oss.driver.api.core.servererrors,OverloadedException,copy(),method,0,0,1,T1,needs-bridge,,,,,
public,core,com.datastax.oss.driver.api.core.servererrors,ProtocolError,"ProtocolError(Node, String)",constructor,0,0,1,T1,needs-bridge,,,,,
public,core,com.datastax.oss.driver.api.core.servererrors,ProtocolError,copy(),method,0,0,1,T1,needs-bridge,,,,,
protected,core,com.datastax.oss.driver.api.core.servererrors,QueryConsistencyException,"QueryConsistencyException(Node, String, ConsistencyLevel, int, int, ExecutionInfo, boolean)",constructor,0,0,1,T1,needs-bridge,,,,,
public,core,com.datastax.oss.driver.api.core.servererrors,QueryConsistencyException,getConsistencyLevel(),method,0,0,1,T1,needs-bridge,,,,,
public,core,com.datastax.oss.driver.api.core.servererrors,QueryConsistencyException,getReceived(),method,0,0,1,T1,needs-bridge,,,,,
public,core,com.datastax.oss.driver.api.core.servererrors,QueryConsistencyException,getBlockFor(),method,0,0,1,T1,needs-bridge,,,,,
protected,core,com.datastax.oss.driver.api.core.servererrors,QueryExecutionException,"QueryExecutionException(Node, String, ExecutionInfo, boolean)",constructor,0,0,1,T1,needs-bridge,,,,,
protected,core,com.datastax.oss.driver.api.core.servererrors,QueryValidationException,"QueryValidationException(Node, String, ExecutionInfo, boolean)",constructor,0,0,1,T1,needs-bridge,,,,,
public,core,com.datastax.oss.driver.api.core.servererrors,ReadFailureException,"ReadFailureException(Node, ConsistencyLevel, int, int, int, boolean, Map)",constructor,0,0,1,T1,needs-bridge,,,,,
public,core,com.datastax.oss.driver.api.core.servererrors,ReadFailureException,getNumFailures(),method,0,0,1,T1,needs-bridge,,,,,
public,core,com.datastax.oss.driver.api.core.servererrors,ReadFailureException,wasDataPresent(),method,0,0,1,T1,needs-bridge,,,,,
public,core,com.datastax.oss.driver.api.core.servererrors,ReadFailureException,getReasonMap(),method,0,0,1,T1,needs-bridge,,,,,
public,core,com.datastax.oss.driver.api.core.servererrors,ReadFailureException,copy(),method,0,0,1,T1,needs-bridge,,,,,
public,core,com.datastax.oss.driver.api.core.servererrors,ReadTimeoutException,"ReadTimeoutException(Node, ConsistencyLevel, int, int, boolean)",constructor,0,0,1,T1,needs-bridge,,,,,
public,core,com.datastax.oss.driver.api.core.servererrors,ReadTimeoutException,wasDataPresent(),method,0,0,1,T1,needs-bridge,,,,,
public,core,com.datastax.oss.driver.api.core.servererrors,ReadTimeoutException,copy(),method,0,0,1,T1,needs-bridge,,,,,
public,core,com.datastax.oss.driver.api.core.servererrors,ServerError,"ServerError(Node, String)",constructor,0,0,1,T1,needs-bridge,,,,,
public,core,com.datastax.oss.driver.api.core.servererrors,ServerError,copy(),method,0,0,1,T1,needs-bridge,,,,,
public,core,com.datastax.oss.driver.api.core.servererrors,SyntaxError,"SyntaxError(Node, String)",constructor,0,0,1,T1,needs-bridge,,,,,
public,core,com.datastax.oss.driver.api.core.servererrors,SyntaxError,copy(),method,0,0,1,T1,needs-bridge,,,,,
public,core,com.datastax.oss.driver.api.core.servererrors,TruncateException,"TruncateException(Node, String)",constructor,0,0,1,T1,needs-bridge,,,,,
public,core,com.datastax.oss.driver.api.core.servererrors,TruncateException,copy(),method,0,0,1,T1,needs-bridge,,,,,
public,core,com.datastax.oss.driver.api.core.servererrors,UnauthorizedException,"UnauthorizedException(Node, String)",constructor,0,0,1,T1,needs-bridge,,,,,
public,core,com.datastax.oss.driver.api.core.servererrors,UnauthorizedException,copy(),method,0,0,1,T1,needs-bridge,,,,,
public,core,com.datastax.oss.driver.api.core.servererrors,UnavailableException,"UnavailableException(Node, ConsistencyLevel, int, int)",constructor,0,0,1,T1,needs-bridge,,,,,
public,core,com.datastax.oss.driver.api.core.servererrors,UnavailableException,getConsistencyLevel(),method,0,0,1,T1,needs-bridge,,,,,
public,core,com.datastax.oss.driver.api.core.servererrors,UnavailableException,getRequired(),method,0,0,1,T1,needs-bridge,,,,,
public,core,com.datastax.oss.driver.api.core.servererrors,UnavailableException,getAlive(),method,0,0,1,T1,needs-bridge,,,,,
public,core,com.datastax.oss.driver.api.core.servererrors,UnavailableException,copy(),method,0,0,1,T1,needs-bridge,,,,,
public,core,com.datastax.oss.driver.api.core.servererrors,WriteFailureException,"WriteFailureException(Node, ConsistencyLevel, int, int, WriteType, int, Map)",constructor,0,0,1,T1,needs-bridge,,,,,
public,core,com.datastax.oss.driver.api.core.servererrors,WriteFailureException,getWriteType(),method,0,0,1,T1,needs-bridge,,,,,
public,core,com.datastax.oss.driver.api.core.servererrors,WriteFailureException,getNumFailures(),method,0,0,1,T1,needs-bridge,,,,,
public,core,com.datastax.oss.driver.api.core.servererrors,WriteFailureException,getReasonMap(),method,0,0,1,T1,needs-bridge,,,,,
public,core,com.datastax.oss.driver.api.core.servererrors,WriteFailureException,copy(),method,0,0,1,T1,needs-bridge,,,,,
public,core,com.datastax.oss.driver.api.core.servererrors,WriteTimeoutException,"WriteTimeoutException(Node, ConsistencyLevel, int, int, WriteType)",constructor,0,0,1,T1,needs-bridge,,,,,
public,core,com.datastax.oss.driver.api.core.servererrors,WriteTimeoutException,getWriteType(),method,0,0,1,T1,needs-bridge,,,,,
public,core,com.datastax.oss.driver.api.core.servererrors,WriteTimeoutException,copy(),method,0,0,1,T1,needs-bridge,,,,,
public,core,com.datastax.oss.driver.api.core.servererrors,WriteType,SIMPLE,field,0,0,1,T1,needs-bridge,,,,,
public,core,com.datastax.oss.driver.api.core.servererrors,WriteType,BATCH,field,0,0,1,T1,needs-bridge,,,,,
public,core,com.datastax.oss.driver.api.core.servererrors,WriteType,UNLOGGED_BATCH,field,0,0,1,T1,needs-bridge,,,,,
public,core,com.datastax.oss.driver.api.core.servererrors,WriteType,COUNTER,field,0,0,1,T1,needs-bridge,,,,,
public,core,com.datastax.oss.driver.api.core.servererrors,WriteType,BATCH_LOG,field,0,0,1,T1,needs-bridge,,,,,
public,core,com.datastax.oss.driver.api.core.servererrors,WriteType,CAS,field,0,0,1,T1,needs-bridge,,,,,
public,core,com.datastax.oss.driver.api.core.servererrors,WriteType,VIEW,field,0,0,1,T1,needs-bridge,,,,,
public,core,com.datastax.oss.driver.api.core.servererrors,WriteType,CDC,field,0,0,1,T1,needs-bridge,,,,,
public,core,com.datastax.oss.driver.api.core.servererrors,WriteType,name(),method,0,0,1,T1,needs-bridge,,,,,
public,core,com.datastax.oss.driver.api.core.session,ProgrammaticArguments,builder(),method,0,0,1,T1,needs-bridge,,,,,
public,core,com.datastax.oss.driver.api.core.session,ProgrammaticArguments,getTypeCodecs(),method,0,0,1,T1,needs-bridge,,,,,
public,core,com.datastax.oss.driver.api.core.session,ProgrammaticArguments,getNodeStateListener(),method,0,0,1,T1,needs-bridge,,,,,
public,core,com.datastax.oss.driver.api.core.session,ProgrammaticArguments,getSchemaChangeListener(),method,0,0,1,T1,needs-bridge,,,,,
public,core,com.datastax.oss.driver.api.core.session,ProgrammaticArguments,getRequestTracker(),method,0,0,1,T1,needs-bridge,,,,,
public,core,com.datastax.oss.driver.api.core.session,ProgrammaticArguments,getRequestIdGenerator(),method,0,0,1,T1,needs-bridge,,,,,
public,core,com.datastax.oss.driver.api.core.session,ProgrammaticArguments,getLocalDatacenters(),method,0,0,1,T1,needs-bridge,,,,,
public,core,com.datastax.oss.driver.api.core.session,ProgrammaticArguments,getNodeFilters(),method,1,0,1,T1,needs-bridge,,,,,
public,core,com.datastax.oss.driver.api.core.session,ProgrammaticArguments,getNodeDistanceEvaluators(),method,0,0,1,T1,needs-bridge,,,,,
public,core,com.datastax.oss.driver.api.core.session,ProgrammaticArguments,getClassLoader(),method,0,0,1,T1,needs-bridge,,,,,
public,core,com.datastax.oss.driver.api.core.session,ProgrammaticArguments,getAuthProvider(),method,0,0,1,T1,needs-bridge,,,,,
public,core,com.datastax.oss.driver.api.core.session,ProgrammaticArguments,getSslEngineFactory(),method,0,0,1,T1,needs-bridge,,,,,
public,core,com.datastax.oss.driver.api.core.session,ProgrammaticArguments,getCloudProxyAddress(),method,0,0,1,T1,needs-bridge,,,,,
public,core,com.datastax.oss.driver.api.core.session,ProgrammaticArguments,getStartupClientId(),method,0,0,1,T1,needs-bridge,,,,,
public,core,com.datastax.oss.driver.api.core.session,ProgrammaticArguments,getStartupApplicationName(),method,0,0,1,T1,needs-bridge,,,,,
public,core,com.datastax.oss.driver.api.core.session,ProgrammaticArguments,getStartupApplicationVersion(),method,0,0,1,T1,needs-bridge,,,,,
public,core,com.datastax.oss.driver.api.core.session,ProgrammaticArguments,getCodecRegistry(),method,0,0,1,T1,needs-bridge,,,,,
public,core,com.datastax.oss.driver.api.core.session,ProgrammaticArguments,getMetricRegistry(),method,0,0,1,T1,needs-bridge,,,,,
public,core,com.datastax.oss.driver.api.core.session,ProgrammaticArguments,getClientRoutesConfig(),method,0,0,1,T1,needs-bridge,,,,,
public,core,com.datastax.oss.driver.api.core.session,ProgrammaticArguments.Builder,Builder(),constructor,0,0,1,T1,needs-bridge,,,,,
public,core,com.datastax.oss.driver.api.core.session,ProgrammaticArguments.Builder,addTypeCodecs(TypeCodec...),method,0,0,1,T1,needs-bridge,,,,,
public,core,com.datastax.oss.driver.api.core.session,ProgrammaticArguments.Builder,withNodeStateListener(NodeStateListener),method,0,0,1,T1,needs-bridge,,,,,
public,core,com.datastax.oss.driver.api.core.session,ProgrammaticArguments.Builder,addNodeStateListener(NodeStateListener),method,0,0,1,T1,needs-bridge,,,,,
public,core,com.datastax.oss.driver.api.core.session,ProgrammaticArguments.Builder,withSchemaChangeListener(SchemaChangeListener),method,0,0,1,T1,needs-bridge,,,,,
public,core,com.datastax.oss.driver.api.core.session,ProgrammaticArguments.Builder,addSchemaChangeListener(SchemaChangeListener),method,0,0,1,T1,needs-bridge,,,,,
public,core,com.datastax.oss.driver.api.core.session,ProgrammaticArguments.Builder,withRequestTracker(RequestTracker),method,0,0,1,T1,needs-bridge,,,,,
public,core,com.datastax.oss.driver.api.core.session,ProgrammaticArguments.Builder,addRequestTracker(RequestTracker),method,0,0,1,T1,needs-bridge,,,,,
public,core,com.datastax.oss.driver.api.core.session,ProgrammaticArguments.Builder,withRequestIdGenerator(RequestIdGenerator),method,0,0,1,T1,needs-bridge,,,,,
public,core,com.datastax.oss.driver.api.core.session,ProgrammaticArguments.Builder,"withLocalDatacenter(String, String)",method,0,0,1,T1,needs-bridge,,,,,
public,core,com.datastax.oss.driver.api.core.session,ProgrammaticArguments.Builder,clearDatacenters(),method,0,0,1,T1,needs-bridge,,,,,
public,core,com.datastax.oss.driver.api.core.session,ProgrammaticArguments.Builder,withLocalDatacenters(Map),method,0,0,1,T1,needs-bridge,,,,,
public,core,com.datastax.oss.driver.api.core.session,ProgrammaticArguments.Builder,"withNodeDistanceEvaluator(String, NodeDistanceEvaluator)",method,0,0,1,T1,needs-bridge,,,,,
public,core,com.datastax.oss.driver.api.core.session,ProgrammaticArguments.Builder,withNodeDistanceEvaluators(Map),method,0,0,1,T1,needs-bridge,,,,,
public,core,com.datastax.oss.driver.api.core.session,ProgrammaticArguments.Builder,"withNodeFilter(String, Predicate)",method,1,0,1,T1,needs-bridge,,,,,
public,core,com.datastax.oss.driver.api.core.session,ProgrammaticArguments.Builder,withNodeFilters(Map),method,1,0,1,T1,needs-bridge,,,,,
public,core,com.datastax.oss.driver.api.core.session,ProgrammaticArguments.Builder,withClassLoader(ClassLoader),method,0,0,1,T1,needs-bridge,,,,,
public,core,com.datastax.oss.driver.api.core.session,ProgrammaticArguments.Builder,withCloudProxyAddress(InetSocketAddress),method,0,0,1,T1,needs-bridge,,,,,
public,core,com.datastax.oss.driver.api.core.session,ProgrammaticArguments.Builder,withAuthProvider(AuthProvider),method,0,0,1,T1,needs-bridge,,,,,
public,core,com.datastax.oss.driver.api.core.session,ProgrammaticArguments.Builder,withSslEngineFactory(SslEngineFactory),method,0,0,1,T1,needs-bridge,,,,,
public,core,com.datastax.oss.driver.api.core.session,ProgrammaticArguments.Builder,withStartupClientId(UUID),method,0,0,1,T1,needs-bridge,,,,,
public,core,com.datastax.oss.driver.api.core.session,ProgrammaticArguments.Builder,withStartupApplicationName(String),method,0,0,1,T1,needs-bridge,,,,,
public,core,com.datastax.oss.driver.api.core.session,ProgrammaticArguments.Builder,withStartupApplicationVersion(String),method,0,0,1,T1,needs-bridge,,,,,
public,core,com.datastax.oss.driver.api.core.session,ProgrammaticArguments.Builder,withCodecRegistry(MutableCodecRegistry),method,0,0,1,T1,needs-bridge,,,,,
public,core,com.datastax.oss.driver.api.core.session,ProgrammaticArguments.Builder,withMetricRegistry(Object),method,0,0,1,T1,needs-bridge,,,,,
public,core,com.datastax.oss.driver.api.core.session,ProgrammaticArguments.Builder,withClientRoutesConfig(ClientRoutesConfig),method,0,0,1,T1,needs-bridge,,,,,
public,core,com.datastax.oss.driver.api.core.session,ProgrammaticArguments.Builder,build(),method,0,0,1,T1,needs-bridge,,,,,
public,core,com.datastax.oss.driver.api.core.session,Request,getExecutionProfileName(),method,0,0,1,T1,needs-bridge,,,,,
public,core,com.datastax.oss.driver.api.core.session,Request,getExecutionProfile(),method,0,0,1,T1,needs-bridge,,,,,
public,core,com.datastax.oss.driver.api.core.session,Request,getKeyspace(),method,0,0,1,T1,needs-bridge,,,,,
public,core,com.datastax.oss.driver.api.core.session,Request,getRoutingKeyspace(),method,0,0,1,T1,needs-bridge,,,,,
public,core,com.datastax.oss.driver.api.core.session,Request,getRoutingTable(),method,0,0,1,T1,needs-bridge,,,,,
public,core,com.datastax.oss.driver.api.core.session,Request,getRoutingKey(),method,0,0,1,T1,needs-bridge,,,,,
public,core,com.datastax.oss.driver.api.core.session,Request,getRoutingToken(),method,0,0,1,T1,needs-bridge,,,,,
public,core,com.datastax.oss.driver.api.core.session,Request,getPartitioner(),method,0,0,1,T1,needs-bridge,,,,,
public,core,com.datastax.oss.driver.api.core.session,Request,getCustomPayload(),method,0,0,1,T1,needs-bridge,,,,,
public,core,com.datastax.oss.driver.api.core.session,Request,isIdempotent(),method,0,0,1,T1,needs-bridge,,,,,
public,core,com.datastax.oss.driver.api.core.session,Request,getTimeout(),method,0,0,1,T1,needs-bridge,,,,,
public,core,com.datastax.oss.driver.api.core.session,Request,getNode(),method,0,0,1,T1,needs-bridge,,,,,
public,core,com.datastax.oss.driver.api.core.session,Request,getRequestRoutingType(),method,0,0,1,T1,needs-bridge,,,,,
public,core,com.datastax.oss.driver.api.core.session,Session,OSS_DRIVER_COORDINATES,field,0,0,1,T1,needs-bridge,DefaultSession,,,,
public,core,com.datastax.oss.driver.api.core.session,Session,getName(),method,0,0,1,T1,needs-bridge,DefaultSession,,,,
public,core,com.datastax.oss.driver.api.core.session,Session,getMetadata(),method,0,0,1,T1,needs-bridge,DefaultSession,,,,
public,core,com.datastax.oss.driver.api.core.session,Session,isSchemaMetadataEnabled(),method,0,0,1,T1,needs-bridge,DefaultSession,,,,
public,core,com.datastax.oss.driver.api.core.session,Session,setSchemaMetadataEnabled(Boolean),method,0,0,1,T1,needs-bridge,DefaultSession,,,,
public,core,com.datastax.oss.driver.api.core.session,Session,refreshSchemaAsync(),method,0,0,1,T1,needs-bridge,DefaultSession,,,,
public,core,com.datastax.oss.driver.api.core.session,Session,refreshSchema(),method,0,0,1,T1,needs-bridge,DefaultSession,,,,
public,core,com.datastax.oss.driver.api.core.session,Session,checkSchemaAgreementAsync(),method,0,0,1,T1,needs-bridge,DefaultSession,,,,
public,core,com.datastax.oss.driver.api.core.session,Session,checkSchemaAgreement(),method,0,0,1,T1,needs-bridge,DefaultSession,,,,
public,core,com.datastax.oss.driver.api.core.session,Session,getContext(),method,0,0,1,T1,needs-bridge,DefaultSession,,,,
public,core,com.datastax.oss.driver.api.core.session,Session,getKeyspace(),method,0,0,1,T1,needs-bridge,DefaultSession,,,,
public,core,com.datastax.oss.driver.api.core.session,Session,getMetrics(),method,0,0,1,T1,needs-bridge,DefaultSession,,,,
public,core,com.datastax.oss.driver.api.core.session,Session,"execute(RequestT, GenericType)",method,0,0,1,T1,needs-bridge,DefaultSession,,,,
public,core,com.datastax.oss.driver.api.core.session,SessionBuilder,ASTRA_PAYLOAD_KEY,field,0,0,1,T1,needs-bridge,DefaultSession,,,,
protected,core,com.datastax.oss.driver.api.core.session,SessionBuilder,self,field,0,0,1,T1,needs-bridge,DefaultSession,,,,
protected,core,com.datastax.oss.driver.api.core.session,SessionBuilder,configLoader,field,0,0,1,T1,needs-bridge,DefaultSession,,,,
protected,core,com.datastax.oss.driver.api.core.session,SessionBuilder,programmaticContactPoints,field,0,0,1,T1,needs-bridge,DefaultSession,,,,
protected,core,com.datastax.oss.driver.api.core.session,SessionBuilder,keyspace,field,0,0,1,T1,needs-bridge,DefaultSession,,,,
protected,core,com.datastax.oss.driver.api.core.session,SessionBuilder,cloudConfigInputStream,field,0,0,1,T1,needs-bridge,DefaultSession,,,,
protected,core,com.datastax.oss.driver.api.core.session,SessionBuilder,programmaticArgumentsBuilder,field,0,0,1,T1,needs-bridge,DefaultSession,,,,
public,core,com.datastax.oss.driver.api.core.session,SessionBuilder,SessionBuilder(),constructor,0,0,1,T1,needs-bridge,DefaultSession,,,,
public,core,com.datastax.oss.driver.api.core.session,SessionBuilder,withConfigLoader(DriverConfigLoader),method,0,0,1,T1,needs-bridge,DefaultSession,,,,
protected,core,com.datastax.oss.driver.api.core.session,SessionBuilder,defaultConfigLoader(),method,1,0,1,T1,needs-bridge,DefaultSession,,,,
protected,core,com.datastax.oss.driver.api.core.session,SessionBuilder,defaultConfigLoader(ClassLoader),method,0,0,1,T1,needs-bridge,DefaultSession,,,,
public,core,com.datastax.oss.driver.api.core.session,SessionBuilder,addContactPoints(Collection),method,0,0,1,T1,needs-bridge,DefaultSession,,,,
public,core,com.datastax.oss.driver.api.core.session,SessionBuilder,addContactPoint(InetSocketAddress),method,0,0,1,T1,needs-bridge,DefaultSession,,,,
public,core,com.datastax.oss.driver.api.core.session,SessionBuilder,addContactEndPoints(Collection),method,0,0,1,T1,needs-bridge,DefaultSession,,,,
public,core,com.datastax.oss.driver.api.core.session,SessionBuilder,addContactEndPoint(EndPoint),method,0,0,1,T1,needs-bridge,DefaultSession,,,,
public,core,com.datastax.oss.driver.api.core.session,SessionBuilder,addTypeCodecs(TypeCodec...),method,0,0,1,T1,needs-bridge,DefaultSession,,,,
public,core,com.datastax.oss.driver.api.core.session,SessionBuilder,withNodeStateListener(NodeStateListener),method,0,0,1,T1,needs-bridge,DefaultSession,,,,
public,core,com.datastax.oss.driver.api.core.session,SessionBuilder,addNodeStateListener(NodeStateListener),method,0,0,1,T1,needs-bridge,DefaultSession,,,,
public,core,com.datastax.oss.driver.api.core.session,SessionBuilder,withSchemaChangeListener(SchemaChangeListener),method,0,0,1,T1,needs-bridge,DefaultSession,,,,
public,core,com.datastax.oss.driver.api.core.session,SessionBuilder,addSchemaChangeListener(SchemaChangeListener),method,0,0,1,T1,needs-bridge,DefaultSession,,,,
public,core,com.datastax.oss.driver.api.core.session,SessionBuilder,withRequestTracker(RequestTracker),method,0,0,1,T1,needs-bridge,DefaultSession,,,,
public,core,com.datastax.oss.driver.api.core.session,SessionBuilder,addRequestTracker(RequestTracker),method,0,0,1,T1,needs-bridge,DefaultSession,,,,
public,core,com.datastax.oss.driver.api.core.session,SessionBuilder,withRequestIdGenerator(RequestIdGenerator),method,0,0,1,T1,needs-bridge,DefaultSession,,,,
public,core,com.datastax.oss.driver.api.core.session,SessionBuilder,withAuthProvider(AuthProvider),method,0,0,1,T1,needs-bridge,DefaultSession,,,,
public,core,com.datastax.oss.driver.api.core.session,SessionBuilder,"withAuthCredentials(String, String)",method,0,0,1,T1,needs-bridge,DefaultSession,,,,
public,core,com.datastax.oss.driver.api.core.session,SessionBuilder,"withAuthCredentials(String, String, String)",method,0,0,1,T1,needs-bridge,DefaultSession,,,,
public,core,com.datastax.oss.driver.api.core.session,SessionBuilder,"withCredentials(String, String)",method,1,0,1,T1,needs-bridge,DefaultSession,,,,
public,core,com.datastax.oss.driver.api.core.session,SessionBuilder,"withCredentials(String, String, String)",method,1,0,1,T1,needs-bridge,DefaultSession,,,,
public,core,com.datastax.oss.driver.api.core.session,SessionBuilder,withSslEngineFactory(SslEngineFactory),method,0,0,1,T1,needs-bridge,DefaultSession,,,,
public,core,com.datastax.oss.driver.api.core.session,SessionBuilder,withSslContext(SSLContext),method,0,0,1,T1,needs-bridge,DefaultSession,,,,
public,core,com.datastax.oss.driver.api.core.session,SessionBuilder,"withLocalDatacenter(String, String)",method,0,0,1,T1,needs-bridge,DefaultSession,,,,
public,core,com.datastax.oss.driver.api.core.session,SessionBuilder,withLocalDatacenter(String),method,0,0,1,T1,needs-bridge,DefaultSession,,,,
public,core,com.datastax.oss.driver.api.core.session,SessionBuilder,"withNodeDistanceEvaluator(String, NodeDistanceEvaluator)",method,0,0,1,T1,needs-bridge,DefaultSession,,,,
public,core,com.datastax.oss.driver.api.core.session,SessionBuilder,withNodeDistanceEvaluator(NodeDistanceEvaluator),method,0,0,1,T1,needs-bridge,DefaultSession,,,,
public,core,com.datastax.oss.driver.api.core.session,SessionBuilder,"withNodeFilter(String, Predicate)",method,1,0,1,T1,needs-bridge,DefaultSession,,,,
public,core,com.datastax.oss.driver.api.core.session,SessionBuilder,withNodeFilter(Predicate),method,1,0,1,T1,needs-bridge,DefaultSession,,,,
public,core,com.datastax.oss.driver.api.core.session,SessionBuilder,withKeyspace(CqlIdentifier),method,0,0,1,T1,needs-bridge,DefaultSession,,,,
public,core,com.datastax.oss.driver.api.core.session,SessionBuilder,withKeyspace(String),method,0,0,1,T1,needs-bridge,DefaultSession,,,,
public,core,com.datastax.oss.driver.api.core.session,SessionBuilder,withClassLoader(ClassLoader),method,0,0,1,T1,needs-bridge,DefaultSession,,,,
public,core,com.datastax.oss.driver.api.core.session,SessionBuilder,withCloudSecureConnectBundle(Path),method,0,0,1,T1,needs-bridge,DefaultSession,,,,
public,core,com.datastax.oss.driver.api.core.session,SessionBuilder,withCodecRegistry(MutableCodecRegistry),method,0,0,1,T1,needs-bridge,DefaultSession,,,,
public,core,com.datastax.oss.driver.api.core.session,SessionBuilder,withCloudSecureConnectBundle(URL),method,0,0,1,T1,needs-bridge,DefaultSession,,,,
public,core,com.datastax.oss.driver.api.core.session,SessionBuilder,withCloudSecureConnectBundle(InputStream),method,0,0,1,T1,needs-bridge,DefaultSession,,,,
public,core,com.datastax.oss.driver.api.core.session,SessionBuilder,withCloudProxyAddress(InetSocketAddress),method,0,0,1,T1,needs-bridge,DefaultSession,,,,
public,core,com.datastax.oss.driver.api.core.session,SessionBuilder,withClientRoutesConfig(ClientRoutesConfig),method,0,0,1,T1,needs-bridge,DefaultSession,,,,
public,core,com.datastax.oss.driver.api.core.session,SessionBuilder,withClientId(UUID),method,0,0,1,T1,needs-bridge,DefaultSession,,,,
public,core,com.datastax.oss.driver.api.core.session,SessionBuilder,withApplicationName(String),method,0,0,1,T1,needs-bridge,DefaultSession,,,,
public,core,com.datastax.oss.driver.api.core.session,SessionBuilder,withApplicationVersion(String),method,0,0,1,T1,needs-bridge,DefaultSession,,,,
public,core,com.datastax.oss.driver.api.core.session,SessionBuilder,withMetricRegistry(Object),method,0,0,1,T1,needs-bridge,DefaultSession,,,,
public,core,com.datastax.oss.driver.api.core.session,SessionBuilder,buildAsync(),method,0,0,1,T1,needs-bridge,DefaultSession,,,,
public,core,com.datastax.oss.driver.api.core.session,SessionBuilder,build(),method,0,0,1,T1,needs-bridge,DefaultSession,,,,
protected,core,com.datastax.oss.driver.api.core.session,SessionBuilder,wrap(CqlSession),method,0,0,1,T1,needs-bridge,DefaultSession,,,,
protected,core,com.datastax.oss.driver.api.core.session,SessionBuilder,buildDefaultSessionAsync(),method,0,0,1,T1,needs-bridge,DefaultSession,,,,
protected,core,com.datastax.oss.driver.api.core.session,SessionBuilder,"buildContext(DriverConfigLoader, ProgrammaticArguments)",method,0,0,1,T1,needs-bridge,DefaultSession,,,,
protected,core,com.datastax.oss.driver.api.core.session,SessionBuilder,"buildContext(DriverConfigLoader, List, NodeStateListener, SchemaChangeListener, RequestTracker, Map, Map, ClassLoader)",method,1,0,1,T1,needs-bridge,DefaultSession,,,,
public,core,com.datastax.oss.driver.api.core.session.throttling,RequestThrottler,register(Throttled),method,0,0,1,T1,needs-bridge,,,,,
public,core,com.datastax.oss.driver.api.core.session.throttling,RequestThrottler,signalSuccess(Throttled),method,0,0,1,T1,needs-bridge,,,,,
public,core,com.datastax.oss.driver.api.core.session.throttling,RequestThrottler,"signalError(Throttled, Throwable)",method,0,0,1,T1,needs-bridge,,,,,
public,core,com.datastax.oss.driver.api.core.session.throttling,RequestThrottler,signalTimeout(Throttled),method,0,0,1,T1,needs-bridge,,,,,
public,core,com.datastax.oss.driver.api.core.session.throttling,RequestThrottler,signalCancel(Throttled),method,0,0,1,T1,needs-bridge,,,,,
public,core,com.datastax.oss.driver.api.core.session.throttling,Throttled,onThrottleReady(boolean),method,0,0,1,T1,needs-bridge,,,,,
public,core,com.datastax.oss.driver.api.core.session.throttling,Throttled,onThrottleFailure(RequestThrottlingException),method,0,0,1,T1,needs-bridge,,,,,
public,core,com.datastax.oss.driver.api.core.specex,SpeculativeExecutionPolicy,"nextExecution(Node, CqlIdentifier, Request, int)",method,0,0,1,T2,needs-bridge,,,,,
public,core,com.datastax.oss.driver.api.core.specex,SpeculativeExecutionPolicy,close(),method,0,0,1,T2,needs-bridge,,,,,
protected,core,com.datastax.oss.driver.api.core.ssl,ProgrammaticSslEngineFactory,sslContext,field,0,0,1,T1,needs-bridge,,,,,
protected,core,com.datastax.oss.driver.api.core.ssl,ProgrammaticSslEngineFactory,cipherSuites,field,0,0,1,T1,needs-bridge,,,,,
protected,core,com.datastax.oss.driver.api.core.ssl,ProgrammaticSslEngineFactory,requireHostnameValidation,field,0,0,1,T1,needs-bridge,,,,,
protected,core,com.datastax.oss.driver.api.core.ssl,ProgrammaticSslEngineFactory,allowDnsReverseLookupSan,field,0,0,1,T1,needs-bridge,,,,,
public,core,com.datastax.oss.driver.api.core.ssl,ProgrammaticSslEngineFactory,ProgrammaticSslEngineFactory(SSLContext),constructor,0,0,1,T1,needs-bridge,,,,,
public,core,com.datastax.oss.driver.api.core.ssl,ProgrammaticSslEngineFactory,"ProgrammaticSslEngineFactory(SSLContext, String[])",constructor,0,0,1,T1,needs-bridge,,,,,
public,core,com.datastax.oss.driver.api.core.ssl,ProgrammaticSslEngineFactory,"ProgrammaticSslEngineFactory(SSLContext, String[], boolean)",constructor,0,0,1,T1,needs-bridge,,,,,
public,core,com.datastax.oss.driver.api.core.ssl,ProgrammaticSslEngineFactory,"ProgrammaticSslEngineFactory(SSLContext, String[], boolean, boolean)",constructor,0,0,1,T1,needs-bridge,,,,,
public,core,com.datastax.oss.driver.api.core.ssl,ProgrammaticSslEngineFactory,newSslEngine(EndPoint),method,0,0,1,T1,needs-bridge,,,,,
public,core,com.datastax.oss.driver.api.core.ssl,ProgrammaticSslEngineFactory,isHostnameValidationRequired(),method,0,0,1,T1,needs-bridge,,,,,
public,core,com.datastax.oss.driver.api.core.ssl,ProgrammaticSslEngineFactory,close(),method,0,0,1,T1,needs-bridge,,,,,
public,core,com.datastax.oss.driver.api.core.ssl,SslEngineFactory,newSslEngine(EndPoint),method,0,0,1,T1,needs-bridge,,,,,
public,core,com.datastax.oss.driver.api.core.time,TimestampGenerator,next(),method,0,0,1,T1,host-side,,,,,
public,core,com.datastax.oss.driver.api.core.tracker,RequestIdGenerator,DEFAULT_PAYLOAD_KEY,field,0,0,1,T1,needs-bridge,,,,,
public,core,com.datastax.oss.driver.api.core.tracker,RequestIdGenerator,getSessionRequestId(),method,0,0,1,T1,needs-bridge,,,,,
public,core,com.datastax.oss.driver.api.core.tracker,RequestIdGenerator,"getNodeRequestId(Request, String)",method,0,0,1,T1,needs-bridge,,,,,
public,core,com.datastax.oss.driver.api.core.tracker,RequestIdGenerator,getCustomPayloadKey(),method,0,0,1,T1,needs-bridge,,,,,
public,core,com.datastax.oss.driver.api.core.tracker,RequestIdGenerator,"getDecoratedStatement(Statement, String)",method,0,0,1,T1,needs-bridge,,,,,
public,core,com.datastax.oss.driver.api.core.tracker,RequestTracker,"onSuccess(Request, long, DriverExecutionProfile, Node)",method,1,0,1,T1,needs-bridge,,,,,
public,core,com.datastax.oss.driver.api.core.tracker,RequestTracker,"onSuccess(Request, long, DriverExecutionProfile, Node, String)",method,0,0,1,T1,needs-bridge,,,,,
public,core,com.datastax.oss.driver.api.core.tracker,RequestTracker,"onError(Request, Throwable, long, DriverExecutionProfile, Node)",method,1,0,1,T1,needs-bridge,,,,,
public,core,com.datastax.oss.driver.api.core.tracker,RequestTracker,"onError(Request, Throwable, long, DriverExecutionProfile, Node, String)",method,0,0,1,T1,needs-bridge,,,,,
public,core,com.datastax.oss.driver.api.core.tracker,RequestTracker,"onNodeError(Request, Throwable, long, DriverExecutionProfile, Node)",method,1,0,1,T1,needs-bridge,,,,,
public,core,com.datastax.oss.driver.api.core.tracker,RequestTracker,"onNodeError(Request, Throwable, long, DriverExecutionProfile, Node, String)",method,0,0,1,T1,needs-bridge,,,,,
public,core,com.datastax.oss.driver.api.core.tracker,RequestTracker,"onNodeSuccess(Request, long, DriverExecutionProfile, Node)",method,1,0,1,T1,needs-bridge,,,,,
public,core,com.datastax.oss.driver.api.core.tracker,RequestTracker,"onNodeSuccess(Request, long, DriverExecutionProfile, Node, String)",method,0,0,1,T1,needs-bridge,,,,,
public,core,com.datastax.oss.driver.api.core.tracker,RequestTracker,onSessionReady(Session),method,0,0,1,T1,needs-bridge,,,,,
public,core,com.datastax.oss.driver.api.core.type,ContainerType,getElementType(),method,0,0,1,T1,host-side,,,,,
public,core,com.datastax.oss.driver.api.core.type,CustomType,getClassName(),method,0,0,1,T1,host-side,,,,,
public,core,com.datastax.oss.driver.api.core.type,CustomType,"asCql(boolean, boolean)",method,0,0,1,T1,host-side,,,,,
public,core,com.datastax.oss.driver.api.core.type,CustomType,getProtocolCode(),method,0,0,1,T1,host-side,,,,,
public,core,com.datastax.oss.driver.api.core.type,DataType,getProtocolCode(),method,0,0,1,T1,host-side,,,,,
public,core,com.datastax.oss.driver.api.core.type,DataType,"asCql(boolean, boolean)",method,0,0,1,T1,host-side,,,,,
public,core,com.datastax.oss.driver.api.core.type,DataTypes,ASCII,field,0,0,1,T1,host-side,,,,,
public,core,com.datastax.oss.driver.api.core.type,DataTypes,BIGINT,field,0,0,1,T1,host-side,,,,,
public,core,com.datastax.oss.driver.api.core.type,DataTypes,BLOB,field,0,0,1,T1,host-side,,,,,
public,core,com.datastax.oss.driver.api.core.type,DataTypes,BOOLEAN,field,0,0,1,T1,host-side,,,,,
public,core,com.datastax.oss.driver.api.core.type,DataTypes,COUNTER,field,0,0,1,T1,host-side,,,,,
public,core,com.datastax.oss.driver.api.core.type,DataTypes,DECIMAL,field,0,0,1,T1,host-side,,,,,
public,core,com.datastax.oss.driver.api.core.type,DataTypes,DOUBLE,field,0,0,1,T1,host-side,,,,,
public,core,com.datastax.oss.driver.api.core.type,DataTypes,FLOAT,field,0,0,1,T1,host-side,,,,,
public,core,com.datastax.oss.driver.api.core.type,DataTypes,INT,field,0,0,1,T1,host-side,,,,,
public,core,com.datastax.oss.driver.api.core.type,DataTypes,TIMESTAMP,field,0,0,1,T1,host-side,,,,,
public,core,com.datastax.oss.driver.api.core.type,DataTypes,UUID,field,0,0,1,T1,host-side,,,,,
public,core,com.datastax.oss.driver.api.core.type,DataTypes,VARINT,field,0,0,1,T1,host-side,,,,,
public,core,com.datastax.oss.driver.api.core.type,DataTypes,TIMEUUID,field,0,0,1,T1,host-side,,,,,
public,core,com.datastax.oss.driver.api.core.type,DataTypes,INET,field,0,0,1,T1,host-side,,,,,
public,core,com.datastax.oss.driver.api.core.type,DataTypes,DATE,field,0,0,1,T1,host-side,,,,,
public,core,com.datastax.oss.driver.api.core.type,DataTypes,TEXT,field,0,0,1,T1,host-side,,,,,
public,core,com.datastax.oss.driver.api.core.type,DataTypes,TIME,field,0,0,1,T1,host-side,,,,,
public,core,com.datastax.oss.driver.api.core.type,DataTypes,SMALLINT,field,0,0,1,T1,host-side,,,,,
public,core,com.datastax.oss.driver.api.core.type,DataTypes,TINYINT,field,0,0,1,T1,host-side,,,,,
public,core,com.datastax.oss.driver.api.core.type,DataTypes,DURATION,field,0,0,1,T1,host-side,,,,,
public,core,com.datastax.oss.driver.api.core.type,DataTypes,DataTypes(),constructor,0,0,1,T1,host-side,,,,,
public,core,com.datastax.oss.driver.api.core.type,DataTypes,custom(String),method,0,0,1,T1,host-side,,,,,
public,core,com.datastax.oss.driver.api.core.type,DataTypes,listOf(DataType),method,0,0,1,T1,host-side,,,,,
public,core,com.datastax.oss.driver.api.core.type,DataTypes,"listOf(DataType, boolean)",method,0,0,1,T1,host-side,,,,,
public,core,com.datastax.oss.driver.api.core.type,DataTypes,frozenListOf(DataType),method,0,0,1,T1,host-side,,,,,
public,core,com.datastax.oss.driver.api.core.type,DataTypes,setOf(DataType),method,0,0,1,T1,host-side,,,,,
public,core,com.datastax.oss.driver.api.core.type,DataTypes,"setOf(DataType, boolean)",method,0,0,1,T1,host-side,,,,,
public,core,com.datastax.oss.driver.api.core.type,DataTypes,frozenSetOf(DataType),method,0,0,1,T1,host-side,,,,,
public,core,com.datastax.oss.driver.api.core.type,DataTypes,"mapOf(DataType, DataType)",method,0,0,1,T1,host-side,,,,,
public,core,com.datastax.oss.driver.api.core.type,DataTypes,"mapOf(DataType, DataType, boolean)",method,0,0,1,T1,host-side,,,,,
public,core,com.datastax.oss.driver.api.core.type,DataTypes,"frozenMapOf(DataType, DataType)",method,0,0,1,T1,host-side,,,,,
public,core,com.datastax.oss.driver.api.core.type,DataTypes,tupleOf(DataType...),method,0,0,1,T1,host-side,,,,,
public,core,com.datastax.oss.driver.api.core.type,DataTypes,"vectorOf(DataType, int)",method,0,0,1,T1,host-side,,,,,
public,core,com.datastax.oss.driver.api.core.type,ListType,isFrozen(),method,0,0,1,T1,host-side,,,,,
public,core,com.datastax.oss.driver.api.core.type,ListType,"asCql(boolean, boolean)",method,0,0,1,T1,host-side,,,,,
public,core,com.datastax.oss.driver.api.core.type,ListType,getProtocolCode(),method,0,0,1,T1,host-side,,,,,
public,core,com.datastax.oss.driver.api.core.type,MapType,getKeyType(),method,0,0,1,T1,host-side,,,,,
public,core,com.datastax.oss.driver.api.core.type,MapType,getValueType(),method,0,0,1,T1,host-side,,,,,
public,core,com.datastax.oss.driver.api.core.type,MapType,isFrozen(),method,0,0,1,T1,host-side,,,,,
public,core,com.datastax.oss.driver.api.core.type,MapType,"asCql(boolean, boolean)",method,0,0,1,T1,host-side,,,,,
public,core,com.datastax.oss.driver.api.core.type,MapType,getProtocolCode(),method,0,0,1,T1,host-side,,,,,
public,core,com.datastax.oss.driver.api.core.type,SetType,isFrozen(),method,0,0,1,T1,host-side,,,,,
public,core,com.datastax.oss.driver.api.core.type,SetType,"asCql(boolean, boolean)",method,0,0,1,T1,host-side,,,,,
public,core,com.datastax.oss.driver.api.core.type,SetType,getProtocolCode(),method,0,0,1,T1,host-side,,,,,
public,core,com.datastax.oss.driver.api.core.type,TupleType,getComponentTypes(),method,0,0,1,T1,host-side,,,,,
public,core,com.datastax.oss.driver.api.core.type,TupleType,newValue(),method,0,0,1,T1,host-side,,,,,
public,core,com.datastax.oss.driver.api.core.type,TupleType,newValue(Object...),method,0,0,1,T1,host-side,,,,,
public,core,com.datastax.oss.driver.api.core.type,TupleType,getAttachmentPoint(),method,0,0,1,T1,host-side,,,,,
public,core,com.datastax.oss.driver.api.core.type,TupleType,"asCql(boolean, boolean)",method,0,0,1,T1,host-side,,,,,
public,core,com.datastax.oss.driver.api.core.type,TupleType,getProtocolCode(),method,0,0,1,T1,host-side,,,,,
public,core,com.datastax.oss.driver.api.core.type,UserDefinedType,getKeyspace(),method,0,0,1,T1,host-side,,,,,
public,core,com.datastax.oss.driver.api.core.type,UserDefinedType,getName(),method,0,0,1,T1,host-side,,,,,
public,core,com.datastax.oss.driver.api.core.type,UserDefinedType,isFrozen(),method,0,0,1,T1,host-side,,,,,
public,core,com.datastax.oss.driver.api.core.type,UserDefinedType,getFieldNames(),method,0,0,1,T1,host-side,,,,,
public,core,com.datastax.oss.driver.api.core.type,UserDefinedType,allIndicesOf(CqlIdentifier),method,0,0,1,T1,host-side,,,,,
public,core,com.datastax.oss.driver.api.core.type,UserDefinedType,firstIndexOf(CqlIdentifier),method,0,0,1,T1,host-side,,,,,
public,core,com.datastax.oss.driver.api.core.type,UserDefinedType,allIndicesOf(String),method,0,0,1,T1,host-side,,,,,
public,core,com.datastax.oss.driver.api.core.type,UserDefinedType,firstIndexOf(String),method,0,0,1,T1,host-side,,,,,
public,core,com.datastax.oss.driver.api.core.type,UserDefinedType,contains(CqlIdentifier),method,0,0,1,T1,host-side,,,,,
public,core,com.datastax.oss.driver.api.core.type,UserDefinedType,contains(String),method,0,0,1,T1,host-side,,,,,
public,core,com.datastax.oss.driver.api.core.type,UserDefinedType,getFieldTypes(),method,0,0,1,T1,host-side,,,,,
public,core,com.datastax.oss.driver.api.core.type,UserDefinedType,copy(boolean),method,0,0,1,T1,host-side,,,,,
public,core,com.datastax.oss.driver.api.core.type,UserDefinedType,newValue(),method,0,0,1,T1,host-side,,,,,
public,core,com.datastax.oss.driver.api.core.type,UserDefinedType,newValue(Object...),method,0,0,1,T1,host-side,,,,,
public,core,com.datastax.oss.driver.api.core.type,UserDefinedType,getAttachmentPoint(),method,0,0,1,T1,host-side,,,,,
public,core,com.datastax.oss.driver.api.core.type,UserDefinedType,"asCql(boolean, boolean)",method,0,0,1,T1,host-side,,,,,
public,core,com.datastax.oss.driver.api.core.type,UserDefinedType,describe(boolean),method,0,0,1,T1,host-side,,,,,
public,core,com.datastax.oss.driver.api.core.type,UserDefinedType,describeWithChildren(boolean),method,0,0,1,T1,host-side,,,,,
public,core,com.datastax.oss.driver.api.core.type,UserDefinedType,getProtocolCode(),method,0,0,1,T1,host-side,,,,,
public,core,com.datastax.oss.driver.api.core.type,VectorType,getDimensions(),method,0,0,1,T1,host-side,,,,,
public,core,com.datastax.oss.driver.api.core.type.codec,CodecNotFoundException,"CodecNotFoundException(DataType, GenericType)",constructor,0,0,1,T1,host-side,,,,,
public,core,com.datastax.oss.driver.api.core.type.codec,CodecNotFoundException,"CodecNotFoundException(Throwable, DataType, GenericType)",constructor,0,0,1,T1,host-side,,,,,
public,core,com.datastax.oss.driver.api.core.type.codec,CodecNotFoundException,getCqlType(),method,0,0,1,T1,host-side,,,,,
public,core,com.datastax.oss.driver.api.core.type.codec,CodecNotFoundException,getJavaType(),method,0,0,1,T1,host-side,,,,,
public,core,com.datastax.oss.driver.api.core.type.codec,CodecNotFoundException,copy(),method,0,0,1,T1,host-side,,,,,
public,core,com.datastax.oss.driver.api.core.type.codec,ExtraTypeCodecs,TIMESTAMP_UTC,field,0,0,1,T1,host-side,,,,,
public,core,com.datastax.oss.driver.api.core.type.codec,ExtraTypeCodecs,TIMESTAMP_MILLIS_SYSTEM,field,0,0,1,T1,host-side,,,,,
public,core,com.datastax.oss.driver.api.core.type.codec,ExtraTypeCodecs,TIMESTAMP_MILLIS_UTC,field,0,0,1,T1,host-side,,,,,
public,core,com.datastax.oss.driver.api.core.type.codec,ExtraTypeCodecs,ZONED_TIMESTAMP_SYSTEM,field,0,0,1,T1,host-side,,,,,
public,core,com.datastax.oss.driver.api.core.type.codec,ExtraTypeCodecs,ZONED_TIMESTAMP_UTC,field,0,0,1,T1,host-side,,,,,
public,core,com.datastax.oss.driver.api.core.type.codec,ExtraTypeCodecs,ZONED_TIMESTAMP_PERSISTED,field,0,0,1,T1,host-side,,,,,
public,core,com.datastax.oss.driver.api.core.type.codec,ExtraTypeCodecs,LOCAL_TIMESTAMP_SYSTEM,field,0,0,1,T1,host-side,,,,,
public,core,com.datastax.oss.driver.api.core.type.codec,ExtraTypeCodecs,LOCAL_TIMESTAMP_UTC,field,0,0,1,T1,host-side,,,,,
public,core,com.datastax.oss.driver.api.core.type.codec,ExtraTypeCodecs,BLOB_TO_ARRAY,field,0,0,1,T1,host-side,,,,,
public,core,com.datastax.oss.driver.api.core.type.codec,ExtraTypeCodecs,BOOLEAN_LIST_TO_ARRAY,field,0,0,1,T1,host-side,,,,,
public,core,com.datastax.oss.driver.api.core.type.codec,ExtraTypeCodecs,BYTE_LIST_TO_ARRAY,field,0,0,1,T1,host-side,,,,,
public,core,com.datastax.oss.driver.api.core.type.codec,ExtraTypeCodecs,SHORT_LIST_TO_ARRAY,field,0,0,1,T1,host-side,,,,,
public,core,com.datastax.oss.driver.api.core.type.codec,ExtraTypeCodecs,INT_LIST_TO_ARRAY,field,0,0,1,T1,host-side,,,,,
public,core,com.datastax.oss.driver.api.core.type.codec,ExtraTypeCodecs,LONG_LIST_TO_ARRAY,field,0,0,1,T1,host-side,,,,,
public,core,com.datastax.oss.driver.api.core.type.codec,ExtraTypeCodecs,FLOAT_LIST_TO_ARRAY,field,0,0,1,T1,host-side,,,,,
public,core,com.datastax.oss.driver.api.core.type.codec,ExtraTypeCodecs,DOUBLE_LIST_TO_ARRAY,field,0,0,1,T1,host-side,,,,,
public,core,com.datastax.oss.driver.api.core.type.codec,ExtraTypeCodecs,ExtraTypeCodecs(),constructor,0,0,1,T1,host-side,,,,,
public,core,com.datastax.oss.driver.api.core.type.codec,ExtraTypeCodecs,timestampAt(ZoneId),method,0,0,1,T1,host-side,,,,,
public,core,com.datastax.oss.driver.api.core.type.codec,ExtraTypeCodecs,timestampMillisAt(ZoneId),method,0,0,1,T1,host-side,,,,,
public,core,com.datastax.oss.driver.api.core.type.codec,ExtraTypeCodecs,zonedTimestampAt(ZoneId),method,0,0,1,T1,host-side,,,,,
public,core,com.datastax.oss.driver.api.core.type.codec,ExtraTypeCodecs,localTimestampAt(ZoneId),method,0,0,1,T1,host-side,,,,,
public,core,com.datastax.oss.driver.api.core.type.codec,ExtraTypeCodecs,listToArrayOf(TypeCodec),method,0,0,1,T1,host-side,,,,,
public,core,com.datastax.oss.driver.api.core.type.codec,ExtraTypeCodecs,enumOrdinalsOf(Class),method,0,0,1,T1,host-side,,,,,
public,core,com.datastax.oss.driver.api.core.type.codec,ExtraTypeCodecs,enumNamesOf(Class),method,0,0,1,T1,host-side,,,,,
public,core,com.datastax.oss.driver.api.core.type.codec,ExtraTypeCodecs,optionalOf(TypeCodec),method,0,0,1,T1,host-side,,,,,
public,core,com.datastax.oss.driver.api.core.type.codec,ExtraTypeCodecs,json(GenericType),method,0,0,1,T1,host-side,,,,,
public,core,com.datastax.oss.driver.api.core.type.codec,ExtraTypeCodecs,json(Class),method,0,0,1,T1,host-side,,,,,
public,core,com.datastax.oss.driver.api.core.type.codec,ExtraTypeCodecs,"json(GenericType, ObjectMapper)",method,0,0,1,T1,host-side,,,,,
public,core,com.datastax.oss.driver.api.core.type.codec,ExtraTypeCodecs,"json(Class, ObjectMapper)",method,0,0,1,T1,host-side,,,,,
public,core,com.datastax.oss.driver.api.core.type.codec,ExtraTypeCodecs,floatVectorToArray(int),method,0,0,1,T1,host-side,,,,,
protected,core,com.datastax.oss.driver.api.core.type.codec,MappingCodec,innerCodec,field,0,0,1,T1,host-side,,,,,
protected,core,com.datastax.oss.driver.api.core.type.codec,MappingCodec,outerJavaType,field,0,0,1,T1,host-side,,,,,
protected,core,com.datastax.oss.driver.api.core.type.codec,MappingCodec,"MappingCodec(TypeCodec, GenericType)",constructor,0,0,1,T1,host-side,,,,,
public,core,com.datastax.oss.driver.api.core.type.codec,MappingCodec,getJavaType(),method,0,0,1,T1,host-side,,,,,
public,core,com.datastax.oss.driver.api.core.type.codec,MappingCodec,getInnerJavaType(),method,0,0,1,T1,host-side,,,,,
public,core,com.datastax.oss.driver.api.core.type.codec,MappingCodec,getCqlType(),method,0,0,1,T1,host-side,,,,,
public,core,com.datastax.oss.driver.api.core.type.codec,MappingCodec,"encode(OuterT, ProtocolVersion)",method,0,0,1,T1,host-side,,,,,
public,core,com.datastax.oss.driver.api.core.type.codec,MappingCodec,"decode(ByteBuffer, ProtocolVersion)",method,0,0,1,T1,host-side,,,,,
public,core,com.datastax.oss.driver.api.core.type.codec,MappingCodec,format(OuterT),method,0,0,1,T1,host-side,,,,,
public,core,com.datastax.oss.driver.api.core.type.codec,MappingCodec,parse(String),method,0,0,1,T1,host-side,,,,,
protected,core,com.datastax.oss.driver.api.core.type.codec,MappingCodec,innerToOuter(InnerT),method,0,0,1,T1,host-side,,,,,
protected,core,com.datastax.oss.driver.api.core.type.codec,MappingCodec,outerToInner(OuterT),method,0,0,1,T1,host-side,,,,,
public,core,com.datastax.oss.driver.api.core.type.codec,PrimitiveBooleanCodec,"encodePrimitive(boolean, ProtocolVersion)",method,0,0,1,T1,host-side,,,,,
public,core,com.datastax.oss.driver.api.core.type.codec,PrimitiveBooleanCodec,"decodePrimitive(ByteBuffer, ProtocolVersion)",method,0,0,1,T1,host-side,,,,,
public,core,com.datastax.oss.driver.api.core.type.codec,PrimitiveBooleanCodec,"encode(Boolean, ProtocolVersion)",method,0,0,1,T1,host-side,,,,,
public,core,com.datastax.oss.driver.api.core.type.codec,PrimitiveBooleanCodec,"decode(ByteBuffer, ProtocolVersion)",method,0,0,1,T1,host-side,,,,,
public,core,com.datastax.oss.driver.api.core.type.codec,PrimitiveByteCodec,"encodePrimitive(byte, ProtocolVersion)",method,0,0,1,T1,host-side,,,,,
public,core,com.datastax.oss.driver.api.core.type.codec,PrimitiveByteCodec,"decodePrimitive(ByteBuffer, ProtocolVersion)",method,0,0,1,T1,host-side,,,,,
public,core,com.datastax.oss.driver.api.core.type.codec,PrimitiveByteCodec,"encode(Byte, ProtocolVersion)",method,0,0,1,T1,host-side,,,,,
public,core,com.datastax.oss.driver.api.core.type.codec,PrimitiveByteCodec,"decode(ByteBuffer, ProtocolVersion)",method,0,0,1,T1,host-side,,,,,
public,core,com.datastax.oss.driver.api.core.type.codec,PrimitiveDoubleCodec,"encodePrimitive(double, ProtocolVersion)",method,0,0,1,T1,host-side,,,,,
public,core,com.datastax.oss.driver.api.core.type.codec,PrimitiveDoubleCodec,"decodePrimitive(ByteBuffer, ProtocolVersion)",method,0,0,1,T1,host-side,,,,,
public,core,com.datastax.oss.driver.api.core.type.codec,PrimitiveDoubleCodec,"encode(Double, ProtocolVersion)",method,0,0,1,T1,host-side,,,,,
public,core,com.datastax.oss.driver.api.core.type.codec,PrimitiveDoubleCodec,"decode(ByteBuffer, ProtocolVersion)",method,0,0,1,T1,host-side,,,,,
public,core,com.datastax.oss.driver.api.core.type.codec,PrimitiveFloatCodec,"encodePrimitive(float, ProtocolVersion)",method,0,0,1,T1,host-side,,,,,
public,core,com.datastax.oss.driver.api.core.type.codec,PrimitiveFloatCodec,"decodePrimitive(ByteBuffer, ProtocolVersion)",method,0,0,1,T1,host-side,,,,,
public,core,com.datastax.oss.driver.api.core.type.codec,PrimitiveFloatCodec,"encode(Float, ProtocolVersion)",method,0,0,1,T1,host-side,,,,,
public,core,com.datastax.oss.driver.api.core.type.codec,PrimitiveFloatCodec,"decode(ByteBuffer, ProtocolVersion)",method,0,0,1,T1,host-side,,,,,
public,core,com.datastax.oss.driver.api.core.type.codec,PrimitiveIntCodec,"encodePrimitive(int, ProtocolVersion)",method,0,0,1,T1,host-side,,,,,
public,core,com.datastax.oss.driver.api.core.type.codec,PrimitiveIntCodec,"decodePrimitive(ByteBuffer, ProtocolVersion)",method,0,0,1,T1,host-side,,,,,
public,core,com.datastax.oss.driver.api.core.type.codec,PrimitiveIntCodec,"encode(Integer, ProtocolVersion)",method,0,0,1,T1,host-side,,,,,
public,core,com.datastax.oss.driver.api.core.type.codec,PrimitiveIntCodec,"decode(ByteBuffer, ProtocolVersion)",method,0,0,1,T1,host-side,,,,,
public,core,com.datastax.oss.driver.api.core.type.codec,PrimitiveLongCodec,"encodePrimitive(long, ProtocolVersion)",method,0,0,1,T1,host-side,,,,,
public,core,com.datastax.oss.driver.api.core.type.codec,PrimitiveLongCodec,"decodePrimitive(ByteBuffer, ProtocolVersion)",method,0,0,1,T1,host-side,,,,,
public,core,com.datastax.oss.driver.api.core.type.codec,PrimitiveLongCodec,"encode(Long, ProtocolVersion)",method,0,0,1,T1,host-side,,,,,
public,core,com.datastax.oss.driver.api.core.type.codec,PrimitiveLongCodec,"decode(ByteBuffer, ProtocolVersion)",method,0,0,1,T1,host-side,,,,,
public,core,com.datastax.oss.driver.api.core.type.codec,PrimitiveShortCodec,"encodePrimitive(short, ProtocolVersion)",method,0,0,1,T1,host-side,,,,,
public,core,com.datastax.oss.driver.api.core.type.codec,PrimitiveShortCodec,"decodePrimitive(ByteBuffer, ProtocolVersion)",method,0,0,1,T1,host-side,,,,,
public,core,com.datastax.oss.driver.api.core.type.codec,PrimitiveShortCodec,"encode(Short, ProtocolVersion)",method,0,0,1,T1,host-side,,,,,
public,core,com.datastax.oss.driver.api.core.type.codec,PrimitiveShortCodec,"decode(ByteBuffer, ProtocolVersion)",method,0,0,1,T1,host-side,,,,,
public,core,com.datastax.oss.driver.api.core.type.codec,TypeCodec,getJavaType(),method,0,0,1,T1,host-side,,,,,
public,core,com.datastax.oss.driver.api.core.type.codec,TypeCodec,getCqlType(),method,0,0,1,T1,host-side,,,,,
public,core,com.datastax.oss.driver.api.core.type.codec,TypeCodec,accepts(GenericType),method,0,0,1,T1,host-side,,,,,
public,core,com.datastax.oss.driver.api.core.type.codec,TypeCodec,accepts(Class),method,0,0,1,T1,host-side,,,,,
public,core,com.datastax.oss.driver.api.core.type.codec,TypeCodec,accepts(Object),method,0,0,1,T1,host-side,,,,,
public,core,com.datastax.oss.driver.api.core.type.codec,TypeCodec,accepts(DataType),method,0,0,1,T1,host-side,,,,,
public,core,com.datastax.oss.driver.api.core.type.codec,TypeCodec,"encode(JavaTypeT, ProtocolVersion)",method,0,0,1,T1,host-side,,,,,
public,core,com.datastax.oss.driver.api.core.type.codec,TypeCodec,"decode(ByteBuffer, ProtocolVersion)",method,0,0,1,T1,host-side,,,,,
public,core,com.datastax.oss.driver.api.core.type.codec,TypeCodec,format(JavaTypeT),method,0,0,1,T1,host-side,,,,,
public,core,com.datastax.oss.driver.api.core.type.codec,TypeCodec,parse(String),method,0,0,1,T1,host-side,,,,,
public,core,com.datastax.oss.driver.api.core.type.codec,TypeCodec,serializedSize(),method,0,0,1,T1,host-side,,,,,
public,core,com.datastax.oss.driver.api.core.type.codec,TypeCodecs,BOOLEAN,field,0,0,1,T1,host-side,,,,,
public,core,com.datastax.oss.driver.api.core.type.codec,TypeCodecs,TINYINT,field,0,0,1,T1,host-side,,,,,
public,core,com.datastax.oss.driver.api.core.type.codec,TypeCodecs,DOUBLE,field,0,0,1,T1,host-side,,,,,
public,core,com.datastax.oss.driver.api.core.type.codec,TypeCodecs,COUNTER,field,0,0,1,T1,host-side,,,,,
public,core,com.datastax.oss.driver.api.core.type.codec,TypeCodecs,FLOAT,field,0,0,1,T1,host-side,,,,,
public,core,com.datastax.oss.driver.api.core.type.codec,TypeCodecs,INT,field,0,0,1,T1,host-side,,,,,
public,core,com.datastax.oss.driver.api.core.type.codec,TypeCodecs,BIGINT,field,0,0,1,T1,host-side,,,,,
public,core,com.datastax.oss.driver.api.core.type.codec,TypeCodecs,SMALLINT,field,0,0,1,T1,host-side,,,,,
public,core,com.datastax.oss.driver.api.core.type.codec,TypeCodecs,TIMESTAMP,field,0,0,1,T1,host-side,,,,,
public,core,com.datastax.oss.driver.api.core.type.codec,TypeCodecs,DATE,field,0,0,1,T1,host-side,,,,,
public,core,com.datastax.oss.driver.api.core.type.codec,TypeCodecs,TIME,field,0,0,1,T1,host-side,,,,,
public,core,com.datastax.oss.driver.api.core.type.codec,TypeCodecs,BLOB,field,0,0,1,T1,host-side,,,,,
public,core,com.datastax.oss.driver.api.core.type.codec,TypeCodecs,TEXT,field,0,0,1,T1,host-side,,,,,
public,core,com.datastax.oss.driver.api.core.type.codec,TypeCodecs,ASCII,field,0,0,1,T1,host-side,,,,,
public,core,com.datastax.oss.driver.api.core.type.codec,TypeCodecs,VARINT,field,0,0,1,T1,host-side,,,,,
public,core,com.datastax.oss.driver.api.core.type.codec,TypeCodecs,DECIMAL,field,0,0,1,T1,host-side,,,,,
public,core,com.datastax.oss.driver.api.core.type.codec,TypeCodecs,UUID,field,0,0,1,T1,host-side,,,,,
public,core,com.datastax.oss.driver.api.core.type.codec,TypeCodecs,TIMEUUID,field,0,0,1,T1,host-side,,,,,
public,core,com.datastax.oss.driver.api.core.type.codec,TypeCodecs,INET,field,0,0,1,T1,host-side,,,,,
public,core,com.datastax.oss.driver.api.core.type.codec,TypeCodecs,DURATION,field,0,0,1,T1,host-side,,,,,
public,core,com.datastax.oss.driver.api.core.type.codec,TypeCodecs,ZONED_TIMESTAMP_SYSTEM,field,0,0,1,T1,host-side,,,,,
public,core,com.datastax.oss.driver.api.core.type.codec,TypeCodecs,ZONED_TIMESTAMP_UTC,field,0,0,1,T1,host-side,,,,,
public,core,com.datastax.oss.driver.api.core.type.codec,TypeCodecs,TypeCodecs(),constructor,0,0,1,T1,host-side,,,,,
public,core,com.datastax.oss.driver.api.core.type.codec,TypeCodecs,custom(DataType),method,0,0,1,T1,host-side,,,,,
public,core,com.datastax.oss.driver.api.core.type.codec,TypeCodecs,listOf(TypeCodec),method,0,0,1,T1,host-side,,,,,
public,core,com.datastax.oss.driver.api.core.type.codec,TypeCodecs,setOf(TypeCodec),method,0,0,1,T1,host-side,,,,,
public,core,com.datastax.oss.driver.api.core.type.codec,TypeCodecs,"mapOf(TypeCodec, TypeCodec)",method,0,0,1,T1,host-side,,,,,
public,core,com.datastax.oss.driver.api.core.type.codec,TypeCodecs,tupleOf(TupleType),method,0,0,1,T1,host-side,,,,,
public,core,com.datastax.oss.driver.api.core.type.codec,TypeCodecs,"vectorOf(VectorType, TypeCodec)",method,0,0,1,T1,host-side,,,,,
public,core,com.datastax.oss.driver.api.core.type.codec,TypeCodecs,"vectorOf(int, TypeCodec)",method,0,0,1,T1,host-side,,,,,
public,core,com.datastax.oss.driver.api.core.type.codec,TypeCodecs,udtOf(UserDefinedType),method,0,0,1,T1,host-side,,,,,
public,core,com.datastax.oss.driver.api.core.type.codec,TypeCodecs,zonedTimestampAt(ZoneId),method,0,0,1,T1,host-side,,,,,
public,core,com.datastax.oss.driver.api.core.type.codec.registry,CodecRegistry,DEFAULT,field,0,0,1,T1,host-side,,,,,
public,core,com.datastax.oss.driver.api.core.type.codec.registry,CodecRegistry,"codecFor(DataType, GenericType)",method,0,0,1,T1,host-side,,,,,
public,core,com.datastax.oss.driver.api.core.type.codec.registry,CodecRegistry,"codecFor(DataType, Class)",method,0,0,1,T1,host-side,,,,,
public,core,com.datastax.oss.driver.api.core.type.codec.registry,CodecRegistry,codecFor(DataType),method,0,0,1,T1,host-side,,,,,
public,core,com.datastax.oss.driver.api.core.type.codec.registry,CodecRegistry,codecFor(GenericType),method,0,0,1,T1,host-side,,,,,
public,core,com.datastax.oss.driver.api.core.type.codec.registry,CodecRegistry,codecFor(Class),method,0,0,1,T1,host-side,,,,,
public,core,com.datastax.oss.driver.api.core.type.codec.registry,CodecRegistry,"codecFor(DataType, JavaTypeT)",method,0,0,1,T1,host-side,,,,,
public,core,com.datastax.oss.driver.api.core.type.codec.registry,CodecRegistry,codecFor(JavaTypeT),method,0,0,1,T1,host-side,,,,,
public,core,com.datastax.oss.driver.api.core.type.codec.registry,MutableCodecRegistry,register(TypeCodec),method,0,0,1,T1,host-side,,,,,
public,core,com.datastax.oss.driver.api.core.type.codec.registry,MutableCodecRegistry,register(TypeCodec...),method,0,0,1,T1,host-side,,,,,
public,core,com.datastax.oss.driver.api.core.type.codec.registry,MutableCodecRegistry,register(Iterable),method,0,0,1,T1,host-side,,,,,
public,core,com.datastax.oss.driver.api.core.type.reflect,GenericType,BOOLEAN,field,0,0,1,T1,host-side,,,,,
public,core,com.datastax.oss.driver.api.core.type.reflect,GenericType,BYTE,field,0,0,1,T1,host-side,,,,,
public,core,com.datastax.oss.driver.api.core.type.reflect,GenericType,DOUBLE,field,0,0,1,T1,host-side,,,,,
public,core,com.datastax.oss.driver.api.core.type.reflect,GenericType,FLOAT,field,0,0,1,T1,host-side,,,,,
public,core,com.datastax.oss.driver.api.core.type.reflect,GenericType,INTEGER,field,0,0,1,T1,host-side,,,,,
public,core,com.datastax.oss.driver.api.core.type.reflect,GenericType,LONG,field,0,0,1,T1,host-side,,,,,
public,core,com.datastax.oss.driver.api.core.type.reflect,GenericType,SHORT,field,0,0,1,T1,host-side,,,,,
public,core,com.datastax.oss.driver.api.core.type.reflect,GenericType,INSTANT,field,0,0,1,T1,host-side,,,,,
public,core,com.datastax.oss.driver.api.core.type.reflect,GenericType,ZONED_DATE_TIME,field,0,0,1,T1,host-side,,,,,
public,core,com.datastax.oss.driver.api.core.type.reflect,GenericType,LOCAL_DATE,field,0,0,1,T1,host-side,,,,,
public,core,com.datastax.oss.driver.api.core.type.reflect,GenericType,LOCAL_TIME,field,0,0,1,T1,host-side,,,,,
public,core,com.datastax.oss.driver.api.core.type.reflect,GenericType,LOCAL_DATE_TIME,field,0,0,1,T1,host-side,,,,,
public,core,com.datastax.oss.driver.api.core.type.reflect,GenericType,BYTE_BUFFER,field,0,0,1,T1,host-side,,,,,
public,core,com.datastax.oss.driver.api.core.type.reflect,GenericType,STRING,field,0,0,1,T1,host-side,,,,,
public,core,com.datastax.oss.driver.api.core.type.reflect,GenericType,BIG_INTEGER,field,0,0,1,T1,host-side,,,,,
public,core,com.datastax.oss.driver.api.core.type.reflect,GenericType,BIG_DECIMAL,field,0,0,1,T1,host-side,,,,,
public,core,com.datastax.oss.driver.api.core.type.reflect,GenericType,UUID,field,0,0,1,T1,host-side,,,,,
public,core,com.datastax.oss.driver.api.core.type.reflect,GenericType,INET_ADDRESS,field,0,0,1,T1,host-side,,,,,
public,core,com.datastax.oss.driver.api.core.type.reflect,GenericType,CQL_DURATION,field,0,0,1,T1,host-side,,,,,
public,core,com.datastax.oss.driver.api.core.type.reflect,GenericType,TUPLE_VALUE,field,0,0,1,T1,host-side,,,,,
public,core,com.datastax.oss.driver.api.core.type.reflect,GenericType,UDT_VALUE,field,0,0,1,T1,host-side,,,,,
public,core,com.datastax.oss.driver.api.core.type.reflect,GenericType,DURATION,field,0,0,1,T1,host-side,,,,,
public,core,com.datastax.oss.driver.api.core.type.reflect,GenericType,of(Class),method,0,0,1,T1,host-side,,,,,
public,core,com.datastax.oss.driver.api.core.type.reflect,GenericType,of(Type),method,0,0,1,T1,host-side,,,,,
public,core,com.datastax.oss.driver.api.core.type.reflect,GenericType,listOf(Class),method,0,0,1,T1,host-side,,,,,
public,core,com.datastax.oss.driver.api.core.type.reflect,GenericType,listOf(GenericType),method,0,0,1,T1,host-side,,,,,
public,core,com.datastax.oss.driver.api.core.type.reflect,GenericType,setOf(Class),method,0,0,1,T1,host-side,,,,,
public,core,com.datastax.oss.driver.api.core.type.reflect,GenericType,setOf(GenericType),method,0,0,1,T1,host-side,,,,,
public,core,com.datastax.oss.driver.api.core.type.reflect,GenericType,vectorOf(Class),method,0,0,1,T1,host-side,,,,,
public,core,com.datastax.oss.driver.api.core.type.reflect,GenericType,vectorOf(GenericType),method,0,0,1,T1,host-side,,,,,
public,core,com.datastax.oss.driver.api.core.type.reflect,GenericType,"mapOf(Class, Class)",method,0,0,1,T1,host-side,,,,,
public,core,com.datastax.oss.driver.api.core.type.reflect,GenericType,"mapOf(GenericType, GenericType)",method,0,0,1,T1,host-side,,,,,
public,core,com.datastax.oss.driver.api.core.type.reflect,GenericType,arrayOf(Class),method,0,0,1,T1,host-side,,,,,
public,core,com.datastax.oss.driver.api.core.type.reflect,GenericType,arrayOf(GenericType),method,0,0,1,T1,host-side,,,,,
public,core,com.datastax.oss.driver.api.core.type.reflect,GenericType,optionalOf(Class),method,0,0,1,T1,host-side,,,,,
public,core,com.datastax.oss.driver.api.core.type.reflect,GenericType,optionalOf(GenericType),method,0,0,1,T1,host-side,,,,,
protected,core,com.datastax.oss.driver.api.core.type.reflect,GenericType,GenericType(),constructor,0,0,1,T1,host-side,,,,,
public,core,com.datastax.oss.driver.api.core.type.reflect,GenericType,isSupertypeOf(GenericType),method,0,0,1,T1,host-side,,,,,
public,core,com.datastax.oss.driver.api.core.type.reflect,GenericType,isSubtypeOf(GenericType),method,0,0,1,T1,host-side,,,,,
public,core,com.datastax.oss.driver.api.core.type.reflect,GenericType,isArray(),method,0,0,1,T1,host-side,,,,,
public,core,com.datastax.oss.driver.api.core.type.reflect,GenericType,isPrimitive(),method,0,0,1,T1,host-side,,,,,
public,core,com.datastax.oss.driver.api.core.type.reflect,GenericType,wrap(),method,0,0,1,T1,host-side,,,,,
public,core,com.datastax.oss.driver.api.core.type.reflect,GenericType,unwrap(),method,0,0,1,T1,host-side,,,,,
public,core,com.datastax.oss.driver.api.core.type.reflect,GenericType,"where(GenericTypeParameter, GenericType)",method,0,0,1,T1,host-side,,,,,
public,core,com.datastax.oss.driver.api.core.type.reflect,GenericType,"where(GenericTypeParameter, Class)",method,0,0,1,T1,host-side,,,,,
public,core,com.datastax.oss.driver.api.core.type.reflect,GenericType,getComponentType(),method,0,0,1,T1,host-side,,,,,
public,core,com.datastax.oss.driver.api.core.type.reflect,GenericType,getRawType(),method,0,0,1,T1,host-side,,,,,
public,core,com.datastax.oss.driver.api.core.type.reflect,GenericType,getSupertype(Class),method,0,0,1,T1,host-side,,,,,
public,core,com.datastax.oss.driver.api.core.type.reflect,GenericType,getSubtype(Class),method,0,0,1,T1,host-side,,,,,
public,core,com.datastax.oss.driver.api.core.type.reflect,GenericType,getType(),method,0,0,1,T1,host-side,,,,,
public,core,com.datastax.oss.driver.api.core.type.reflect,GenericType,__getToken(),method,0,0,1,T1,host-side,,,,,
public,core,com.datastax.oss.driver.api.core.type.reflect,GenericType,equals(Object),method,0,0,1,T1,host-side,,,,,
public,core,com.datastax.oss.driver.api.core.type.reflect,GenericType,hashCode(),method,0,0,1,T1,host-side,,,,,
public,core,com.datastax.oss.driver.api.core.type.reflect,GenericType,toString(),method,0,0,1,T1,host-side,,,,,
protected,core,com.datastax.oss.driver.api.core.type.reflect,GenericTypeParameter,GenericTypeParameter(),constructor,0,0,1,T1,host-side,,,,,
public,core,com.datastax.oss.driver.api.core.type.reflect,GenericTypeParameter,getTypeVariable(),method,0,0,1,T1,host-side,,,,,
public,core,com.datastax.oss.driver.api.core.uuid,Uuids,PID_SYSTEM_PROPERTY,field,0,0,1,T1,host-side,,,,,
public,core,com.datastax.oss.driver.api.core.uuid,Uuids,NAMESPACE_URL,field,0,0,1,T1,host-side,,,,,
public,core,com.datastax.oss.driver.api.core.uuid,Uuids,NAMESPACE_DNS,field,0,0,1,T1,host-side,,,,,
public,core,com.datastax.oss.driver.api.core.uuid,Uuids,NAMESPACE_OID,field,0,0,1,T1,host-side,,,,,
public,core,com.datastax.oss.driver.api.core.uuid,Uuids,NAMESPACE_X500,field,0,0,1,T1,host-side,,,,,
public,core,com.datastax.oss.driver.api.core.uuid,Uuids,random(),method,0,0,1,T1,host-side,,,,,
public,core,com.datastax.oss.driver.api.core.uuid,Uuids,random(Random),method,0,0,1,T1,host-side,,,,,
public,core,com.datastax.oss.driver.api.core.uuid,Uuids,random(SplittableRandom),method,0,0,1,T1,host-side,,,,,
public,core,com.datastax.oss.driver.api.core.uuid,Uuids,"nameBased(UUID, String)",method,0,0,1,T1,host-side,,,,,
public,core,com.datastax.oss.driver.api.core.uuid,Uuids,"nameBased(UUID, byte[])",method,0,0,1,T1,host-side,,,,,
public,core,com.datastax.oss.driver.api.core.uuid,Uuids,"nameBased(UUID, String, int)",method,0,0,1,T1,host-side,,,,,
public,core,com.datastax.oss.driver.api.core.uuid,Uuids,"nameBased(UUID, byte[], int)",method,0,0,1,T1,host-side,,,,,
public,core,com.datastax.oss.driver.api.core.uuid,Uuids,nameBased(byte[]),method,0,0,1,T1,host-side,,,,,
public,core,com.datastax.oss.driver.api.core.uuid,Uuids,"nameBased(byte[], int)",method,0,0,1,T1,host-side,,,,,
public,core,com.datastax.oss.driver.api.core.uuid,Uuids,timeBased(),method,0,0,1,T1,host-side,,,,,
public,core,com.datastax.oss.driver.api.core.uuid,Uuids,startOf(long),method,0,0,1,T1,host-side,,,,,
public,core,com.datastax.oss.driver.api.core.uuid,Uuids,endOf(long),method,0,0,1,T1,host-side,,,,,
public,core,com.datastax.oss.driver.api.core.uuid,Uuids,unixTimestamp(UUID),method,0,0,1,T1,host-side,,,,,
public,mapper-runtime,com.datastax.oss.driver.api.mapper,MapperBuilder,SCHEMA_VALIDATION_ENABLED_SETTING,field,0,0,1,T1,host-side,,,,,
protected,mapper-runtime,com.datastax.oss.driver.api.mapper,MapperBuilder,session,field,0,0,1,T1,host-side,,,,,
protected,mapper-runtime,com.datastax.oss.driver.api.mapper,MapperBuilder,defaultKeyspaceId,field,0,0,1,T1,host-side,,,,,
protected,mapper-runtime,com.datastax.oss.driver.api.mapper,MapperBuilder,customState,field,0,0,1,T1,host-side,,,,,
protected,mapper-runtime,com.datastax.oss.driver.api.mapper,MapperBuilder,defaultExecutionProfileName,field,0,0,1,T1,host-side,,,,,
protected,mapper-runtime,com.datastax.oss.driver.api.mapper,MapperBuilder,defaultExecutionProfile,field,0,0,1,T1,host-side,,,,,
protected,mapper-runtime,com.datastax.oss.driver.api.mapper,MapperBuilder,MapperBuilder(CqlSession),constructor,0,0,1,T1,host-side,,,,,
public,mapper-runtime,com.datastax.oss.driver.api.mapper,MapperBuilder,withDefaultKeyspace(CqlIdentifier),method,0,0,1,T1,host-side,,,,,
public,mapper-runtime,com.datastax.oss.driver.api.mapper,MapperBuilder,withDefaultKeyspace(String),method,0,0,1,T1,host-side,,,,,
public,mapper-runtime,com.datastax.oss.driver.api.mapper,MapperBuilder,withDefaultExecutionProfileName(String),method,0,0,1,T1,host-side,,,,,
public,mapper-runtime,com.datastax.oss.driver.api.mapper,MapperBuilder,withDefaultExecutionProfile(DriverExecutionProfile),method,0,0,1,T1,host-side,,,,,
public,mapper-runtime,com.datastax.oss.driver.api.mapper,MapperBuilder,withSchemaValidationEnabled(boolean),method,0,0,1,T1,host-side,,,,,
public,mapper-runtime,com.datastax.oss.driver.api.mapper,MapperBuilder,"withCustomState(Object, Object)",method,0,0,1,T1,host-side,,,,,
public,mapper-runtime,com.datastax.oss.driver.api.mapper,MapperBuilder,build(),method,0,0,1,T1,host-side,,,,,
public,mapper-runtime,com.datastax.oss.driver.api.mapper,MapperContext,getSession(),method,0,0,1,T1,host-side,,,,,
public,mapper-runtime,com.datastax.oss.driver.api.mapper,MapperContext,getKeyspaceId(),method,0,0,1,T1,host-side,,,,,
public,mapper-runtime,com.datastax.oss.driver.api.mapper,MapperContext,getTableId(),method,0,0,1,T1,host-side,,,,,
public,mapper-runtime,com.datastax.oss.driver.api.mapper,MapperContext,getExecutionProfileName(),method,0,0,1,T1,host-side,,,,,
public,mapper-runtime,com.datastax.oss.driver.api.mapper,MapperContext,getExecutionProfile(),method,0,0,1,T1,host-side,,,,,
public,mapper-runtime,com.datastax.oss.driver.api.mapper,MapperContext,getNameConverter(Class),method,0,0,1,T1,host-side,,,,,
public,mapper-runtime,com.datastax.oss.driver.api.mapper,MapperContext,getCustomState(),method,0,0,1,T1,host-side,,,,,
public,mapper-runtime,com.datastax.oss.driver.api.mapper,MapperContext,getResultProducer(GenericType),method,0,0,1,T1,host-side,,,,,
public,mapper-runtime,com.datastax.oss.driver.api.mapper,MapperException,"MapperException(String, Throwable)",constructor,0,0,1,T1,host-side,,,,,
public,mapper-runtime,com.datastax.oss.driver.api.mapper,MapperException,MapperException(String),constructor,0,0,1,T1,host-side,,,,,
public,mapper-runtime,com.datastax.oss.driver.api.mapper,MapperException,copy(),method,0,0,1,T1,host-side,,,,,
public,mapper-runtime,com.datastax.oss.driver.api.mapper.annotations,ClusteringColumn,value(),method,0,0,1,T1,host-side,,,,,
public,mapper-runtime,com.datastax.oss.driver.api.mapper.annotations,Computed,value(),method,0,0,1,T1,host-side,,,,,
public,mapper-runtime,com.datastax.oss.driver.api.mapper.annotations,CqlName,value(),method,0,0,1,T1,host-side,,,,,
public,mapper-runtime,com.datastax.oss.driver.api.mapper.annotations,Dao,"(interface, no declared members)",type,0,0,1,T1,host-side,,,,,
public,mapper-runtime,com.datastax.oss.driver.api.mapper.annotations,DaoFactory,"(interface, no declared members)",type,0,0,1,T1,host-side,,,,,
public,mapper-runtime,com.datastax.oss.driver.api.mapper.annotations,DaoKeyspace,"(interface, no declared members)",type,0,0,1,T1,host-side,,,,,
public,mapper-runtime,com.datastax.oss.driver.api.mapper.annotations,DaoProfile,"(interface, no declared members)",type,0,0,1,T1,host-side,,,,,
public,mapper-runtime,com.datastax.oss.driver.api.mapper.annotations,DaoTable,"(interface, no declared members)",type,0,0,1,T1,host-side,,,,,
public,mapper-runtime,com.datastax.oss.driver.api.mapper.annotations,DefaultNullSavingStrategy,value(),method,0,0,1,T1,host-side,,,,,
public,mapper-runtime,com.datastax.oss.driver.api.mapper.annotations,Delete,entityClass(),method,0,0,1,T1,host-side,,,,,
public,mapper-runtime,com.datastax.oss.driver.api.mapper.annotations,Delete,customWhereClause(),method,0,0,1,T1,host-side,,,,,
public,mapper-runtime,com.datastax.oss.driver.api.mapper.annotations,Delete,ifExists(),method,0,0,1,T1,host-side,,,,,
public,mapper-runtime,com.datastax.oss.driver.api.mapper.annotations,Delete,customIfClause(),method,0,0,1,T1,host-side,,,,,
public,mapper-runtime,com.datastax.oss.driver.api.mapper.annotations,Entity,defaultKeyspace(),method,0,0,1,T1,host-side,,,,,
public,mapper-runtime,com.datastax.oss.driver.api.mapper.annotations,GetEntity,lenient(),method,0,0,1,T1,host-side,,,,,
public,mapper-runtime,com.datastax.oss.driver.api.mapper.annotations,HierarchyScanStrategy,scanAncestors(),method,0,0,1,T1,host-side,,,,,
public,mapper-runtime,com.datastax.oss.driver.api.mapper.annotations,HierarchyScanStrategy,highestAncestor(),method,0,0,1,T1,host-side,,,,,
public,mapper-runtime,com.datastax.oss.driver.api.mapper.annotations,HierarchyScanStrategy,includeHighestAncestor(),method,0,0,1,T1,host-side,,,,,
public,mapper-runtime,com.datastax.oss.driver.api.mapper.annotations,Increment,entityClass(),method,0,0,1,T1,host-side,,,,,
public,mapper-runtime,com.datastax.oss.driver.api.mapper.annotations,Insert,ifNotExists(),method,0,0,1,T1,host-side,,,,,
public,mapper-runtime,com.datastax.oss.driver.api.mapper.annotations,Insert,ttl(),method,0,0,1,T1,host-side,,,,,
public,mapper-runtime,com.datastax.oss.driver.api.mapper.annotations,Insert,usingTimeout(),method,0,0,1,T1,host-side,,,,,
public,mapper-runtime,com.datastax.oss.driver.api.mapper.annotations,Insert,timestamp(),method,0,0,1,T1,host-side,,,,,
public,mapper-runtime,com.datastax.oss.driver.api.mapper.annotations,Insert,nullSavingStrategy(),method,0,0,1,T1,host-side,,,,,
public,mapper-runtime,com.datastax.oss.driver.api.mapper.annotations,Mapper,builderName(),method,0,0,1,T1,host-side,,,,,
public,mapper-runtime,com.datastax.oss.driver.api.mapper.annotations,NamingStrategy,convention(),method,0,0,1,T1,host-side,,,,,
public,mapper-runtime,com.datastax.oss.driver.api.mapper.annotations,NamingStrategy,customConverterClass(),method,0,0,1,T1,host-side,,,,,
public,mapper-runtime,com.datastax.oss.driver.api.mapper.annotations,PartitionKey,value(),method,0,0,1,T1,host-side,,,,,
public,mapper-runtime,com.datastax.oss.driver.api.mapper.annotations,PropertyStrategy,getterStyle(),method,0,0,1,T1,host-side,,,,,
public,mapper-runtime,com.datastax.oss.driver.api.mapper.annotations,PropertyStrategy,setterStyle(),method,0,0,1,T1,host-side,,,,,
public,mapper-runtime,com.datastax.oss.driver.api.mapper.annotations,PropertyStrategy,mutable(),method,0,0,1,T1,host-side,,,,,
public,mapper-runtime,com.datastax.oss.driver.api.mapper.annotations,Query,value(),method,0,0,1,T1,host-side,,,,,
public,mapper-runtime,com.datastax.oss.driver.api.mapper.annotations,Query,nullSavingStrategy(),method,0,0,1,T1,host-side,,,,,
public,mapper-runtime,com.datastax.oss.driver.api.mapper.annotations,QueryProvider,providerClass(),method,0,0,1,T1,host-side,,,,,
public,mapper-runtime,com.datastax.oss.driver.api.mapper.annotations,QueryProvider,providerMethod(),method,0,0,1,T1,host-side,,,,,
public,mapper-runtime,com.datastax.oss.driver.api.mapper.annotations,QueryProvider,entityHelpers(),method,0,0,1,T1,host-side,,,,,
public,mapper-runtime,com.datastax.oss.driver.api.mapper.annotations,SchemaHint,targetElement(),method,0,0,1,T1,host-side,,,,,
public,mapper-runtime,com.datastax.oss.driver.api.mapper.annotations,SchemaHint.TargetElement,TABLE,enum-constant,0,0,1,T1,host-side,,,,,
public,mapper-runtime,com.datastax.oss.driver.api.mapper.annotations,SchemaHint.TargetElement,UDT,enum-constant,0,0,1,T1,host-side,,,,,
public,mapper-runtime,com.datastax.oss.driver.api.mapper.annotations,SchemaHint.TargetElement,NONE,enum-constant,0,0,1,T1,host-side,,,,,
public,mapper-runtime,com.datastax.oss.driver.api.mapper.annotations,SchemaHint.TargetElement,values(),method,0,0,1,T1,host-side,,,,,
public,mapper-runtime,com.datastax.oss.driver.api.mapper.annotations,SchemaHint.TargetElement,valueOf(String),method,0,0,1,T1,host-side,,,,,
public,mapper-runtime,com.datastax.oss.driver.api.mapper.annotations,Select,customWhereClause(),method,0,0,1,T1,host-side,,,,,
public,mapper-runtime,com.datastax.oss.driver.api.mapper.annotations,Select,limit(),method,0,0,1,T1,host-side,,,,,
public,mapper-runtime,com.datastax.oss.driver.api.mapper.annotations,Select,perPartitionLimit(),method,0,0,1,T1,host-side,,,,,
public,mapper-runtime,com.datastax.oss.driver.api.mapper.annotations,Select,orderBy(),method,0,0,1,T1,host-side,,,,,
public,mapper-runtime,com.datastax.oss.driver.api.mapper.annotations,Select,groupBy(),method,0,0,1,T1,host-side,,,,,
public,mapper-runtime,com.datastax.oss.driver.api.mapper.annotations,Select,allowFiltering(),method,0,0,1,T1,host-side,,,,,
public,mapper-runtime,com.datastax.oss.driver.api.mapper.annotations,Select,bypassCache(),method,0,0,1,T1,host-side,,,,,
public,mapper-runtime,com.datastax.oss.driver.api.mapper.annotations,Select,usingTimeout(),method,0,0,1,T1,host-side,,,,,
public,mapper-runtime,com.datastax.oss.driver.api.mapper.annotations,SetEntity,nullSavingStrategy(),method,0,0,1,T1,host-side,,,,,
public,mapper-runtime,com.datastax.oss.driver.api.mapper.annotations,SetEntity,lenient(),method,0,0,1,T1,host-side,,,,,
public,mapper-runtime,com.datastax.oss.driver.api.mapper.annotations,StatementAttributes,executionProfileName(),method,0,0,1,T1,host-side,,,,,
public,mapper-runtime,com.datastax.oss.driver.api.mapper.annotations,StatementAttributes,pageSize(),method,0,0,1,T1,host-side,,,,,
public,mapper-runtime,com.datastax.oss.driver.api.mapper.annotations,StatementAttributes,idempotence(),method,0,0,1,T1,host-side,,,,,
public,mapper-runtime,com.datastax.oss.driver.api.mapper.annotations,StatementAttributes,consistencyLevel(),method,0,0,1,T1,host-side,,,,,
public,mapper-runtime,com.datastax.oss.driver.api.mapper.annotations,StatementAttributes,serialConsistencyLevel(),method,0,0,1,T1,host-side,,,,,
public,mapper-runtime,com.datastax.oss.driver.api.mapper.annotations,StatementAttributes,timeout(),method,0,0,1,T1,host-side,,,,,
public,mapper-runtime,com.datastax.oss.driver.api.mapper.annotations,StatementAttributes,routingKeyspace(),method,0,0,1,T1,host-side,,,,,
public,mapper-runtime,com.datastax.oss.driver.api.mapper.annotations,Transient,"(interface, no declared members)",type,0,0,1,T1,host-side,,,,,
public,mapper-runtime,com.datastax.oss.driver.api.mapper.annotations,TransientProperties,value(),method,0,0,1,T1,host-side,,,,,
public,mapper-runtime,com.datastax.oss.driver.api.mapper.annotations,Update,customWhereClause(),method,0,0,1,T1,host-side,,,,,
public,mapper-runtime,com.datastax.oss.driver.api.mapper.annotations,Update,ifExists(),method,0,0,1,T1,host-side,,,,,
public,mapper-runtime,com.datastax.oss.driver.api.mapper.annotations,Update,customIfClause(),method,0,0,1,T1,host-side,,,,,
public,mapper-runtime,com.datastax.oss.driver.api.mapper.annotations,Update,ttl(),method,0,0,1,T1,host-side,,,,,
public,mapper-runtime,com.datastax.oss.driver.api.mapper.annotations,Update,timestamp(),method,0,0,1,T1,host-side,,,,,
public,mapper-runtime,com.datastax.oss.driver.api.mapper.annotations,Update,usingTimeout(),method,0,0,1,T1,host-side,,,,,
public,mapper-runtime,com.datastax.oss.driver.api.mapper.annotations,Update,nullSavingStrategy(),method,0,0,1,T1,host-side,,,,,
public,mapper-runtime,com.datastax.oss.driver.api.mapper.entity,EntityHelper,"set(EntityT, SettableT, NullSavingStrategy)",method,1,0,1,T1,host-side,,,,,
public,mapper-runtime,com.datastax.oss.driver.api.mapper.entity,EntityHelper,"set(EntityT, SettableT, NullSavingStrategy, boolean)",method,0,0,1,T1,host-side,,,,,
public,mapper-runtime,com.datastax.oss.driver.api.mapper.entity,EntityHelper,get(GettableByName),method,1,0,1,T1,host-side,,,,,
public,mapper-runtime,com.datastax.oss.driver.api.mapper.entity,EntityHelper,"get(GettableByName, boolean)",method,0,0,1,T1,host-side,,,,,
public,mapper-runtime,com.datastax.oss.driver.api.mapper.entity,EntityHelper,insert(),method,0,0,1,T1,host-side,,,,,
public,mapper-runtime,com.datastax.oss.driver.api.mapper.entity,EntityHelper,updateStart(),method,0,0,1,T1,host-side,,,,,
public,mapper-runtime,com.datastax.oss.driver.api.mapper.entity,EntityHelper,updateByPrimaryKey(),method,0,0,1,T1,host-side,,,,,
public,mapper-runtime,com.datastax.oss.driver.api.mapper.entity,EntityHelper,selectByPrimaryKey(),method,0,0,1,T1,host-side,,,,,
public,mapper-runtime,com.datastax.oss.driver.api.mapper.entity,EntityHelper,selectStart(),method,0,0,1,T1,host-side,,,,,
public,mapper-runtime,com.datastax.oss.driver.api.mapper.entity,EntityHelper,deleteByPrimaryKey(),method,0,0,1,T1,host-side,,,,,
public,mapper-runtime,com.datastax.oss.driver.api.mapper.entity,EntityHelper,getKeyspaceId(),method,0,0,1,T1,host-side,,,,,
public,mapper-runtime,com.datastax.oss.driver.api.mapper.entity,EntityHelper,getTableId(),method,0,0,1,T1,host-side,,,,,
public,mapper-runtime,com.datastax.oss.driver.api.mapper.entity,EntityHelper,getEntityClass(),method,0,0,1,T1,host-side,,,,,
public,mapper-runtime,com.datastax.oss.driver.api.mapper.entity.naming,GetterStyle,JAVABEANS,enum-constant,0,0,1,T1,host-side,,,,,
public,mapper-runtime,com.datastax.oss.driver.api.mapper.entity.naming,GetterStyle,FLUENT,enum-constant,0,0,1,T1,host-side,,,,,
public,mapper-runtime,com.datastax.oss.driver.api.mapper.entity.naming,GetterStyle,values(),method,0,0,1,T1,host-side,,,,,
public,mapper-runtime,com.datastax.oss.driver.api.mapper.entity.naming,GetterStyle,valueOf(String),method,0,0,1,T1,host-side,,,,,
public,mapper-runtime,com.datastax.oss.driver.api.mapper.entity.naming,NameConverter,toCassandraName(String),method,0,0,1,T1,host-side,,,,,
public,mapper-runtime,com.datastax.oss.driver.api.mapper.entity.naming,NamingConvention,CASE_INSENSITIVE,enum-constant,0,0,1,T1,host-side,,,,,
public,mapper-runtime,com.datastax.oss.driver.api.mapper.entity.naming,NamingConvention,EXACT_CASE,enum-constant,0,0,1,T1,host-side,,,,,
public,mapper-runtime,com.datastax.oss.driver.api.mapper.entity.naming,NamingConvention,LOWER_CAMEL_CASE,enum-constant,0,0,1,T1,host-side,,,,,
public,mapper-runtime,com.datastax.oss.driver.api.mapper.entity.naming,NamingConvention,UPPER_CAMEL_CASE,enum-constant,0,0,1,T1,host-side,,,,,
public,mapper-runtime,com.datastax.oss.driver.api.mapper.entity.naming,NamingConvention,SNAKE_CASE_INSENSITIVE,enum-constant,0,0,1,T1,host-side,,,,,
public,mapper-runtime,com.datastax.oss.driver.api.mapper.entity.naming,NamingConvention,UPPER_SNAKE_CASE,enum-constant,0,0,1,T1,host-side,,,,,
public,mapper-runtime,com.datastax.oss.driver.api.mapper.entity.naming,NamingConvention,UPPER_CASE,enum-constant,0,0,1,T1,host-side,,,,,
public,mapper-runtime,com.datastax.oss.driver.api.mapper.entity.naming,NamingConvention,values(),method,0,0,1,T1,host-side,,,,,
public,mapper-runtime,com.datastax.oss.driver.api.mapper.entity.naming,NamingConvention,valueOf(String),method,0,0,1,T1,host-side,,,,,
public,mapper-runtime,com.datastax.oss.driver.api.mapper.entity.naming,SetterStyle,JAVABEANS,enum-constant,0,0,1,T1,host-side,,,,,
public,mapper-runtime,com.datastax.oss.driver.api.mapper.entity.naming,SetterStyle,FLUENT,enum-constant,0,0,1,T1,host-side,,,,,
public,mapper-runtime,com.datastax.oss.driver.api.mapper.entity.naming,SetterStyle,values(),method,0,0,1,T1,host-side,,,,,
public,mapper-runtime,com.datastax.oss.driver.api.mapper.entity.naming,SetterStyle,valueOf(String),method,0,0,1,T1,host-side,,,,,
public,mapper-runtime,com.datastax.oss.driver.api.mapper.entity.saving,NullSavingStrategy,DO_NOT_SET,enum-constant,0,0,1,T1,host-side,,,,,
public,mapper-runtime,com.datastax.oss.driver.api.mapper.entity.saving,NullSavingStrategy,SET_TO_NULL,enum-constant,0,0,1,T1,host-side,,,,,
public,mapper-runtime,com.datastax.oss.driver.api.mapper.entity.saving,NullSavingStrategy,values(),method,0,0,1,T1,host-side,,,,,
public,mapper-runtime,com.datastax.oss.driver.api.mapper.entity.saving,NullSavingStrategy,valueOf(String),method,0,0,1,T1,host-side,,,,,
public,mapper-runtime,com.datastax.oss.driver.api.mapper.reactive,MappedReactiveResultSet,"(interface, no declared members)",type,0,0,1,T1,host-side,,,,,
public,mapper-runtime,com.datastax.oss.driver.api.mapper.result,MapperResultProducer,canProduce(GenericType),method,0,0,1,T1,host-side,,,,,
public,mapper-runtime,com.datastax.oss.driver.api.mapper.result,MapperResultProducer,"execute(Statement, MapperContext, EntityHelper)",method,0,0,1,T1,host-side,,,,,
public,mapper-runtime,com.datastax.oss.driver.api.mapper.result,MapperResultProducer,wrapError(Exception),method,0,0,1,T1,host-side,,,,,
public,mapper-runtime,com.datastax.oss.driver.api.mapper.result,MapperResultProducerService,getProducers(),method,0,0,1,T1,host-side,,,,,
public,query-builder,com.datastax.oss.driver.api.querybuilder,BindMarker,"(interface, no declared members)",type,0,0,1,T1,host-side,,,,,
public,query-builder,com.datastax.oss.driver.api.querybuilder,BuildableQuery,asCql(),method,0,0,1,T1,host-side,,,,,
public,query-builder,com.datastax.oss.driver.api.querybuilder,BuildableQuery,build(),method,0,0,1,T1,host-side,,,,,
public,query-builder,com.datastax.oss.driver.api.querybuilder,BuildableQuery,build(Object...),method,0,0,1,T1,host-side,,,,,
public,query-builder,com.datastax.oss.driver.api.querybuilder,BuildableQuery,build(Map),method,0,0,1,T1,host-side,,,,,
public,query-builder,com.datastax.oss.driver.api.querybuilder,BuildableQuery,builder(),method,0,0,1,T1,host-side,,,,,
public,query-builder,com.datastax.oss.driver.api.querybuilder,CqlSnippet,appendTo(StringBuilder),method,0,0,1,T1,host-side,,,,,
public,query-builder,com.datastax.oss.driver.api.querybuilder,Literal,"(interface, no declared members)",type,0,0,1,T1,host-side,,,,,
public,query-builder,com.datastax.oss.driver.api.querybuilder,QueryBuilder,QueryBuilder(),constructor,0,0,1,T1,host-side,,,,,
public,query-builder,com.datastax.oss.driver.api.querybuilder,QueryBuilder,"selectFrom(CqlIdentifier, CqlIdentifier)",method,0,0,1,T1,host-side,,,,,
public,query-builder,com.datastax.oss.driver.api.querybuilder,QueryBuilder,"selectFrom(String, String)",method,0,0,1,T1,host-side,,,,,
public,query-builder,com.datastax.oss.driver.api.querybuilder,QueryBuilder,selectFrom(CqlIdentifier),method,0,0,1,T1,host-side,,,,,
public,query-builder,com.datastax.oss.driver.api.querybuilder,QueryBuilder,selectFrom(String),method,0,0,1,T1,host-side,,,,,
public,query-builder,com.datastax.oss.driver.api.querybuilder,QueryBuilder,"insertInto(CqlIdentifier, CqlIdentifier)",method,0,0,1,T1,host-side,,,,,
public,query-builder,com.datastax.oss.driver.api.querybuilder,QueryBuilder,"insertInto(String, String)",method,0,0,1,T1,host-side,,,,,
public,query-builder,com.datastax.oss.driver.api.querybuilder,QueryBuilder,insertInto(CqlIdentifier),method,0,0,1,T1,host-side,,,,,
public,query-builder,com.datastax.oss.driver.api.querybuilder,QueryBuilder,insertInto(String),method,0,0,1,T1,host-side,,,,,
public,query-builder,com.datastax.oss.driver.api.querybuilder,QueryBuilder,"update(CqlIdentifier, CqlIdentifier)",method,0,0,1,T1,host-side,,,,,
public,query-builder,com.datastax.oss.driver.api.querybuilder,QueryBuilder,"update(String, String)",method,0,0,1,T1,host-side,,,,,
public,query-builder,com.datastax.oss.driver.api.querybuilder,QueryBuilder,update(CqlIdentifier),method,0,0,1,T1,host-side,,,,,
public,query-builder,com.datastax.oss.driver.api.querybuilder,QueryBuilder,update(String),method,0,0,1,T1,host-side,,,,,
public,query-builder,com.datastax.oss.driver.api.querybuilder,QueryBuilder,"deleteFrom(CqlIdentifier, CqlIdentifier)",method,0,0,1,T1,host-side,,,,,
public,query-builder,com.datastax.oss.driver.api.querybuilder,QueryBuilder,"deleteFrom(String, String)",method,0,0,1,T1,host-side,,,,,
public,query-builder,com.datastax.oss.driver.api.querybuilder,QueryBuilder,deleteFrom(CqlIdentifier),method,0,0,1,T1,host-side,,,,,
public,query-builder,com.datastax.oss.driver.api.querybuilder,QueryBuilder,deleteFrom(String),method,0,0,1,T1,host-side,,,,,
public,query-builder,com.datastax.oss.driver.api.querybuilder,QueryBuilder,tuple(Iterable),method,0,0,1,T1,host-side,,,,,
public,query-builder,com.datastax.oss.driver.api.querybuilder,QueryBuilder,tuple(Term...),method,0,0,1,T1,host-side,,,,,
public,query-builder,com.datastax.oss.driver.api.querybuilder,QueryBuilder,"add(Term, Term)",method,0,0,1,T1,host-side,,,,,
public,query-builder,com.datastax.oss.driver.api.querybuilder,QueryBuilder,"subtract(Term, Term)",method,0,0,1,T1,host-side,,,,,
public,query-builder,com.datastax.oss.driver.api.querybuilder,QueryBuilder,"multiply(Term, Term)",method,0,0,1,T1,host-side,,,,,
public,query-builder,com.datastax.oss.driver.api.querybuilder,QueryBuilder,"divide(Term, Term)",method,0,0,1,T1,host-side,,,,,
public,query-builder,com.datastax.oss.driver.api.querybuilder,QueryBuilder,"remainder(Term, Term)",method,0,0,1,T1,host-side,,,,,
public,query-builder,com.datastax.oss.driver.api.querybuilder,QueryBuilder,negate(Term),method,0,0,1,T1,host-side,,,,,
public,query-builder,com.datastax.oss.driver.api.querybuilder,QueryBuilder,"function(CqlIdentifier, Iterable)",method,0,0,1,T1,host-side,,,,,
public,query-builder,com.datastax.oss.driver.api.querybuilder,QueryBuilder,"function(CqlIdentifier, Term...)",method,0,0,1,T1,host-side,,,,,
public,query-builder,com.datastax.oss.driver.api.querybuilder,QueryBuilder,"function(String, Iterable)",method,0,0,1,T1,host-side,,,,,
public,query-builder,com.datastax.oss.driver.api.querybuilder,QueryBuilder,"function(String, Term...)",method,0,0,1,T1,host-side,,,,,
public,query-builder,com.datastax.oss.driver.api.querybuilder,QueryBuilder,"function(CqlIdentifier, CqlIdentifier, Iterable)",method,0,0,1,T1,host-side,,,,,
public,query-builder,com.datastax.oss.driver.api.querybuilder,QueryBuilder,"function(CqlIdentifier, CqlIdentifier, Term...)",method,0,0,1,T1,host-side,,,,,
public,query-builder,com.datastax.oss.driver.api.querybuilder,QueryBuilder,"function(String, String, Iterable)",method,0,0,1,T1,host-side,,,,,
public,query-builder,com.datastax.oss.driver.api.querybuilder,QueryBuilder,"function(String, String, Term...)",method,0,0,1,T1,host-side,,,,,
public,query-builder,com.datastax.oss.driver.api.querybuilder,QueryBuilder,"typeHint(Term, DataType)",method,0,0,1,T1,host-side,,,,,
public,query-builder,com.datastax.oss.driver.api.querybuilder,QueryBuilder,now(),method,0,0,1,T1,host-side,,,,,
public,query-builder,com.datastax.oss.driver.api.querybuilder,QueryBuilder,currentTimestamp(),method,0,0,1,T1,host-side,,,,,
public,query-builder,com.datastax.oss.driver.api.querybuilder,QueryBuilder,currentDate(),method,0,0,1,T1,host-side,,,,,
public,query-builder,com.datastax.oss.driver.api.querybuilder,QueryBuilder,currentTime(),method,0,0,1,T1,host-side,,,,,
public,query-builder,com.datastax.oss.driver.api.querybuilder,QueryBuilder,currentTimeUuid(),method,0,0,1,T1,host-side,,,,,
public,query-builder,com.datastax.oss.driver.api.querybuilder,QueryBuilder,minTimeUuid(Term),method,0,0,1,T1,host-side,,,,,
public,query-builder,com.datastax.oss.driver.api.querybuilder,QueryBuilder,maxTimeUuid(Term),method,0,0,1,T1,host-side,,,,,
public,query-builder,com.datastax.oss.driver.api.querybuilder,QueryBuilder,toDate(Term),method,0,0,1,T1,host-side,,,,,
public,query-builder,com.datastax.oss.driver.api.querybuilder,QueryBuilder,toTimestamp(Term),method,0,0,1,T1,host-side,,,,,
public,query-builder,com.datastax.oss.driver.api.querybuilder,QueryBuilder,toUnixTimestamp(Term),method,0,0,1,T1,host-side,,,,,
public,query-builder,com.datastax.oss.driver.api.querybuilder,QueryBuilder,literal(Object),method,0,0,1,T1,host-side,,,,,
public,query-builder,com.datastax.oss.driver.api.querybuilder,QueryBuilder,"literal(Object, CodecRegistry)",method,0,0,1,T1,host-side,,,,,
public,query-builder,com.datastax.oss.driver.api.querybuilder,QueryBuilder,"literal(T, TypeCodec)",method,0,0,1,T1,host-side,,,,,
public,query-builder,com.datastax.oss.driver.api.querybuilder,QueryBuilder,raw(String),method,0,0,1,T1,host-side,,,,,
public,query-builder,com.datastax.oss.driver.api.querybuilder,QueryBuilder,bindMarker(),method,0,0,1,T1,host-side,,,,,
public,query-builder,com.datastax.oss.driver.api.querybuilder,QueryBuilder,bindMarker(CqlIdentifier),method,0,0,1,T1,host-side,,,,,
public,query-builder,com.datastax.oss.driver.api.querybuilder,QueryBuilder,bindMarker(String),method,0,0,1,T1,host-side,,,,,
public,query-builder,com.datastax.oss.driver.api.querybuilder,QueryBuilder,udt(CqlIdentifier),method,0,0,1,T1,host-side,,,,,
public,query-builder,com.datastax.oss.driver.api.querybuilder,QueryBuilder,udt(String),method,0,0,1,T1,host-side,,,,,
public,query-builder,com.datastax.oss.driver.api.querybuilder,QueryBuilder,truncate(CqlIdentifier),method,0,0,1,T1,host-side,,,,,
public,query-builder,com.datastax.oss.driver.api.querybuilder,QueryBuilder,truncate(String),method,0,0,1,T1,host-side,,,,,
public,query-builder,com.datastax.oss.driver.api.querybuilder,QueryBuilder,"truncate(CqlIdentifier, CqlIdentifier)",method,0,0,1,T1,host-side,,,,,
public,query-builder,com.datastax.oss.driver.api.querybuilder,QueryBuilder,"truncate(String, String)",method,0,0,1,T1,host-side,,,,,
public,query-builder,com.datastax.oss.driver.api.querybuilder,Raw,"(interface, no declared members)",type,0,0,1,T1,host-side,,,,,
public,query-builder,com.datastax.oss.driver.api.querybuilder,SchemaBuilder,SchemaBuilder(),constructor,0,0,1,T1,host-side,,,,,
public,query-builder,com.datastax.oss.driver.api.querybuilder,SchemaBuilder,createKeyspace(CqlIdentifier),method,0,0,1,T1,host-side,,,,,
public,query-builder,com.datastax.oss.driver.api.querybuilder,SchemaBuilder,createKeyspace(String),method,0,0,1,T1,host-side,,,,,
public,query-builder,com.datastax.oss.driver.api.querybuilder,SchemaBuilder,alterKeyspace(CqlIdentifier),method,0,0,1,T1,host-side,,,,,
public,query-builder,com.datastax.oss.driver.api.querybuilder,SchemaBuilder,alterKeyspace(String),method,0,0,1,T1,host-side,,,,,
public,query-builder,com.datastax.oss.driver.api.querybuilder,SchemaBuilder,dropKeyspace(CqlIdentifier),method,0,0,1,T1,host-side,,,,,
public,query-builder,com.datastax.oss.driver.api.querybuilder,SchemaBuilder,dropKeyspace(String),method,0,0,1,T1,host-side,,,,,
public,query-builder,com.datastax.oss.driver.api.querybuilder,SchemaBuilder,createTable(CqlIdentifier),method,0,0,1,T1,host-side,,,,,
public,query-builder,com.datastax.oss.driver.api.querybuilder,SchemaBuilder,"createTable(CqlIdentifier, CqlIdentifier)",method,0,0,1,T1,host-side,,,,,
public,query-builder,com.datastax.oss.driver.api.querybuilder,SchemaBuilder,createTable(String),method,0,0,1,T1,host-side,,,,,
public,query-builder,com.datastax.oss.driver.api.querybuilder,SchemaBuilder,"createTable(String, String)",method,0,0,1,T1,host-side,,,,,
public,query-builder,com.datastax.oss.driver.api.querybuilder,SchemaBuilder,alterTable(CqlIdentifier),method,0,0,1,T1,host-side,,,,,
public,query-builder,com.datastax.oss.driver.api.querybuilder,SchemaBuilder,"alterTable(CqlIdentifier, CqlIdentifier)",method,0,0,1,T1,host-side,,,,,
public,query-builder,com.datastax.oss.driver.api.querybuilder,SchemaBuilder,alterTable(String),method,0,0,1,T1,host-side,,,,,
public,query-builder,com.datastax.oss.driver.api.querybuilder,SchemaBuilder,"alterTable(String, String)",method,0,0,1,T1,host-side,,,,,
public,query-builder,com.datastax.oss.driver.api.querybuilder,SchemaBuilder,dropTable(CqlIdentifier),method,0,0,1,T1,host-side,,,,,
public,query-builder,com.datastax.oss.driver.api.querybuilder,SchemaBuilder,dropTable(String),method,0,0,1,T1,host-side,,,,,
public,query-builder,com.datastax.oss.driver.api.querybuilder,SchemaBuilder,"dropTable(CqlIdentifier, CqlIdentifier)",method,0,0,1,T1,host-side,,,,,
public,query-builder,com.datastax.oss.driver.api.querybuilder,SchemaBuilder,"dropTable(String, String)",method,0,0,1,T1,host-side,,,,,
public,query-builder,com.datastax.oss.driver.api.querybuilder,SchemaBuilder,createMaterializedView(CqlIdentifier),method,0,0,1,T1,host-side,,,,,
public,query-builder,com.datastax.oss.driver.api.querybuilder,SchemaBuilder,"createMaterializedView(CqlIdentifier, CqlIdentifier)",method,0,0,1,T1,host-side,,,,,
public,query-builder,com.datastax.oss.driver.api.querybuilder,SchemaBuilder,createMaterializedView(String),method,0,0,1,T1,host-side,,,,,
public,query-builder,com.datastax.oss.driver.api.querybuilder,SchemaBuilder,"createMaterializedView(String, String)",method,0,0,1,T1,host-side,,,,,
public,query-builder,com.datastax.oss.driver.api.querybuilder,SchemaBuilder,alterMaterializedView(CqlIdentifier),method,0,0,1,T1,host-side,,,,,
public,query-builder,com.datastax.oss.driver.api.querybuilder,SchemaBuilder,"alterMaterializedView(CqlIdentifier, CqlIdentifier)",method,0,0,1,T1,host-side,,,,,
public,query-builder,com.datastax.oss.driver.api.querybuilder,SchemaBuilder,alterMaterializedView(String),method,0,0,1,T1,host-side,,,,,
public,query-builder,com.datastax.oss.driver.api.querybuilder,SchemaBuilder,"alterMaterializedView(String, String)",method,0,0,1,T1,host-side,,,,,
public,query-builder,com.datastax.oss.driver.api.querybuilder,SchemaBuilder,dropMaterializedView(CqlIdentifier),method,0,0,1,T1,host-side,,,,,
public,query-builder,com.datastax.oss.driver.api.querybuilder,SchemaBuilder,dropMaterializedView(String),method,0,0,1,T1,host-side,,,,,
public,query-builder,com.datastax.oss.driver.api.querybuilder,SchemaBuilder,"dropMaterializedView(CqlIdentifier, CqlIdentifier)",method,0,0,1,T1,host-side,,,,,
public,query-builder,com.datastax.oss.driver.api.querybuilder,SchemaBuilder,"dropMaterializedView(String, String)",method,0,0,1,T1,host-side,,,,,
public,query-builder,com.datastax.oss.driver.api.querybuilder,SchemaBuilder,createType(CqlIdentifier),method,0,0,1,T1,host-side,,,,,
public,query-builder,com.datastax.oss.driver.api.querybuilder,SchemaBuilder,"createType(CqlIdentifier, CqlIdentifier)",method,0,0,1,T1,host-side,,,,,
public,query-builder,com.datastax.oss.driver.api.querybuilder,SchemaBuilder,createType(String),method,0,0,1,T1,host-side,,,,,
public,query-builder,com.datastax.oss.driver.api.querybuilder,SchemaBuilder,"createType(String, String)",method,0,0,1,T1,host-side,,,,,
public,query-builder,com.datastax.oss.driver.api.querybuilder,SchemaBuilder,alterType(CqlIdentifier),method,0,0,1,T1,host-side,,,,,
public,query-builder,com.datastax.oss.driver.api.querybuilder,SchemaBuilder,"alterType(CqlIdentifier, CqlIdentifier)",method,0,0,1,T1,host-side,,,,,
public,query-builder,com.datastax.oss.driver.api.querybuilder,SchemaBuilder,alterType(String),method,0,0,1,T1,host-side,,,,,
public,query-builder,com.datastax.oss.driver.api.querybuilder,SchemaBuilder,"alterType(String, String)",method,0,0,1,T1,host-side,,,,,
public,query-builder,com.datastax.oss.driver.api.querybuilder,SchemaBuilder,dropType(CqlIdentifier),method,0,0,1,T1,host-side,,,,,
public,query-builder,com.datastax.oss.driver.api.querybuilder,SchemaBuilder,dropType(String),method,0,0,1,T1,host-side,,,,,
public,query-builder,com.datastax.oss.driver.api.querybuilder,SchemaBuilder,"dropType(CqlIdentifier, CqlIdentifier)",method,0,0,1,T1,host-side,,,,,
public,query-builder,com.datastax.oss.driver.api.querybuilder,SchemaBuilder,"dropType(String, String)",method,0,0,1,T1,host-side,,,,,
public,query-builder,com.datastax.oss.driver.api.querybuilder,SchemaBuilder,createIndex(),method,0,0,1,T1,host-side,,,,,
public,query-builder,com.datastax.oss.driver.api.querybuilder,SchemaBuilder,createIndex(CqlIdentifier),method,0,0,1,T1,host-side,,,,,
public,query-builder,com.datastax.oss.driver.api.querybuilder,SchemaBuilder,createIndex(String),method,0,0,1,T1,host-side,,,,,
public,query-builder,com.datastax.oss.driver.api.querybuilder,SchemaBuilder,dropIndex(CqlIdentifier),method,0,0,1,T1,host-side,,,,,
public,query-builder,com.datastax.oss.driver.api.querybuilder,SchemaBuilder,dropIndex(String),method,0,0,1,T1,host-side,,,,,
public,query-builder,com.datastax.oss.driver.api.querybuilder,SchemaBuilder,"dropIndex(CqlIdentifier, CqlIdentifier)",method,0,0,1,T1,host-side,,,,,
public,query-builder,com.datastax.oss.driver.api.querybuilder,SchemaBuilder,"dropIndex(String, String)",method,0,0,1,T1,host-side,,,,,
public,query-builder,com.datastax.oss.driver.api.querybuilder,SchemaBuilder,createFunction(CqlIdentifier),method,0,0,1,T1,host-side,,,,,
public,query-builder,com.datastax.oss.driver.api.querybuilder,SchemaBuilder,"createFunction(CqlIdentifier, CqlIdentifier)",method,0,0,1,T1,host-side,,,,,
public,query-builder,com.datastax.oss.driver.api.querybuilder,SchemaBuilder,createFunction(String),method,0,0,1,T1,host-side,,,,,
public,query-builder,com.datastax.oss.driver.api.querybuilder,SchemaBuilder,"createFunction(String, String)",method,0,0,1,T1,host-side,,,,,
public,query-builder,com.datastax.oss.driver.api.querybuilder,SchemaBuilder,dropFunction(CqlIdentifier),method,0,0,1,T1,host-side,,,,,
public,query-builder,com.datastax.oss.driver.api.querybuilder,SchemaBuilder,"dropFunction(CqlIdentifier, CqlIdentifier)",method,0,0,1,T1,host-side,,,,,
public,query-builder,com.datastax.oss.driver.api.querybuilder,SchemaBuilder,dropFunction(String),method,0,0,1,T1,host-side,,,,,
public,query-builder,com.datastax.oss.driver.api.querybuilder,SchemaBuilder,"dropFunction(String, String)",method,0,0,1,T1,host-side,,,,,
public,query-builder,com.datastax.oss.driver.api.querybuilder,SchemaBuilder,createAggregate(CqlIdentifier),method,0,0,1,T1,host-side,,,,,
public,query-builder,com.datastax.oss.driver.api.querybuilder,SchemaBuilder,"createAggregate(CqlIdentifier, CqlIdentifier)",method,0,0,1,T1,host-side,,,,,
public,query-builder,com.datastax.oss.driver.api.querybuilder,SchemaBuilder,createAggregate(String),method,0,0,1,T1,host-side,,,,,
public,query-builder,com.datastax.oss.driver.api.querybuilder,SchemaBuilder,"createAggregate(String, String)",method,0,0,1,T1,host-side,,,,,
public,query-builder,com.datastax.oss.driver.api.querybuilder,SchemaBuilder,dropAggregate(CqlIdentifier),method,0,0,1,T1,host-side,,,,,
public,query-builder,com.datastax.oss.driver.api.querybuilder,SchemaBuilder,"dropAggregate(CqlIdentifier, CqlIdentifier)",method,0,0,1,T1,host-side,,,,,
public,query-builder,com.datastax.oss.driver.api.querybuilder,SchemaBuilder,dropAggregate(String),method,0,0,1,T1,host-side,,,,,
public,query-builder,com.datastax.oss.driver.api.querybuilder,SchemaBuilder,"dropAggregate(String, String)",method,0,0,1,T1,host-side,,,,,
public,query-builder,com.datastax.oss.driver.api.querybuilder,SchemaBuilder,sizeTieredCompactionStrategy(),method,0,0,1,T1,host-side,,,,,
public,query-builder,com.datastax.oss.driver.api.querybuilder,SchemaBuilder,leveledCompactionStrategy(),method,0,0,1,T1,host-side,,,,,
public,query-builder,com.datastax.oss.driver.api.querybuilder,SchemaBuilder,timeWindowCompactionStrategy(),method,0,0,1,T1,host-side,,,,,
public,query-builder,com.datastax.oss.driver.api.querybuilder,SchemaBuilder,"udt(CqlIdentifier, boolean)",method,0,0,1,T1,host-side,,,,,
public,query-builder,com.datastax.oss.driver.api.querybuilder,SchemaBuilder,"udt(String, boolean)",method,0,0,1,T1,host-side,,,,,
public,query-builder,com.datastax.oss.driver.api.querybuilder,SchemaBuilder.RowsPerPartition,ALL,field,0,0,1,T1,host-side,,,,,
public,query-builder,com.datastax.oss.driver.api.querybuilder,SchemaBuilder.RowsPerPartition,NONE,field,0,0,1,T1,host-side,,,,,
public,query-builder,com.datastax.oss.driver.api.querybuilder,SchemaBuilder.RowsPerPartition,rows(int),method,0,0,1,T1,host-side,,,,,
public,query-builder,com.datastax.oss.driver.api.querybuilder,SchemaBuilder.RowsPerPartition,getValue(),method,0,0,1,T1,host-side,,,,,
public,query-builder,com.datastax.oss.driver.api.querybuilder.condition,Condition,column(CqlIdentifier),method,0,0,1,T1,host-side,,,,,
public,query-builder,com.datastax.oss.driver.api.querybuilder.condition,Condition,column(String),method,0,0,1,T1,host-side,,,,,
public,query-builder,com.datastax.oss.driver.api.querybuilder.condition,Condition,"field(CqlIdentifier, CqlIdentifier)",method,0,0,1,T1,host-side,,,,,
public,query-builder,com.datastax.oss.driver.api.querybuilder.condition,Condition,"field(String, String)",method,0,0,1,T1,host-side,,,,,
public,query-builder,com.datastax.oss.driver.api.querybuilder.condition,Condition,"element(CqlIdentifier, Term)",method,0,0,1,T1,host-side,,,,,
public,query-builder,com.datastax.oss.driver.api.querybuilder.condition,Condition,"element(String, Term)",method,0,0,1,T1,host-side,,,,,
public,query-builder,com.datastax.oss.driver.api.querybuilder.condition,ConditionBuilder,"(interface, no declared members)",type,0,0,1,T1,host-side,,,,,
public,query-builder,com.datastax.oss.driver.api.querybuilder.condition,ConditionalStatement,ifExists(),method,0,0,1,T1,host-side,,,,,
public,query-builder,com.datastax.oss.driver.api.querybuilder.condition,ConditionalStatement,if_(Condition),method,0,0,1,T1,host-side,,,,,
public,query-builder,com.datastax.oss.driver.api.querybuilder.condition,ConditionalStatement,if_(Iterable),method,0,0,1,T1,host-side,,,,,
public,query-builder,com.datastax.oss.driver.api.querybuilder.condition,ConditionalStatement,if_(Condition...),method,0,0,1,T1,host-side,,,,,
public,query-builder,com.datastax.oss.driver.api.querybuilder.condition,ConditionalStatement,ifColumn(CqlIdentifier),method,0,0,1,T1,host-side,,,,,
public,query-builder,com.datastax.oss.driver.api.querybuilder.condition,ConditionalStatement,ifColumn(String),method,0,0,1,T1,host-side,,,,,
public,query-builder,com.datastax.oss.driver.api.querybuilder.condition,ConditionalStatement,"ifField(CqlIdentifier, CqlIdentifier)",method,0,0,1,T1,host-side,,,,,
public,query-builder,com.datastax.oss.driver.api.querybuilder.condition,ConditionalStatement,"ifField(String, String)",method,0,0,1,T1,host-side,,,,,
public,query-builder,com.datastax.oss.driver.api.querybuilder.condition,ConditionalStatement,"ifElement(CqlIdentifier, Term)",method,0,0,1,T1,host-side,,,,,
public,query-builder,com.datastax.oss.driver.api.querybuilder.condition,ConditionalStatement,"ifElement(String, Term)",method,0,0,1,T1,host-side,,,,,
public,query-builder,com.datastax.oss.driver.api.querybuilder.condition,ConditionalStatement,ifRaw(String),method,0,0,1,T1,host-side,,,,,
public,query-builder,com.datastax.oss.driver.api.querybuilder.delete,Delete,"(interface, no declared members)",type,0,0,1,T1,host-side,,,,,
public,query-builder,com.datastax.oss.driver.api.querybuilder.delete,DeleteSelection,selector(Selector),method,0,0,1,T1,host-side,,,,,
public,query-builder,com.datastax.oss.driver.api.querybuilder.delete,DeleteSelection,selectors(Iterable),method,0,0,1,T1,host-side,,,,,
public,query-builder,com.datastax.oss.driver.api.querybuilder.delete,DeleteSelection,selectors(Selector...),method,0,0,1,T1,host-side,,,,,
public,query-builder,com.datastax.oss.driver.api.querybuilder.delete,DeleteSelection,column(CqlIdentifier),method,0,0,1,T1,host-side,,,,,
public,query-builder,com.datastax.oss.driver.api.querybuilder.delete,DeleteSelection,column(String),method,0,0,1,T1,host-side,,,,,
public,query-builder,com.datastax.oss.driver.api.querybuilder.delete,DeleteSelection,"field(CqlIdentifier, CqlIdentifier)",method,0,0,1,T1,host-side,,,,,
public,query-builder,com.datastax.oss.driver.api.querybuilder.delete,DeleteSelection,"field(String, String)",method,0,0,1,T1,host-side,,,,,
public,query-builder,com.datastax.oss.driver.api.querybuilder.delete,DeleteSelection,"element(CqlIdentifier, Term)",method,0,0,1,T1,host-side,,,,,
public,query-builder,com.datastax.oss.driver.api.querybuilder.delete,DeleteSelection,"element(String, Term)",method,0,0,1,T1,host-side,,,,,
public,query-builder,com.datastax.oss.driver.api.querybuilder.delete,DeleteSelection,raw(String),method,0,0,1,T1,host-side,,,,,
public,query-builder,com.datastax.oss.driver.api.querybuilder.delete,DeleteSelection,usingTimestamp(long),method,0,0,1,T1,host-side,,,,,
public,query-builder,com.datastax.oss.driver.api.querybuilder.delete,DeleteSelection,usingTimestamp(BindMarker),method,0,0,1,T1,host-side,,,,,
public,query-builder,com.datastax.oss.driver.api.querybuilder.insert,Insert,ifNotExists(),method,0,0,1,T1,host-side,,,,,
public,query-builder,com.datastax.oss.driver.api.querybuilder.insert,Insert,usingTimestamp(long),method,0,0,1,T1,host-side,,,,,
public,query-builder,com.datastax.oss.driver.api.querybuilder.insert,Insert,usingTimestamp(BindMarker),method,0,0,1,T1,host-side,,,,,
public,query-builder,com.datastax.oss.driver.api.querybuilder.insert,Insert,usingTtl(int),method,0,0,1,T1,host-side,,,,,
public,query-builder,com.datastax.oss.driver.api.querybuilder.insert,Insert,usingTtl(BindMarker),method,0,0,1,T1,host-side,,,,,
public,query-builder,com.datastax.oss.driver.api.querybuilder.insert,Insert,usingTimeout(CqlDuration),method,0,0,1,T1,host-side,,,,,
public,query-builder,com.datastax.oss.driver.api.querybuilder.insert,Insert,usingTimeout(BindMarker),method,0,0,1,T1,host-side,,,,,
public,query-builder,com.datastax.oss.driver.api.querybuilder.insert,InsertInto,json(String),method,0,0,1,T1,host-side,,,,,
public,query-builder,com.datastax.oss.driver.api.querybuilder.insert,InsertInto,json(BindMarker),method,0,0,1,T1,host-side,,,,,
public,query-builder,com.datastax.oss.driver.api.querybuilder.insert,InsertInto,"json(Object, CodecRegistry)",method,0,0,1,T1,host-side,,,,,
public,query-builder,com.datastax.oss.driver.api.querybuilder.insert,InsertInto,"json(T, TypeCodec)",method,0,0,1,T1,host-side,,,,,
public,query-builder,com.datastax.oss.driver.api.querybuilder.insert,JsonInsert,defaultNull(),method,0,0,1,T1,host-side,,,,,
public,query-builder,com.datastax.oss.driver.api.querybuilder.insert,JsonInsert,defaultUnset(),method,0,0,1,T1,host-side,,,,,
public,query-builder,com.datastax.oss.driver.api.querybuilder.insert,OngoingValues,"value(CqlIdentifier, Term)",method,0,0,1,T1,host-side,,,,,
public,query-builder,com.datastax.oss.driver.api.querybuilder.insert,OngoingValues,"value(String, Term)",method,0,0,1,T1,host-side,,,,,
public,query-builder,com.datastax.oss.driver.api.querybuilder.insert,OngoingValues,valuesByIds(Map),method,0,0,1,T1,host-side,,,,,
public,query-builder,com.datastax.oss.driver.api.querybuilder.insert,OngoingValues,values(Map),method,0,0,1,T1,host-side,,,,,
public,query-builder,com.datastax.oss.driver.api.querybuilder.insert,RegularInsert,"(interface, no declared members)",type,0,0,1,T1,host-side,,,,,
public,query-builder,com.datastax.oss.driver.api.querybuilder.relation,ArithmeticRelationBuilder,isEqualTo(Term),method,0,0,1,T1,host-side,,,,,
public,query-builder,com.datastax.oss.driver.api.querybuilder.relation,ArithmeticRelationBuilder,isLessThan(Term),method,0,0,1,T1,host-side,,,,,
public,query-builder,com.datastax.oss.driver.api.querybuilder.relation,ArithmeticRelationBuilder,isLessThanOrEqualTo(Term),method,0,0,1,T1,host-side,,,,,
public,query-builder,com.datastax.oss.driver.api.querybuilder.relation,ArithmeticRelationBuilder,isGreaterThan(Term),method,0,0,1,T1,host-side,,,,,
public,query-builder,com.datastax.oss.driver.api.querybuilder.relation,ArithmeticRelationBuilder,isGreaterThanOrEqualTo(Term),method,0,0,1,T1,host-side,,,,,
public,query-builder,com.datastax.oss.driver.api.querybuilder.relation,ArithmeticRelationBuilder,isNotEqualTo(Term),method,0,0,1,T1,host-side,,,,,
public,query-builder,com.datastax.oss.driver.api.querybuilder.relation,ArithmeticRelationBuilder,"build(String, Term)",method,0,0,1,T1,host-side,,,,,
public,query-builder,com.datastax.oss.driver.api.querybuilder.relation,ColumnComponentRelationBuilder,"(interface, no declared members)",type,0,0,1,T1,host-side,,,,,
public,query-builder,com.datastax.oss.driver.api.querybuilder.relation,ColumnRelationBuilder,like(Term),method,0,0,1,T1,host-side,,,,,
public,query-builder,com.datastax.oss.driver.api.querybuilder.relation,ColumnRelationBuilder,isNotNull(),method,0,0,1,T1,host-side,,,,,
public,query-builder,com.datastax.oss.driver.api.querybuilder.relation,ColumnRelationBuilder,contains(Term),method,0,0,1,T1,host-side,,,,,
public,query-builder,com.datastax.oss.driver.api.querybuilder.relation,ColumnRelationBuilder,containsKey(Term),method,0,0,1,T1,host-side,,,,,
public,query-builder,com.datastax.oss.driver.api.querybuilder.relation,ColumnRelationBuilder,notContains(Term),method,0,0,1,T1,host-side,,,,,
public,query-builder,com.datastax.oss.driver.api.querybuilder.relation,ColumnRelationBuilder,notContainsKey(Term),method,0,0,1,T1,host-side,,,,,
public,query-builder,com.datastax.oss.driver.api.querybuilder.relation,InRelationBuilder,in(BindMarker),method,0,0,1,T1,host-side,,,,,
public,query-builder,com.datastax.oss.driver.api.querybuilder.relation,InRelationBuilder,in(Iterable),method,0,0,1,T1,host-side,,,,,
public,query-builder,com.datastax.oss.driver.api.querybuilder.relation,InRelationBuilder,in(Term...),method,0,0,1,T1,host-side,,,,,
public,query-builder,com.datastax.oss.driver.api.querybuilder.relation,InRelationBuilder,notIn(BindMarker),method,0,0,1,T1,host-side,,,,,
public,query-builder,com.datastax.oss.driver.api.querybuilder.relation,InRelationBuilder,notIn(Iterable),method,0,0,1,T1,host-side,,,,,
public,query-builder,com.datastax.oss.driver.api.querybuilder.relation,InRelationBuilder,notIn(Term...),method,0,0,1,T1,host-side,,,,,
public,query-builder,com.datastax.oss.driver.api.querybuilder.relation,InRelationBuilder,"build(String, Term)",method,0,0,1,T1,host-side,,,,,
public,query-builder,com.datastax.oss.driver.api.querybuilder.relation,MultiColumnRelationBuilder,"(interface, no declared members)",type,0,0,1,T1,host-side,,,,,
public,query-builder,com.datastax.oss.driver.api.querybuilder.relation,OngoingWhereClause,where(Relation),method,0,0,1,T1,host-side,,,,,
public,query-builder,com.datastax.oss.driver.api.querybuilder.relation,OngoingWhereClause,where(Iterable),method,0,0,1,T1,host-side,,,,,
public,query-builder,com.datastax.oss.driver.api.querybuilder.relation,OngoingWhereClause,where(Relation...),method,0,0,1,T1,host-side,,,,,
public,query-builder,com.datastax.oss.driver.api.querybuilder.relation,OngoingWhereClause,whereColumn(CqlIdentifier),method,0,0,1,T1,host-side,,,,,
public,query-builder,com.datastax.oss.driver.api.querybuilder.relation,OngoingWhereClause,whereColumn(String),method,0,0,1,T1,host-side,,,,,
public,query-builder,com.datastax.oss.driver.api.querybuilder.relation,OngoingWhereClause,"whereMapValue(CqlIdentifier, Term)",method,0,0,1,T1,host-side,,,,,
public,query-builder,com.datastax.oss.driver.api.querybuilder.relation,OngoingWhereClause,"whereMapValue(String, Term)",method,0,0,1,T1,host-side,,,,,
public,query-builder,com.datastax.oss.driver.api.querybuilder.relation,OngoingWhereClause,whereTokenFromIds(Iterable),method,0,0,1,T1,host-side,,,,,
public,query-builder,com.datastax.oss.driver.api.querybuilder.relation,OngoingWhereClause,whereToken(CqlIdentifier...),method,0,0,1,T1,host-side,,,,,
public,query-builder,com.datastax.oss.driver.api.querybuilder.relation,OngoingWhereClause,whereToken(Iterable),method,0,0,1,T1,host-side,,,,,
public,query-builder,com.datastax.oss.driver.api.querybuilder.relation,OngoingWhereClause,whereToken(String...),method,0,0,1,T1,host-side,,,,,
public,query-builder,com.datastax.oss.driver.api.querybuilder.relation,OngoingWhereClause,whereColumnIds(Iterable),method,0,0,1,T1,host-side,,,,,
public,query-builder,com.datastax.oss.driver.api.querybuilder.relation,OngoingWhereClause,whereColumns(CqlIdentifier...),method,0,0,1,T1,host-side,,,,,
public,query-builder,com.datastax.oss.driver.api.querybuilder.relation,OngoingWhereClause,whereColumns(Iterable),method,0,0,1,T1,host-side,,,,,
public,query-builder,com.datastax.oss.driver.api.querybuilder.relation,OngoingWhereClause,whereColumns(String...),method,0,0,1,T1,host-side,,,,,
public,query-builder,com.datastax.oss.driver.api.querybuilder.relation,OngoingWhereClause,"whereCustomIndex(CqlIdentifier, Term)",method,0,0,1,T1,host-side,,,,,
public,query-builder,com.datastax.oss.driver.api.querybuilder.relation,OngoingWhereClause,"whereCustomIndex(String, Term)",method,0,0,1,T1,host-side,,,,,
public,query-builder,com.datastax.oss.driver.api.querybuilder.relation,OngoingWhereClause,whereRaw(String),method,0,0,1,T1,host-side,,,,,
public,query-builder,com.datastax.oss.driver.api.querybuilder.relation,Relation,column(CqlIdentifier),method,0,0,1,T1,host-side,,,,,
public,query-builder,com.datastax.oss.driver.api.querybuilder.relation,Relation,column(String),method,0,0,1,T1,host-side,,,,,
public,query-builder,com.datastax.oss.driver.api.querybuilder.relation,Relation,"mapValue(CqlIdentifier, Term)",method,0,0,1,T1,host-side,,,,,
public,query-builder,com.datastax.oss.driver.api.querybuilder.relation,Relation,"mapValue(String, Term)",method,0,0,1,T1,host-side,,,,,
public,query-builder,com.datastax.oss.driver.api.querybuilder.relation,Relation,tokenFromIds(Iterable),method,0,0,1,T1,host-side,,,,,
public,query-builder,com.datastax.oss.driver.api.querybuilder.relation,Relation,token(CqlIdentifier...),method,0,0,1,T1,host-side,,,,,
public,query-builder,com.datastax.oss.driver.api.querybuilder.relation,Relation,token(Iterable),method,0,0,1,T1,host-side,,,,,
public,query-builder,com.datastax.oss.driver.api.querybuilder.relation,Relation,token(String...),method,0,0,1,T1,host-side,,,,,
public,query-builder,com.datastax.oss.driver.api.querybuilder.relation,Relation,columnIds(Iterable),method,0,0,1,T1,host-side,,,,,
public,query-builder,com.datastax.oss.driver.api.querybuilder.relation,Relation,columns(CqlIdentifier...),method,0,0,1,T1,host-side,,,,,
public,query-builder,com.datastax.oss.driver.api.querybuilder.relation,Relation,columns(Iterable),method,0,0,1,T1,host-side,,,,,
public,query-builder,com.datastax.oss.driver.api.querybuilder.relation,Relation,columns(String...),method,0,0,1,T1,host-side,,,,,
public,query-builder,com.datastax.oss.driver.api.querybuilder.relation,Relation,"customIndex(CqlIdentifier, Term)",method,0,0,1,T1,host-side,,,,,
public,query-builder,com.datastax.oss.driver.api.querybuilder.relation,Relation,"customIndex(String, Term)",method,0,0,1,T1,host-side,,,,,
public,query-builder,com.datastax.oss.driver.api.querybuilder.relation,Relation,isIdempotent(),method,0,0,1,T1,host-side,,,,,
public,query-builder,com.datastax.oss.driver.api.querybuilder.relation,TokenRelationBuilder,"(interface, no declared members)",type,0,0,1,T1,host-side,,,,,
public,query-builder,com.datastax.oss.driver.api.querybuilder.schema,AlterKeyspace,"(interface, no declared members)",type,0,0,1,T1,host-side,,,,,
public,query-builder,com.datastax.oss.driver.api.querybuilder.schema,AlterKeyspaceStart,"(interface, no declared members)",type,0,0,1,T1,host-side,,,,,
public,query-builder,com.datastax.oss.driver.api.querybuilder.schema,AlterMaterializedView,"(interface, no declared members)",type,0,0,1,T1,host-side,,,,,
public,query-builder,com.datastax.oss.driver.api.querybuilder.schema,AlterMaterializedViewStart,"(interface, no declared members)",type,0,0,1,T1,host-side,,,,,
public,query-builder,com.datastax.oss.driver.api.querybuilder.schema,AlterTableAddColumn,"addColumn(CqlIdentifier, DataType)",method,0,0,1,T1,host-side,,,,,
public,query-builder,com.datastax.oss.driver.api.querybuilder.schema,AlterTableAddColumn,"addColumn(String, DataType)",method,0,0,1,T1,host-side,,,,,
public,query-builder,com.datastax.oss.driver.api.querybuilder.schema,AlterTableAddColumn,"addStaticColumn(CqlIdentifier, DataType)",method,0,0,1,T1,host-side,,,,,
public,query-builder,com.datastax.oss.driver.api.querybuilder.schema,AlterTableAddColumn,"addStaticColumn(String, DataType)",method,0,0,1,T1,host-side,,,,,
public,query-builder,com.datastax.oss.driver.api.querybuilder.schema,AlterTableAddColumnEnd,"(interface, no declared members)",type,0,0,1,T1,host-side,,,,,
public,query-builder,com.datastax.oss.driver.api.querybuilder.schema,AlterTableDropColumn,dropColumns(CqlIdentifier...),method,0,0,1,T1,host-side,,,,,
public,query-builder,com.datastax.oss.driver.api.querybuilder.schema,AlterTableDropColumn,dropColumns(String...),method,0,0,1,T1,host-side,,,,,
public,query-builder,com.datastax.oss.driver.api.querybuilder.schema,AlterTableDropColumn,dropColumn(CqlIdentifier),method,0,0,1,T1,host-side,,,,,
public,query-builder,com.datastax.oss.driver.api.querybuilder.schema,AlterTableDropColumn,dropColumn(String),method,0,0,1,T1,host-side,,,,,
public,query-builder,com.datastax.oss.driver.api.querybuilder.schema,AlterTableDropColumnEnd,"(interface, no declared members)",type,0,0,1,T1,host-side,,,,,
public,query-builder,com.datastax.oss.driver.api.querybuilder.schema,AlterTableRenameColumn,"renameColumn(CqlIdentifier, CqlIdentifier)",method,0,0,1,T1,host-side,,,,,
public,query-builder,com.datastax.oss.driver.api.querybuilder.schema,AlterTableRenameColumn,"renameColumn(String, String)",method,0,0,1,T1,host-side,,,,,
public,query-builder,com.datastax.oss.driver.api.querybuilder.schema,AlterTableRenameColumnEnd,"(interface, no declared members)",type,0,0,1,T1,host-side,,,,,
public,query-builder,com.datastax.oss.driver.api.querybuilder.schema,AlterTableStart,dropCompactStorage(),method,0,0,1,T1,host-side,,,,,
public,query-builder,com.datastax.oss.driver.api.querybuilder.schema,AlterTableStart,"alterColumn(CqlIdentifier, DataType)",method,0,0,1,T1,host-side,,,,,
public,query-builder,com.datastax.oss.driver.api.querybuilder.schema,AlterTableStart,"alterColumn(String, DataType)",method,0,0,1,T1,host-side,,,,,
public,query-builder,com.datastax.oss.driver.api.querybuilder.schema,AlterTableWithOptions,"(interface, no declared members)",type,0,0,1,T1,host-side,,,,,
public,query-builder,com.datastax.oss.driver.api.querybuilder.schema,AlterTableWithOptionsEnd,"(interface, no declared members)",type,0,0,1,T1,host-side,,,,,
public,query-builder,com.datastax.oss.driver.api.querybuilder.schema,AlterTypeRenameField,"renameField(CqlIdentifier, CqlIdentifier)",method,0,0,1,T1,host-side,,,,,
public,query-builder,com.datastax.oss.driver.api.querybuilder.schema,AlterTypeRenameField,"renameField(String, String)",method,0,0,1,T1,host-side,,,,,
public,query-builder,com.datastax.oss.driver.api.querybuilder.schema,AlterTypeRenameFieldEnd,"(interface, no declared members)",type,0,0,1,T1,host-side,,,,,
public,query-builder,com.datastax.oss.driver.api.querybuilder.schema,AlterTypeStart,"alterField(CqlIdentifier, DataType)",method,0,0,1,T1,host-side,,,,,
public,query-builder,com.datastax.oss.driver.api.querybuilder.schema,AlterTypeStart,"alterField(String, DataType)",method,0,0,1,T1,host-side,,,,,
public,query-builder,com.datastax.oss.driver.api.querybuilder.schema,AlterTypeStart,"addField(CqlIdentifier, DataType)",method,0,0,1,T1,host-side,,,,,
public,query-builder,com.datastax.oss.driver.api.querybuilder.schema,AlterTypeStart,"addField(String, DataType)",method,0,0,1,T1,host-side,,,,,
public,query-builder,com.datastax.oss.driver.api.querybuilder.schema,CreateAggregateEnd,withInitCond(Term),method,0,0,1,T1,host-side,,,,,
public,query-builder,com.datastax.oss.driver.api.querybuilder.schema,CreateAggregateEnd,withFinalFunc(CqlIdentifier),method,0,0,1,T1,host-side,,,,,
public,query-builder,com.datastax.oss.driver.api.querybuilder.schema,CreateAggregateEnd,withFinalFunc(String),method,0,0,1,T1,host-side,,,,,
public,query-builder,com.datastax.oss.driver.api.querybuilder.schema,CreateAggregateStart,ifNotExists(),method,0,0,1,T1,host-side,,,,,
public,query-builder,com.datastax.oss.driver.api.querybuilder.schema,CreateAggregateStart,orReplace(),method,0,0,1,T1,host-side,,,,,
public,query-builder,com.datastax.oss.driver.api.querybuilder.schema,CreateAggregateStart,withParameter(DataType),method,0,0,1,T1,host-side,,,,,
public,query-builder,com.datastax.oss.driver.api.querybuilder.schema,CreateAggregateStart,withSFunc(CqlIdentifier),method,0,0,1,T1,host-side,,,,,
public,query-builder,com.datastax.oss.driver.api.querybuilder.schema,CreateAggregateStart,withSFunc(String),method,0,0,1,T1,host-side,,,,,
public,query-builder,com.datastax.oss.driver.api.querybuilder.schema,CreateAggregateStateFunc,withSType(DataType),method,0,0,1,T1,host-side,,,,,
public,query-builder,com.datastax.oss.driver.api.querybuilder.schema,CreateFunctionEnd,"(interface, no declared members)",type,0,0,1,T1,host-side,,,,,
public,query-builder,com.datastax.oss.driver.api.querybuilder.schema,CreateFunctionStart,ifNotExists(),method,0,0,1,T1,host-side,,,,,
public,query-builder,com.datastax.oss.driver.api.querybuilder.schema,CreateFunctionStart,orReplace(),method,0,0,1,T1,host-side,,,,,
public,query-builder,com.datastax.oss.driver.api.querybuilder.schema,CreateFunctionStart,"withParameter(CqlIdentifier, DataType)",method,0,0,1,T1,host-side,,,,,
public,query-builder,com.datastax.oss.driver.api.querybuilder.schema,CreateFunctionStart,"withParameter(String, DataType)",method,0,0,1,T1,host-side,,,,,
public,query-builder,com.datastax.oss.driver.api.querybuilder.schema,CreateFunctionStart,returnsNullOnNull(),method,0,0,1,T1,host-side,,,,,
public,query-builder,com.datastax.oss.driver.api.querybuilder.schema,CreateFunctionStart,calledOnNull(),method,0,0,1,T1,host-side,,,,,
public,query-builder,com.datastax.oss.driver.api.querybuilder.schema,CreateFunctionWithLanguage,as(String),method,0,0,1,T1,host-side,,,,,
public,query-builder,com.datastax.oss.driver.api.querybuilder.schema,CreateFunctionWithLanguage,asQuoted(String),method,0,0,1,T1,host-side,,,,,
public,query-builder,com.datastax.oss.driver.api.querybuilder.schema,CreateFunctionWithNullOption,returnsType(DataType),method,0,0,1,T1,host-side,,,,,
public,query-builder,com.datastax.oss.driver.api.querybuilder.schema,CreateFunctionWithType,withLanguage(String),method,0,0,1,T1,host-side,,,,,
public,query-builder,com.datastax.oss.driver.api.querybuilder.schema,CreateFunctionWithType,withJavaLanguage(),method,0,0,1,T1,host-side,,,,,
public,query-builder,com.datastax.oss.driver.api.querybuilder.schema,CreateFunctionWithType,withJavaScriptLanguage(),method,0,0,1,T1,host-side,,,,,
public,query-builder,com.datastax.oss.driver.api.querybuilder.schema,CreateIndex,withSASIOptions(Map),method,0,0,1,T1,host-side,,,,,
public,query-builder,com.datastax.oss.driver.api.querybuilder.schema,CreateIndexOnTable,andColumn(CqlIdentifier),method,0,0,1,T1,host-side,,,,,
public,query-builder,com.datastax.oss.driver.api.querybuilder.schema,CreateIndexOnTable,andColumn(String),method,0,0,1,T1,host-side,,,,,
public,query-builder,com.datastax.oss.driver.api.querybuilder.schema,CreateIndexOnTable,andColumnKeys(CqlIdentifier),method,0,0,1,T1,host-side,,,,,
public,query-builder,com.datastax.oss.driver.api.querybuilder.schema,CreateIndexOnTable,andColumnKeys(String),method,0,0,1,T1,host-side,,,,,
public,query-builder,com.datastax.oss.driver.api.querybuilder.schema,CreateIndexOnTable,andColumnValues(CqlIdentifier),method,0,0,1,T1,host-side,,,,,
public,query-builder,com.datastax.oss.driver.api.querybuilder.schema,CreateIndexOnTable,andColumnValues(String),method,0,0,1,T1,host-side,,,,,
public,query-builder,com.datastax.oss.driver.api.querybuilder.schema,CreateIndexOnTable,andColumnEntries(CqlIdentifier),method,0,0,1,T1,host-side,,,,,
public,query-builder,com.datastax.oss.driver.api.querybuilder.schema,CreateIndexOnTable,andColumnEntries(String),method,0,0,1,T1,host-side,,,,,
public,query-builder,com.datastax.oss.driver.api.querybuilder.schema,CreateIndexOnTable,andColumnFull(CqlIdentifier),method,0,0,1,T1,host-side,,,,,
public,query-builder,com.datastax.oss.driver.api.querybuilder.schema,CreateIndexOnTable,andColumnFull(String),method,0,0,1,T1,host-side,,,,,
public,query-builder,com.datastax.oss.driver.api.querybuilder.schema,CreateIndexOnTable,"andColumn(CqlIdentifier, String)",method,0,0,1,T1,host-side,,,,,
public,query-builder,com.datastax.oss.driver.api.querybuilder.schema,CreateIndexOnTable,"andColumn(String, String)",method,0,0,1,T1,host-side,,,,,
public,query-builder,com.datastax.oss.driver.api.querybuilder.schema,CreateIndexStart,ifNotExists(),method,0,0,1,T1,host-side,,,,,
public,query-builder,com.datastax.oss.driver.api.querybuilder.schema,CreateIndexStart,custom(String),method,0,0,1,T1,host-side,,,,,
public,query-builder,com.datastax.oss.driver.api.querybuilder.schema,CreateIndexStart,usingSASI(),method,0,0,1,T1,host-side,,,,,
public,query-builder,com.datastax.oss.driver.api.querybuilder.schema,CreateIndexStart,"onTable(CqlIdentifier, CqlIdentifier)",method,0,0,1,T1,host-side,,,,,
public,query-builder,com.datastax.oss.driver.api.querybuilder.schema,CreateIndexStart,onTable(CqlIdentifier),method,0,0,1,T1,host-side,,,,,
public,query-builder,com.datastax.oss.driver.api.querybuilder.schema,CreateIndexStart,"onTable(String, String)",method,0,0,1,T1,host-side,,,,,
public,query-builder,com.datastax.oss.driver.api.querybuilder.schema,CreateIndexStart,onTable(String),method,0,0,1,T1,host-side,,,,,
public,query-builder,com.datastax.oss.driver.api.querybuilder.schema,CreateKeyspace,"(interface, no declared members)",type,0,0,1,T1,host-side,,,,,
public,query-builder,com.datastax.oss.driver.api.querybuilder.schema,CreateKeyspaceStart,ifNotExists(),method,0,0,1,T1,host-side,,,,,
public,query-builder,com.datastax.oss.driver.api.querybuilder.schema,CreateMaterializedView,"(interface, no declared members)",type,0,0,1,T1,host-side,,,,,
public,query-builder,com.datastax.oss.driver.api.querybuilder.schema,CreateMaterializedViewPrimaryKey,withClusteringColumn(CqlIdentifier),method,0,0,1,T1,host-side,,,,,
public,query-builder,com.datastax.oss.driver.api.querybuilder.schema,CreateMaterializedViewPrimaryKey,withClusteringColumn(String),method,0,0,1,T1,host-side,,,,,
public,query-builder,com.datastax.oss.driver.api.querybuilder.schema,CreateMaterializedViewPrimaryKeyStart,withPartitionKey(CqlIdentifier),method,0,0,1,T1,host-side,,,,,
public,query-builder,com.datastax.oss.driver.api.querybuilder.schema,CreateMaterializedViewPrimaryKeyStart,withPartitionKey(String),method,0,0,1,T1,host-side,,,,,
public,query-builder,com.datastax.oss.driver.api.querybuilder.schema,CreateMaterializedViewSelection,all(),method,0,0,1,T1,host-side,,,,,
public,query-builder,com.datastax.oss.driver.api.querybuilder.schema,CreateMaterializedViewSelection,column(CqlIdentifier),method,0,0,1,T1,host-side,,,,,
public,query-builder,com.datastax.oss.driver.api.querybuilder.schema,CreateMaterializedViewSelection,column(String),method,0,0,1,T1,host-side,,,,,
public,query-builder,com.datastax.oss.driver.api.querybuilder.schema,CreateMaterializedViewSelection,columnsIds(Iterable),method,0,0,1,T1,host-side,,,,,
public,query-builder,com.datastax.oss.driver.api.querybuilder.schema,CreateMaterializedViewSelection,columns(CqlIdentifier...),method,0,0,1,T1,host-side,,,,,
public,query-builder,com.datastax.oss.driver.api.querybuilder.schema,CreateMaterializedViewSelection,columns(Iterable),method,0,0,1,T1,host-side,,,,,
public,query-builder,com.datastax.oss.driver.api.querybuilder.schema,CreateMaterializedViewSelection,columns(String...),method,0,0,1,T1,host-side,,,,,
public,query-builder,com.datastax.oss.driver.api.querybuilder.schema,CreateMaterializedViewSelectionWithColumns,"(interface, no declared members)",type,0,0,1,T1,host-side,,,,,
public,query-builder,com.datastax.oss.driver.api.querybuilder.schema,CreateMaterializedViewStart,ifNotExists(),method,0,0,1,T1,host-side,,,,,
public,query-builder,com.datastax.oss.driver.api.querybuilder.schema,CreateMaterializedViewStart,asSelectFrom(CqlIdentifier),method,0,0,1,T1,host-side,,,,,
public,query-builder,com.datastax.oss.driver.api.querybuilder.schema,CreateMaterializedViewStart,asSelectFrom(String),method,0,0,1,T1,host-side,,,,,
public,query-builder,com.datastax.oss.driver.api.querybuilder.schema,CreateMaterializedViewStart,"asSelectFrom(CqlIdentifier, CqlIdentifier)",method,0,0,1,T1,host-side,,,,,
public,query-builder,com.datastax.oss.driver.api.querybuilder.schema,CreateMaterializedViewStart,"asSelectFrom(String, String)",method,0,0,1,T1,host-side,,,,,
public,query-builder,com.datastax.oss.driver.api.querybuilder.schema,CreateMaterializedViewWhere,"(interface, no declared members)",type,0,0,1,T1,host-side,,,,,
public,query-builder,com.datastax.oss.driver.api.querybuilder.schema,CreateMaterializedViewWhereStart,"(interface, no declared members)",type,0,0,1,T1,host-side,,,,,
public,query-builder,com.datastax.oss.driver.api.querybuilder.schema,CreateTable,"withClusteringColumn(CqlIdentifier, DataType)",method,0,0,1,T1,host-side,,,,,
public,query-builder,com.datastax.oss.driver.api.querybuilder.schema,CreateTable,"withClusteringColumn(String, DataType)",method,0,0,1,T1,host-side,,,,,
public,query-builder,com.datastax.oss.driver.api.querybuilder.schema,CreateTable,"withColumn(CqlIdentifier, DataType)",method,0,0,1,T1,host-side,,,,,
public,query-builder,com.datastax.oss.driver.api.querybuilder.schema,CreateTable,"withColumn(String, DataType)",method,0,0,1,T1,host-side,,,,,
public,query-builder,com.datastax.oss.driver.api.querybuilder.schema,CreateTable,"withStaticColumn(CqlIdentifier, DataType)",method,0,0,1,T1,host-side,,,,,
public,query-builder,com.datastax.oss.driver.api.querybuilder.schema,CreateTable,"withStaticColumn(String, DataType)",method,0,0,1,T1,host-side,,,,,
public,query-builder,com.datastax.oss.driver.api.querybuilder.schema,CreateTableStart,ifNotExists(),method,0,0,1,T1,host-side,,,,,
public,query-builder,com.datastax.oss.driver.api.querybuilder.schema,CreateTableWithOptions,withCompactStorage(),method,0,0,1,T1,host-side,,,,,
public,query-builder,com.datastax.oss.driver.api.querybuilder.schema,CreateTableWithOptions,withExtensions(Map),method,0,0,1,T1,host-side,,,,,
public,query-builder,com.datastax.oss.driver.api.querybuilder.schema,CreateType,"(interface, no declared members)",type,0,0,1,T1,host-side,,,,,
public,query-builder,com.datastax.oss.driver.api.querybuilder.schema,CreateTypeStart,ifNotExists(),method,0,0,1,T1,host-side,,,,,
public,query-builder,com.datastax.oss.driver.api.querybuilder.schema,Drop,ifExists(),method,0,0,1,T1,host-side,,,,,
public,query-builder,com.datastax.oss.driver.api.querybuilder.schema,KeyspaceOptions,withDurableWrites(boolean),method,0,0,1,T1,host-side,,,,,
public,query-builder,com.datastax.oss.driver.api.querybuilder.schema,KeyspaceReplicationOptions,withSimpleStrategy(int),method,0,0,1,T1,host-side,,,,,
public,query-builder,com.datastax.oss.driver.api.querybuilder.schema,KeyspaceReplicationOptions,withNetworkTopologyStrategy(Map),method,0,0,1,T1,host-side,,,,,
public,query-builder,com.datastax.oss.driver.api.querybuilder.schema,KeyspaceReplicationOptions,withReplicationOptions(Map),method,0,0,1,T1,host-side,,,,,
public,query-builder,com.datastax.oss.driver.api.querybuilder.schema,OngoingCreateType,"withField(CqlIdentifier, DataType)",method,0,0,1,T1,host-side,,,,,
public,query-builder,com.datastax.oss.driver.api.querybuilder.schema,OngoingCreateType,"withField(String, DataType)",method,0,0,1,T1,host-side,,,,,
public,query-builder,com.datastax.oss.driver.api.querybuilder.schema,OngoingPartitionKey,"withPartitionKey(CqlIdentifier, DataType)",method,0,0,1,T1,host-side,,,,,
public,query-builder,com.datastax.oss.driver.api.querybuilder.schema,OngoingPartitionKey,"withPartitionKey(String, DataType)",method,0,0,1,T1,host-side,,,,,
public,query-builder,com.datastax.oss.driver.api.querybuilder.schema,OptionProvider,"withOption(String, Object)",method,0,0,1,T1,host-side,,,,,
public,query-builder,com.datastax.oss.driver.api.querybuilder.schema,OptionProvider,getOptions(),method,0,0,1,T1,host-side,,,,,
public,query-builder,com.datastax.oss.driver.api.querybuilder.schema,RelationOptions,withBloomFilterFpChance(double),method,0,0,1,T1,host-side,,,,,
public,query-builder,com.datastax.oss.driver.api.querybuilder.schema,RelationOptions,withCDC(boolean),method,0,0,1,T1,host-side,,,,,
public,query-builder,com.datastax.oss.driver.api.querybuilder.schema,RelationOptions,withCRCCheckChance(double),method,0,0,1,T1,host-side,,,,,
public,query-builder,com.datastax.oss.driver.api.querybuilder.schema,RelationOptions,"withCaching(boolean, RowsPerPartition)",method,0,0,1,T1,host-side,,,,,
public,query-builder,com.datastax.oss.driver.api.querybuilder.schema,RelationOptions,withComment(String),method,0,0,1,T1,host-side,,,,,
public,query-builder,com.datastax.oss.driver.api.querybuilder.schema,RelationOptions,withCompaction(CompactionStrategy),method,0,0,1,T1,host-side,,,,,
public,query-builder,com.datastax.oss.driver.api.querybuilder.schema,RelationOptions,"withLZ4Compression(int, double)",method,1,0,1,T1,host-side,,,,,
public,query-builder,com.datastax.oss.driver.api.querybuilder.schema,RelationOptions,withLZ4Compression(int),method,0,0,1,T1,host-side,,,,,
public,query-builder,com.datastax.oss.driver.api.querybuilder.schema,RelationOptions,withLZ4Compression(),method,0,0,1,T1,host-side,,,,,
public,query-builder,com.datastax.oss.driver.api.querybuilder.schema,RelationOptions,withZstdCompression(int),method,0,0,1,T1,host-side,,,,,
public,query-builder,com.datastax.oss.driver.api.querybuilder.schema,RelationOptions,withZstdCompression(),method,0,0,1,T1,host-side,,,,,
public,query-builder,com.datastax.oss.driver.api.querybuilder.schema,RelationOptions,"withSnappyCompression(int, double)",method,1,0,1,T1,host-side,,,,,
public,query-builder,com.datastax.oss.driver.api.querybuilder.schema,RelationOptions,withSnappyCompression(int),method,0,0,1,T1,host-side,,,,,
public,query-builder,com.datastax.oss.driver.api.querybuilder.schema,RelationOptions,withSnappyCompression(),method,0,0,1,T1,host-side,,,,,
public,query-builder,com.datastax.oss.driver.api.querybuilder.schema,RelationOptions,"withDeflateCompression(int, double)",method,1,0,1,T1,host-side,,,,,
public,query-builder,com.datastax.oss.driver.api.querybuilder.schema,RelationOptions,withDeflateCompression(int),method,0,0,1,T1,host-side,,,,,
public,query-builder,com.datastax.oss.driver.api.querybuilder.schema,RelationOptions,withDeflateCompression(),method,0,0,1,T1,host-side,,,,,
public,query-builder,com.datastax.oss.driver.api.querybuilder.schema,RelationOptions,withCompression(String),method,0,0,1,T1,host-side,,,,,
public,query-builder,com.datastax.oss.driver.api.querybuilder.schema,RelationOptions,"withCompression(String, int)",method,0,0,1,T1,host-side,,,,,
public,query-builder,com.datastax.oss.driver.api.querybuilder.schema,RelationOptions,"withCompression(String, int, double)",method,1,0,1,T1,host-side,,,,,
public,query-builder,com.datastax.oss.driver.api.querybuilder.schema,RelationOptions,withNoCompression(),method,0,0,1,T1,host-side,,,,,
public,query-builder,com.datastax.oss.driver.api.querybuilder.schema,RelationOptions,withDcLocalReadRepairChance(double),method,0,0,1,T1,host-side,,,,,
public,query-builder,com.datastax.oss.driver.api.querybuilder.schema,RelationOptions,withDefaultTimeToLiveSeconds(int),method,0,0,1,T1,host-side,,,,,
public,query-builder,com.datastax.oss.driver.api.querybuilder.schema,RelationOptions,withGcGraceSeconds(int),method,0,0,1,T1,host-side,,,,,
public,query-builder,com.datastax.oss.driver.api.querybuilder.schema,RelationOptions,withMemtableFlushPeriodInMs(int),method,0,0,1,T1,host-side,,,,,
public,query-builder,com.datastax.oss.driver.api.querybuilder.schema,RelationOptions,withMinIndexInterval(int),method,0,0,1,T1,host-side,,,,,
public,query-builder,com.datastax.oss.driver.api.querybuilder.schema,RelationOptions,withMaxIndexInterval(int),method,0,0,1,T1,host-side,,,,,
public,query-builder,com.datastax.oss.driver.api.querybuilder.schema,RelationOptions,withReadRepairChance(double),method,0,0,1,T1,host-side,,,,,
public,query-builder,com.datastax.oss.driver.api.querybuilder.schema,RelationOptions,withSpeculativeRetry(String),method,0,0,1,T1,host-side,,,,,
public,query-builder,com.datastax.oss.driver.api.querybuilder.schema,RelationStructure,withClusteringOrderByIds(Map),method,0,0,1,T1,host-side,,,,,
public,query-builder,com.datastax.oss.driver.api.querybuilder.schema,RelationStructure,withClusteringOrder(Map),method,0,0,1,T1,host-side,,,,,
public,query-builder,com.datastax.oss.driver.api.querybuilder.schema,RelationStructure,"withClusteringOrder(CqlIdentifier, ClusteringOrder)",method,0,0,1,T1,host-side,,,,,
public,query-builder,com.datastax.oss.driver.api.querybuilder.schema,RelationStructure,"withClusteringOrder(String, ClusteringOrder)",method,0,0,1,T1,host-side,,,,,
public,query-builder,com.datastax.oss.driver.api.querybuilder.schema.compaction,CompactionStrategy,withEnabled(boolean),method,0,0,1,T1,host-side,,,,,
public,query-builder,com.datastax.oss.driver.api.querybuilder.schema.compaction,CompactionStrategy,withTombstoneCompactionIntervalInSeconds(int),method,0,0,1,T1,host-side,,,,,
public,query-builder,com.datastax.oss.driver.api.querybuilder.schema.compaction,CompactionStrategy,withTombstoneThreshold(double),method,0,0,1,T1,host-side,,,,,
public,query-builder,com.datastax.oss.driver.api.querybuilder.schema.compaction,CompactionStrategy,withUncheckedTombstoneCompaction(boolean),method,0,0,1,T1,host-side,,,,,
public,query-builder,com.datastax.oss.driver.api.querybuilder.schema.compaction,LeveledCompactionStrategy,withSSTableSizeInMB(int),method,0,0,1,T1,host-side,,,,,
public,query-builder,com.datastax.oss.driver.api.querybuilder.schema.compaction,SizeTieredCompactionStrategy,withMaxThreshold(int),method,0,0,1,T1,host-side,,,,,
public,query-builder,com.datastax.oss.driver.api.querybuilder.schema.compaction,SizeTieredCompactionStrategy,withMinThreshold(int),method,0,0,1,T1,host-side,,,,,
public,query-builder,com.datastax.oss.driver.api.querybuilder.schema.compaction,SizeTieredCompactionStrategy,withMinSSTableSizeInBytes(long),method,0,0,1,T1,host-side,,,,,
public,query-builder,com.datastax.oss.driver.api.querybuilder.schema.compaction,SizeTieredCompactionStrategy,withOnlyPurgeRepairedTombstones(boolean),method,0,0,1,T1,host-side,,,,,
public,query-builder,com.datastax.oss.driver.api.querybuilder.schema.compaction,SizeTieredCompactionStrategy,withBucketHigh(double),method,0,0,1,T1,host-side,,,,,
public,query-builder,com.datastax.oss.driver.api.querybuilder.schema.compaction,SizeTieredCompactionStrategy,withBucketLow(double),method,0,0,1,T1,host-side,,,,,
public,query-builder,com.datastax.oss.driver.api.querybuilder.schema.compaction,SizeTieredCompactionStrategy,withColdReadsToOmit(double),method,0,0,1,T1,host-side,,,,,
public,query-builder,com.datastax.oss.driver.api.querybuilder.schema.compaction,TimeWindowCompactionStrategy,"withCompactionWindow(long, CompactionWindowUnit)",method,0,0,1,T1,host-side,,,,,
public,query-builder,com.datastax.oss.driver.api.querybuilder.schema.compaction,TimeWindowCompactionStrategy,withUnsafeAggressiveSSTableExpiration(boolean),method,0,0,1,T1,host-side,,,,,
public,query-builder,com.datastax.oss.driver.api.querybuilder.schema.compaction,TimeWindowCompactionStrategy,withTimestampResolution(TimestampResolution),method,0,0,1,T1,host-side,,,,,
public,query-builder,com.datastax.oss.driver.api.querybuilder.schema.compaction,TimeWindowCompactionStrategy.CompactionWindowUnit,MINUTES,enum-constant,0,0,1,T1,host-side,,,,,
public,query-builder,com.datastax.oss.driver.api.querybuilder.schema.compaction,TimeWindowCompactionStrategy.CompactionWindowUnit,HOURS,enum-constant,0,0,1,T1,host-side,,,,,
public,query-builder,com.datastax.oss.driver.api.querybuilder.schema.compaction,TimeWindowCompactionStrategy.CompactionWindowUnit,DAYS,enum-constant,0,0,1,T1,host-side,,,,,
public,query-builder,com.datastax.oss.driver.api.querybuilder.schema.compaction,TimeWindowCompactionStrategy.CompactionWindowUnit,values(),method,0,0,1,T1,host-side,,,,,
public,query-builder,com.datastax.oss.driver.api.querybuilder.schema.compaction,TimeWindowCompactionStrategy.CompactionWindowUnit,valueOf(String),method,0,0,1,T1,host-side,,,,,
public,query-builder,com.datastax.oss.driver.api.querybuilder.schema.compaction,TimeWindowCompactionStrategy.TimestampResolution,MICROSECONDS,enum-constant,0,0,1,T1,host-side,,,,,
public,query-builder,com.datastax.oss.driver.api.querybuilder.schema.compaction,TimeWindowCompactionStrategy.TimestampResolution,MILLISECONDS,enum-constant,0,0,1,T1,host-side,,,,,
public,query-builder,com.datastax.oss.driver.api.querybuilder.schema.compaction,TimeWindowCompactionStrategy.TimestampResolution,values(),method,0,0,1,T1,host-side,,,,,
public,query-builder,com.datastax.oss.driver.api.querybuilder.schema.compaction,TimeWindowCompactionStrategy.TimestampResolution,valueOf(String),method,0,0,1,T1,host-side,,,,,
public,query-builder,com.datastax.oss.driver.api.querybuilder.select,OngoingSelection,selector(Selector),method,0,0,1,T1,host-side,,,,,
public,query-builder,com.datastax.oss.driver.api.querybuilder.select,OngoingSelection,selectors(Iterable),method,0,0,1,T1,host-side,,,,,
public,query-builder,com.datastax.oss.driver.api.querybuilder.select,OngoingSelection,selectors(Selector...),method,0,0,1,T1,host-side,,,,,
public,query-builder,com.datastax.oss.driver.api.querybuilder.select,OngoingSelection,all(),method,0,0,1,T1,host-side,,,,,
public,query-builder,com.datastax.oss.driver.api.querybuilder.select,OngoingSelection,countAll(),method,0,0,1,T1,host-side,,,,,
public,query-builder,com.datastax.oss.driver.api.querybuilder.select,OngoingSelection,column(CqlIdentifier),method,0,0,1,T1,host-side,,,,,
public,query-builder,com.datastax.oss.driver.api.querybuilder.select,OngoingSelection,column(String),method,0,0,1,T1,host-side,,,,,
public,query-builder,com.datastax.oss.driver.api.querybuilder.select,OngoingSelection,columnsIds(Iterable),method,0,0,1,T1,host-side,,,,,
public,query-builder,com.datastax.oss.driver.api.querybuilder.select,OngoingSelection,columns(CqlIdentifier...),method,0,0,1,T1,host-side,,,,,
public,query-builder,com.datastax.oss.driver.api.querybuilder.select,OngoingSelection,columns(Iterable),method,0,0,1,T1,host-side,,,,,
public,query-builder,com.datastax.oss.driver.api.querybuilder.select,OngoingSelection,columns(String...),method,0,0,1,T1,host-side,,,,,
public,query-builder,com.datastax.oss.driver.api.querybuilder.select,OngoingSelection,"add(Selector, Selector)",method,0,0,1,T1,host-side,,,,,
public,query-builder,com.datastax.oss.driver.api.querybuilder.select,OngoingSelection,"subtract(Selector, Selector)",method,0,0,1,T1,host-side,,,,,
public,query-builder,com.datastax.oss.driver.api.querybuilder.select,OngoingSelection,"multiply(Selector, Selector)",method,0,0,1,T1,host-side,,,,,
public,query-builder,com.datastax.oss.driver.api.querybuilder.select,OngoingSelection,"divide(Selector, Selector)",method,0,0,1,T1,host-side,,,,,
public,query-builder,com.datastax.oss.driver.api.querybuilder.select,OngoingSelection,"remainder(Selector, Selector)",method,0,0,1,T1,host-side,,,,,
public,query-builder,com.datastax.oss.driver.api.querybuilder.select,OngoingSelection,negate(Selector),method,0,0,1,T1,host-side,,,,,
public,query-builder,com.datastax.oss.driver.api.querybuilder.select,OngoingSelection,"field(Selector, CqlIdentifier)",method,0,0,1,T1,host-side,,,,,
public,query-builder,com.datastax.oss.driver.api.querybuilder.select,OngoingSelection,"field(Selector, String)",method,0,0,1,T1,host-side,,,,,
public,query-builder,com.datastax.oss.driver.api.querybuilder.select,OngoingSelection,"field(CqlIdentifier, CqlIdentifier)",method,0,0,1,T1,host-side,,,,,
public,query-builder,com.datastax.oss.driver.api.querybuilder.select,OngoingSelection,"field(String, String)",method,0,0,1,T1,host-side,,,,,
public,query-builder,com.datastax.oss.driver.api.querybuilder.select,OngoingSelection,"element(Selector, Term)",method,0,0,1,T1,host-side,,,,,
public,query-builder,com.datastax.oss.driver.api.querybuilder.select,OngoingSelection,"element(CqlIdentifier, Term)",method,0,0,1,T1,host-side,,,,,
public,query-builder,com.datastax.oss.driver.api.querybuilder.select,OngoingSelection,"element(String, Term)",method,0,0,1,T1,host-side,,,,,
public,query-builder,com.datastax.oss.driver.api.querybuilder.select,OngoingSelection,"range(Selector, Term, Term)",method,0,0,1,T1,host-side,,,,,
public,query-builder,com.datastax.oss.driver.api.querybuilder.select,OngoingSelection,"range(CqlIdentifier, Term, Term)",method,0,0,1,T1,host-side,,,,,
public,query-builder,com.datastax.oss.driver.api.querybuilder.select,OngoingSelection,"range(String, Term, Term)",method,0,0,1,T1,host-side,,,,,
public,query-builder,com.datastax.oss.driver.api.querybuilder.select,OngoingSelection,listOf(Iterable),method,0,0,1,T1,host-side,,,,,
public,query-builder,com.datastax.oss.driver.api.querybuilder.select,OngoingSelection,listOf(Selector...),method,0,0,1,T1,host-side,,,,,
public,query-builder,com.datastax.oss.driver.api.querybuilder.select,OngoingSelection,setOf(Iterable),method,0,0,1,T1,host-side,,,,,
public,query-builder,com.datastax.oss.driver.api.querybuilder.select,OngoingSelection,setOf(Selector...),method,0,0,1,T1,host-side,,,,,
public,query-builder,com.datastax.oss.driver.api.querybuilder.select,OngoingSelection,tupleOf(Iterable),method,0,0,1,T1,host-side,,,,,
public,query-builder,com.datastax.oss.driver.api.querybuilder.select,OngoingSelection,tupleOf(Selector...),method,0,0,1,T1,host-side,,,,,
public,query-builder,com.datastax.oss.driver.api.querybuilder.select,OngoingSelection,mapOf(Map),method,0,0,1,T1,host-side,,,,,
public,query-builder,com.datastax.oss.driver.api.querybuilder.select,OngoingSelection,"mapOf(Map, DataType, DataType)",method,0,0,1,T1,host-side,,,,,
public,query-builder,com.datastax.oss.driver.api.querybuilder.select,OngoingSelection,"typeHint(Selector, DataType)",method,0,0,1,T1,host-side,,,,,
public,query-builder,com.datastax.oss.driver.api.querybuilder.select,OngoingSelection,"function(CqlIdentifier, Iterable)",method,0,0,1,T1,host-side,,,,,
public,query-builder,com.datastax.oss.driver.api.querybuilder.select,OngoingSelection,"function(CqlIdentifier, Selector...)",method,0,0,1,T1,host-side,,,,,
public,query-builder,com.datastax.oss.driver.api.querybuilder.select,OngoingSelection,"function(String, Iterable)",method,0,0,1,T1,host-side,,,,,
public,query-builder,com.datastax.oss.driver.api.querybuilder.select,OngoingSelection,"function(String, Selector...)",method,0,0,1,T1,host-side,,,,,
public,query-builder,com.datastax.oss.driver.api.querybuilder.select,OngoingSelection,"function(CqlIdentifier, CqlIdentifier, Iterable)",method,0,0,1,T1,host-side,,,,,
public,query-builder,com.datastax.oss.driver.api.querybuilder.select,OngoingSelection,"function(CqlIdentifier, CqlIdentifier, Selector...)",method,0,0,1,T1,host-side,,,,,
public,query-builder,com.datastax.oss.driver.api.querybuilder.select,OngoingSelection,"function(String, String, Iterable)",method,0,0,1,T1,host-side,,,,,
public,query-builder,com.datastax.oss.driver.api.querybuilder.select,OngoingSelection,"function(String, String, Selector...)",method,0,0,1,T1,host-side,,,,,
public,query-builder,com.datastax.oss.driver.api.querybuilder.select,OngoingSelection,writeTime(CqlIdentifier),method,0,0,1,T1,host-side,,,,,
public,query-builder,com.datastax.oss.driver.api.querybuilder.select,OngoingSelection,writeTime(String),method,0,0,1,T1,host-side,,,,,
public,query-builder,com.datastax.oss.driver.api.querybuilder.select,OngoingSelection,ttl(CqlIdentifier),method,0,0,1,T1,host-side,,,,,
public,query-builder,com.datastax.oss.driver.api.querybuilder.select,OngoingSelection,ttl(String),method,0,0,1,T1,host-side,,,,,
public,query-builder,com.datastax.oss.driver.api.querybuilder.select,OngoingSelection,"cast(Selector, DataType)",method,0,0,1,T1,host-side,,,,,
public,query-builder,com.datastax.oss.driver.api.querybuilder.select,OngoingSelection,toDate(CqlIdentifier),method,0,0,1,T1,host-side,,,,,
public,query-builder,com.datastax.oss.driver.api.querybuilder.select,OngoingSelection,toDate(String),method,0,0,1,T1,host-side,,,,,
public,query-builder,com.datastax.oss.driver.api.querybuilder.select,OngoingSelection,toTimestamp(CqlIdentifier),method,0,0,1,T1,host-side,,,,,
public,query-builder,com.datastax.oss.driver.api.querybuilder.select,OngoingSelection,toTimestamp(String),method,0,0,1,T1,host-side,,,,,
public,query-builder,com.datastax.oss.driver.api.querybuilder.select,OngoingSelection,toUnixTimestamp(CqlIdentifier),method,0,0,1,T1,host-side,,,,,
public,query-builder,com.datastax.oss.driver.api.querybuilder.select,OngoingSelection,toUnixTimestamp(String),method,0,0,1,T1,host-side,,,,,
public,query-builder,com.datastax.oss.driver.api.querybuilder.select,OngoingSelection,literal(Object),method,0,0,1,T1,host-side,,,,,
public,query-builder,com.datastax.oss.driver.api.querybuilder.select,OngoingSelection,"literal(Object, CodecRegistry)",method,0,0,1,T1,host-side,,,,,
public,query-builder,com.datastax.oss.driver.api.querybuilder.select,OngoingSelection,"literal(T, TypeCodec)",method,0,0,1,T1,host-side,,,,,
public,query-builder,com.datastax.oss.driver.api.querybuilder.select,OngoingSelection,raw(String),method,0,0,1,T1,host-side,,,,,
public,query-builder,com.datastax.oss.driver.api.querybuilder.select,OngoingSelection,as(CqlIdentifier),method,0,0,1,T1,host-side,,,,,
public,query-builder,com.datastax.oss.driver.api.querybuilder.select,OngoingSelection,as(String),method,0,0,1,T1,host-side,,,,,
public,query-builder,com.datastax.oss.driver.api.querybuilder.select,Select,groupBy(Iterable),method,0,0,1,T1,host-side,,,,,
public,query-builder,com.datastax.oss.driver.api.querybuilder.select,Select,groupBy(Selector...),method,0,0,1,T1,host-side,,,,,
public,query-builder,com.datastax.oss.driver.api.querybuilder.select,Select,groupByColumnIds(Iterable),method,0,0,1,T1,host-side,,,,,
public,query-builder,com.datastax.oss.driver.api.querybuilder.select,Select,groupByColumnIds(CqlIdentifier...),method,0,0,1,T1,host-side,,,,,
public,query-builder,com.datastax.oss.driver.api.querybuilder.select,Select,groupByColumns(Iterable),method,0,0,1,T1,host-side,,,,,
public,query-builder,com.datastax.oss.driver.api.querybuilder.select,Select,groupByColumns(String...),method,0,0,1,T1,host-side,,,,,
public,query-builder,com.datastax.oss.driver.api.querybuilder.select,Select,groupBy(Selector),method,0,0,1,T1,host-side,,,,,
public,query-builder,com.datastax.oss.driver.api.querybuilder.select,Select,groupBy(CqlIdentifier),method,0,0,1,T1,host-side,,,,,
public,query-builder,com.datastax.oss.driver.api.querybuilder.select,Select,groupBy(String),method,0,0,1,T1,host-side,,,,,
public,query-builder,com.datastax.oss.driver.api.querybuilder.select,Select,orderByIds(Map),method,0,0,1,T1,host-side,,,,,
public,query-builder,com.datastax.oss.driver.api.querybuilder.select,Select,orderBy(Map),method,0,0,1,T1,host-side,,,,,
public,query-builder,com.datastax.oss.driver.api.querybuilder.select,Select,"orderBy(CqlIdentifier, ClusteringOrder)",method,0,0,1,T1,host-side,,,,,
public,query-builder,com.datastax.oss.driver.api.querybuilder.select,Select,"orderBy(String, ClusteringOrder)",method,0,0,1,T1,host-side,,,,,
public,query-builder,com.datastax.oss.driver.api.querybuilder.select,Select,"orderByAnnOf(String, CqlVector)",method,0,0,1,T1,host-side,,,,,
public,query-builder,com.datastax.oss.driver.api.querybuilder.select,Select,"orderByAnnOf(CqlIdentifier, CqlVector)",method,0,0,1,T1,host-side,,,,,
public,query-builder,com.datastax.oss.driver.api.querybuilder.select,Select,limit(int),method,0,0,1,T1,host-side,,,,,
public,query-builder,com.datastax.oss.driver.api.querybuilder.select,Select,limit(BindMarker),method,0,0,1,T1,host-side,,,,,
public,query-builder,com.datastax.oss.driver.api.querybuilder.select,Select,perPartitionLimit(int),method,0,0,1,T1,host-side,,,,,
public,query-builder,com.datastax.oss.driver.api.querybuilder.select,Select,perPartitionLimit(BindMarker),method,0,0,1,T1,host-side,,,,,
public,query-builder,com.datastax.oss.driver.api.querybuilder.select,Select,allowFiltering(),method,0,0,1,T1,host-side,,,,,
public,query-builder,com.datastax.oss.driver.api.querybuilder.select,Select,usingTimeout(CqlDuration),method,0,0,1,T1,host-side,,,,,
public,query-builder,com.datastax.oss.driver.api.querybuilder.select,Select,usingTimeout(BindMarker),method,0,0,1,T1,host-side,,,,,
public,query-builder,com.datastax.oss.driver.api.querybuilder.select,Select,bypassCache(),method,0,0,1,T1,host-side,,,,,
public,query-builder,com.datastax.oss.driver.api.querybuilder.select,SelectFrom,json(),method,0,0,1,T1,host-side,,,,,
public,query-builder,com.datastax.oss.driver.api.querybuilder.select,SelectFrom,distinct(),method,0,0,1,T1,host-side,,,,,
public,query-builder,com.datastax.oss.driver.api.querybuilder.select,Selector,all(),method,0,0,1,T1,host-side,,,,,
public,query-builder,com.datastax.oss.driver.api.querybuilder.select,Selector,countAll(),method,0,0,1,T1,host-side,,,,,
public,query-builder,com.datastax.oss.driver.api.querybuilder.select,Selector,column(CqlIdentifier),method,0,0,1,T1,host-side,,,,,
public,query-builder,com.datastax.oss.driver.api.querybuilder.select,Selector,column(String),method,0,0,1,T1,host-side,,,,,
public,query-builder,com.datastax.oss.driver.api.querybuilder.select,Selector,"add(Selector, Selector)",method,0,0,1,T1,host-side,,,,,
public,query-builder,com.datastax.oss.driver.api.querybuilder.select,Selector,"subtract(Selector, Selector)",method,0,0,1,T1,host-side,,,,,
public,query-builder,com.datastax.oss.driver.api.querybuilder.select,Selector,"multiply(Selector, Selector)",method,0,0,1,T1,host-side,,,,,
public,query-builder,com.datastax.oss.driver.api.querybuilder.select,Selector,"divide(Selector, Selector)",method,0,0,1,T1,host-side,,,,,
public,query-builder,com.datastax.oss.driver.api.querybuilder.select,Selector,"remainder(Selector, Selector)",method,0,0,1,T1,host-side,,,,,
public,query-builder,com.datastax.oss.driver.api.querybuilder.select,Selector,negate(Selector),method,0,0,1,T1,host-side,,,,,
public,query-builder,com.datastax.oss.driver.api.querybuilder.select,Selector,"field(Selector, CqlIdentifier)",method,0,0,1,T1,host-side,,,,,
public,query-builder,com.datastax.oss.driver.api.querybuilder.select,Selector,"field(Selector, String)",method,0,0,1,T1,host-side,,,,,
public,query-builder,com.datastax.oss.driver.api.querybuilder.select,Selector,"field(CqlIdentifier, CqlIdentifier)",method,0,0,1,T1,host-side,,,,,
public,query-builder,com.datastax.oss.driver.api.querybuilder.select,Selector,"field(String, String)",method,0,0,1,T1,host-side,,,,,
public,query-builder,com.datastax.oss.driver.api.querybuilder.select,Selector,"element(Selector, Term)",method,0,0,1,T1,host-side,,,,,
public,query-builder,com.datastax.oss.driver.api.querybuilder.select,Selector,"element(CqlIdentifier, Term)",method,0,0,1,T1,host-side,,,,,
public,query-builder,com.datastax.oss.driver.api.querybuilder.select,Selector,"element(String, Term)",method,0,0,1,T1,host-side,,,,,
public,query-builder,com.datastax.oss.driver.api.querybuilder.select,Selector,"range(Selector, Term, Term)",method,0,0,1,T1,host-side,,,,,
public,query-builder,com.datastax.oss.driver.api.querybuilder.select,Selector,"range(CqlIdentifier, Term, Term)",method,0,0,1,T1,host-side,,,,,
public,query-builder,com.datastax.oss.driver.api.querybuilder.select,Selector,"range(String, Term, Term)",method,0,0,1,T1,host-side,,,,,
public,query-builder,com.datastax.oss.driver.api.querybuilder.select,Selector,listOf(Iterable),method,0,0,1,T1,host-side,,,,,
public,query-builder,com.datastax.oss.driver.api.querybuilder.select,Selector,listOf(Selector...),method,0,0,1,T1,host-side,,,,,
public,query-builder,com.datastax.oss.driver.api.querybuilder.select,Selector,setOf(Iterable),method,0,0,1,T1,host-side,,,,,
public,query-builder,com.datastax.oss.driver.api.querybuilder.select,Selector,setOf(Selector...),method,0,0,1,T1,host-side,,,,,
public,query-builder,com.datastax.oss.driver.api.querybuilder.select,Selector,tupleOf(Iterable),method,0,0,1,T1,host-side,,,,,
public,query-builder,com.datastax.oss.driver.api.querybuilder.select,Selector,tupleOf(Selector...),method,0,0,1,T1,host-side,,,,,
public,query-builder,com.datastax.oss.driver.api.querybuilder.select,Selector,mapOf(Map),method,0,0,1,T1,host-side,,,,,
public,query-builder,com.datastax.oss.driver.api.querybuilder.select,Selector,"mapOf(Map, DataType, DataType)",method,0,0,1,T1,host-side,,,,,
public,query-builder,com.datastax.oss.driver.api.querybuilder.select,Selector,"typeHint(Selector, DataType)",method,0,0,1,T1,host-side,,,,,
public,query-builder,com.datastax.oss.driver.api.querybuilder.select,Selector,"function(CqlIdentifier, Iterable)",method,0,0,1,T1,host-side,,,,,
public,query-builder,com.datastax.oss.driver.api.querybuilder.select,Selector,"function(CqlIdentifier, Selector...)",method,0,0,1,T1,host-side,,,,,
public,query-builder,com.datastax.oss.driver.api.querybuilder.select,Selector,"function(String, Iterable)",method,0,0,1,T1,host-side,,,,,
public,query-builder,com.datastax.oss.driver.api.querybuilder.select,Selector,"function(String, Selector...)",method,0,0,1,T1,host-side,,,,,
public,query-builder,com.datastax.oss.driver.api.querybuilder.select,Selector,"function(CqlIdentifier, CqlIdentifier, Iterable)",method,0,0,1,T1,host-side,,,,,
public,query-builder,com.datastax.oss.driver.api.querybuilder.select,Selector,"function(CqlIdentifier, CqlIdentifier, Selector...)",method,0,0,1,T1,host-side,,,,,
public,query-builder,com.datastax.oss.driver.api.querybuilder.select,Selector,"function(String, String, Iterable)",method,0,0,1,T1,host-side,,,,,
public,query-builder,com.datastax.oss.driver.api.querybuilder.select,Selector,"function(String, String, Selector...)",method,0,0,1,T1,host-side,,,,,
public,query-builder,com.datastax.oss.driver.api.querybuilder.select,Selector,writeTime(CqlIdentifier),method,0,0,1,T1,host-side,,,,,
public,query-builder,com.datastax.oss.driver.api.querybuilder.select,Selector,writeTime(String),method,0,0,1,T1,host-side,,,,,
public,query-builder,com.datastax.oss.driver.api.querybuilder.select,Selector,ttl(CqlIdentifier),method,0,0,1,T1,host-side,,,,,
public,query-builder,com.datastax.oss.driver.api.querybuilder.select,Selector,ttl(String),method,0,0,1,T1,host-side,,,,,
public,query-builder,com.datastax.oss.driver.api.querybuilder.select,Selector,"cast(Selector, DataType)",method,0,0,1,T1,host-side,,,,,
public,query-builder,com.datastax.oss.driver.api.querybuilder.select,Selector,toDate(CqlIdentifier),method,0,0,1,T1,host-side,,,,,
public,query-builder,com.datastax.oss.driver.api.querybuilder.select,Selector,toDate(String),method,0,0,1,T1,host-side,,,,,
public,query-builder,com.datastax.oss.driver.api.querybuilder.select,Selector,toTimestamp(CqlIdentifier),method,0,0,1,T1,host-side,,,,,
public,query-builder,com.datastax.oss.driver.api.querybuilder.select,Selector,toTimestamp(String),method,0,0,1,T1,host-side,,,,,
public,query-builder,com.datastax.oss.driver.api.querybuilder.select,Selector,toUnixTimestamp(CqlIdentifier),method,0,0,1,T1,host-side,,,,,
public,query-builder,com.datastax.oss.driver.api.querybuilder.select,Selector,toUnixTimestamp(String),method,0,0,1,T1,host-side,,,,,
public,query-builder,com.datastax.oss.driver.api.querybuilder.select,Selector,as(CqlIdentifier),method,0,0,1,T1,host-side,,,,,
public,query-builder,com.datastax.oss.driver.api.querybuilder.select,Selector,as(String),method,0,0,1,T1,host-side,,,,,
public,query-builder,com.datastax.oss.driver.api.querybuilder.select,Selector,getAlias(),method,0,0,1,T1,host-side,,,,,
public,query-builder,com.datastax.oss.driver.api.querybuilder.term,Term,isIdempotent(),method,0,0,1,T1,host-side,,,,,
public,query-builder,com.datastax.oss.driver.api.querybuilder.truncate,Truncate,"(interface, no declared members)",type,0,0,1,T1,host-side,,,,,
public,query-builder,com.datastax.oss.driver.api.querybuilder.update,Assignment,"setColumn(CqlIdentifier, Term)",method,0,0,1,T1,host-side,,,,,
public,query-builder,com.datastax.oss.driver.api.querybuilder.update,Assignment,"setColumn(String, Term)",method,0,0,1,T1,host-side,,,,,
public,query-builder,com.datastax.oss.driver.api.querybuilder.update,Assignment,"setField(CqlIdentifier, CqlIdentifier, Term)",method,0,0,1,T1,host-side,,,,,
public,query-builder,com.datastax.oss.driver.api.querybuilder.update,Assignment,"setField(String, String, Term)",method,0,0,1,T1,host-side,,,,,
public,query-builder,com.datastax.oss.driver.api.querybuilder.update,Assignment,"setMapValue(CqlIdentifier, Term, Term)",method,0,0,1,T1,host-side,,,,,
public,query-builder,com.datastax.oss.driver.api.querybuilder.update,Assignment,"setMapValue(String, Term, Term)",method,0,0,1,T1,host-side,,,,,
public,query-builder,com.datastax.oss.driver.api.querybuilder.update,Assignment,"setListValue(CqlIdentifier, Term, Term)",method,0,0,1,T1,host-side,,,,,
public,query-builder,com.datastax.oss.driver.api.querybuilder.update,Assignment,"setListValue(String, Term, Term)",method,0,0,1,T1,host-side,,,,,
public,query-builder,com.datastax.oss.driver.api.querybuilder.update,Assignment,"increment(CqlIdentifier, Term)",method,0,0,1,T1,host-side,,,,,
public,query-builder,com.datastax.oss.driver.api.querybuilder.update,Assignment,"increment(String, Term)",method,0,0,1,T1,host-side,,,,,
public,query-builder,com.datastax.oss.driver.api.querybuilder.update,Assignment,increment(CqlIdentifier),method,0,0,1,T1,host-side,,,,,
public,query-builder,com.datastax.oss.driver.api.querybuilder.update,Assignment,increment(String),method,0,0,1,T1,host-side,,,,,
public,query-builder,com.datastax.oss.driver.api.querybuilder.update,Assignment,"decrement(CqlIdentifier, Term)",method,0,0,1,T1,host-side,,,,,
public,query-builder,com.datastax.oss.driver.api.querybuilder.update,Assignment,"decrement(String, Term)",method,0,0,1,T1,host-side,,,,,
public,query-builder,com.datastax.oss.driver.api.querybuilder.update,Assignment,decrement(CqlIdentifier),method,0,0,1,T1,host-side,,,,,
public,query-builder,com.datastax.oss.driver.api.querybuilder.update,Assignment,decrement(String),method,0,0,1,T1,host-side,,,,,
public,query-builder,com.datastax.oss.driver.api.querybuilder.update,Assignment,"append(CqlIdentifier, Term)",method,0,0,1,T1,host-side,,,,,
public,query-builder,com.datastax.oss.driver.api.querybuilder.update,Assignment,"append(String, Term)",method,0,0,1,T1,host-side,,,,,
public,query-builder,com.datastax.oss.driver.api.querybuilder.update,Assignment,"appendListElement(CqlIdentifier, Term)",method,0,0,1,T1,host-side,,,,,
public,query-builder,com.datastax.oss.driver.api.querybuilder.update,Assignment,"appendListElement(String, Term)",method,0,0,1,T1,host-side,,,,,
public,query-builder,com.datastax.oss.driver.api.querybuilder.update,Assignment,"appendSetElement(CqlIdentifier, Term)",method,0,0,1,T1,host-side,,,,,
public,query-builder,com.datastax.oss.driver.api.querybuilder.update,Assignment,"appendSetElement(String, Term)",method,0,0,1,T1,host-side,,,,,
public,query-builder,com.datastax.oss.driver.api.querybuilder.update,Assignment,"appendMapEntry(CqlIdentifier, Term, Term)",method,0,0,1,T1,host-side,,,,,
public,query-builder,com.datastax.oss.driver.api.querybuilder.update,Assignment,"appendMapEntry(String, Term, Term)",method,0,0,1,T1,host-side,,,,,
public,query-builder,com.datastax.oss.driver.api.querybuilder.update,Assignment,"prepend(CqlIdentifier, Term)",method,0,0,1,T1,host-side,,,,,
public,query-builder,com.datastax.oss.driver.api.querybuilder.update,Assignment,"prepend(String, Term)",method,0,0,1,T1,host-side,,,,,
public,query-builder,com.datastax.oss.driver.api.querybuilder.update,Assignment,"prependListElement(CqlIdentifier, Term)",method,0,0,1,T1,host-side,,,,,
public,query-builder,com.datastax.oss.driver.api.querybuilder.update,Assignment,"prependListElement(String, Term)",method,0,0,1,T1,host-side,,,,,
public,query-builder,com.datastax.oss.driver.api.querybuilder.update,Assignment,"prependSetElement(CqlIdentifier, Term)",method,0,0,1,T1,host-side,,,,,
public,query-builder,com.datastax.oss.driver.api.querybuilder.update,Assignment,"prependSetElement(String, Term)",method,0,0,1,T1,host-side,,,,,
public,query-builder,com.datastax.oss.driver.api.querybuilder.update,Assignment,"prependMapEntry(CqlIdentifier, Term, Term)",method,0,0,1,T1,host-side,,,,,
public,query-builder,com.datastax.oss.driver.api.querybuilder.update,Assignment,"prependMapEntry(String, Term, Term)",method,0,0,1,T1,host-side,,,,,
public,query-builder,com.datastax.oss.driver.api.querybuilder.update,Assignment,"remove(CqlIdentifier, Term)",method,0,0,1,T1,host-side,,,,,
public,query-builder,com.datastax.oss.driver.api.querybuilder.update,Assignment,"remove(String, Term)",method,0,0,1,T1,host-side,,,,,
public,query-builder,com.datastax.oss.driver.api.querybuilder.update,Assignment,"removeListElement(CqlIdentifier, Term)",method,0,0,1,T1,host-side,,,,,
public,query-builder,com.datastax.oss.driver.api.querybuilder.update,Assignment,"removeListElement(String, Term)",method,0,0,1,T1,host-side,,,,,
public,query-builder,com.datastax.oss.driver.api.querybuilder.update,Assignment,"removeSetElement(CqlIdentifier, Term)",method,0,0,1,T1,host-side,,,,,
public,query-builder,com.datastax.oss.driver.api.querybuilder.update,Assignment,"removeSetElement(String, Term)",method,0,0,1,T1,host-side,,,,,
public,query-builder,com.datastax.oss.driver.api.querybuilder.update,Assignment,"removeMapEntry(CqlIdentifier, Term, Term)",method,0,0,1,T1,host-side,,,,,
public,query-builder,com.datastax.oss.driver.api.querybuilder.update,Assignment,"removeMapEntry(String, Term, Term)",method,0,0,1,T1,host-side,,,,,
public,query-builder,com.datastax.oss.driver.api.querybuilder.update,Assignment,isIdempotent(),method,0,0,1,T1,host-side,,,,,
public,query-builder,com.datastax.oss.driver.api.querybuilder.update,OngoingAssignment,set(Assignment),method,0,0,1,T1,host-side,,,,,
public,query-builder,com.datastax.oss.driver.api.querybuilder.update,OngoingAssignment,set(Iterable),method,0,0,1,T1,host-side,,,,,
public,query-builder,com.datastax.oss.driver.api.querybuilder.update,OngoingAssignment,set(Assignment...),method,0,0,1,T1,host-side,,,,,
public,query-builder,com.datastax.oss.driver.api.querybuilder.update,OngoingAssignment,"setColumn(CqlIdentifier, Term)",method,0,0,1,T1,host-side,,,,,
public,query-builder,com.datastax.oss.driver.api.querybuilder.update,OngoingAssignment,"setColumn(String, Term)",method,0,0,1,T1,host-side,,,,,
public,query-builder,com.datastax.oss.driver.api.querybuilder.update,OngoingAssignment,"setField(CqlIdentifier, CqlIdentifier, Term)",method,0,0,1,T1,host-side,,,,,
public,query-builder,com.datastax.oss.driver.api.querybuilder.update,OngoingAssignment,"setField(String, String, Term)",method,0,0,1,T1,host-side,,,,,
public,query-builder,com.datastax.oss.driver.api.querybuilder.update,OngoingAssignment,"setMapValue(CqlIdentifier, Term, Term)",method,0,0,1,T1,host-side,,,,,
public,query-builder,com.datastax.oss.driver.api.querybuilder.update,OngoingAssignment,"setMapValue(String, Term, Term)",method,0,0,1,T1,host-side,,,,,
public,query-builder,com.datastax.oss.driver.api.querybuilder.update,OngoingAssignment,"setListValue(CqlIdentifier, Term, Term)",method,0,0,1,T1,host-side,,,,,
public,query-builder,com.datastax.oss.driver.api.querybuilder.update,OngoingAssignment,"setListValue(String, Term, Term)",method,0,0,1,T1,host-side,,,,,
public,query-builder,com.datastax.oss.driver.api.querybuilder.update,OngoingAssignment,"increment(CqlIdentifier, Term)",method,0,0,1,T1,host-side,,,,,
public,query-builder,com.datastax.oss.driver.api.querybuilder.update,OngoingAssignment,"increment(String, Term)",method,0,0,1,T1,host-side,,,,,
public,query-builder,com.datastax.oss.driver.api.querybuilder.update,OngoingAssignment,increment(CqlIdentifier),method,0,0,1,T1,host-side,,,,,
public,query-builder,com.datastax.oss.driver.api.querybuilder.update,OngoingAssignment,increment(String),method,0,0,1,T1,host-side,,,,,
public,query-builder,com.datastax.oss.driver.api.querybuilder.update,OngoingAssignment,"decrement(CqlIdentifier, Term)",method,0,0,1,T1,host-side,,,,,
public,query-builder,com.datastax.oss.driver.api.querybuilder.update,OngoingAssignment,"decrement(String, Term)",method,0,0,1,T1,host-side,,,,,
public,query-builder,com.datastax.oss.driver.api.querybuilder.update,OngoingAssignment,decrement(CqlIdentifier),method,0,0,1,T1,host-side,,,,,
public,query-builder,com.datastax.oss.driver.api.querybuilder.update,OngoingAssignment,decrement(String),method,0,0,1,T1,host-side,,,,,
public,query-builder,com.datastax.oss.driver.api.querybuilder.update,OngoingAssignment,"append(CqlIdentifier, Term)",method,0,0,1,T1,host-side,,,,,
public,query-builder,com.datastax.oss.driver.api.querybuilder.update,OngoingAssignment,"append(String, Term)",method,0,0,1,T1,host-side,,,,,
public,query-builder,com.datastax.oss.driver.api.querybuilder.update,OngoingAssignment,"appendListElement(CqlIdentifier, Term)",method,0,0,1,T1,host-side,,,,,
public,query-builder,com.datastax.oss.driver.api.querybuilder.update,OngoingAssignment,"appendListElement(String, Term)",method,0,0,1,T1,host-side,,,,,
public,query-builder,com.datastax.oss.driver.api.querybuilder.update,OngoingAssignment,"appendSetElement(CqlIdentifier, Term)",method,0,0,1,T1,host-side,,,,,
public,query-builder,com.datastax.oss.driver.api.querybuilder.update,OngoingAssignment,"appendSetElement(String, Term)",method,0,0,1,T1,host-side,,,,,
public,query-builder,com.datastax.oss.driver.api.querybuilder.update,OngoingAssignment,"appendMapEntry(CqlIdentifier, Term, Term)",method,0,0,1,T1,host-side,,,,,
public,query-builder,com.datastax.oss.driver.api.querybuilder.update,OngoingAssignment,"appendMapEntry(String, Term, Term)",method,0,0,1,T1,host-side,,,,,
public,query-builder,com.datastax.oss.driver.api.querybuilder.update,OngoingAssignment,"prepend(CqlIdentifier, Term)",method,0,0,1,T1,host-side,,,,,
public,query-builder,com.datastax.oss.driver.api.querybuilder.update,OngoingAssignment,"prepend(String, Term)",method,0,0,1,T1,host-side,,,,,
public,query-builder,com.datastax.oss.driver.api.querybuilder.update,OngoingAssignment,"prependListElement(CqlIdentifier, Term)",method,0,0,1,T1,host-side,,,,,
public,query-builder,com.datastax.oss.driver.api.querybuilder.update,OngoingAssignment,"prependListElement(String, Term)",method,0,0,1,T1,host-side,,,,,
public,query-builder,com.datastax.oss.driver.api.querybuilder.update,OngoingAssignment,"prependSetElement(CqlIdentifier, Term)",method,0,0,1,T1,host-side,,,,,
public,query-builder,com.datastax.oss.driver.api.querybuilder.update,OngoingAssignment,"prependSetElement(String, Term)",method,0,0,1,T1,host-side,,,,,
public,query-builder,com.datastax.oss.driver.api.querybuilder.update,OngoingAssignment,"prependMapEntry(CqlIdentifier, Term, Term)",method,0,0,1,T1,host-side,,,,,
public,query-builder,com.datastax.oss.driver.api.querybuilder.update,OngoingAssignment,"prependMapEntry(String, Term, Term)",method,0,0,1,T1,host-side,,,,,
public,query-builder,com.datastax.oss.driver.api.querybuilder.update,OngoingAssignment,"remove(CqlIdentifier, Term)",method,0,0,1,T1,host-side,,,,,
public,query-builder,com.datastax.oss.driver.api.querybuilder.update,OngoingAssignment,"remove(String, Term)",method,0,0,1,T1,host-side,,,,,
public,query-builder,com.datastax.oss.driver.api.querybuilder.update,OngoingAssignment,"removeListElement(CqlIdentifier, Term)",method,0,0,1,T1,host-side,,,,,
public,query-builder,com.datastax.oss.driver.api.querybuilder.update,OngoingAssignment,"removeListElement(String, Term)",method,0,0,1,T1,host-side,,,,,
public,query-builder,com.datastax.oss.driver.api.querybuilder.update,OngoingAssignment,"removeSetElement(CqlIdentifier, Term)",method,0,0,1,T1,host-side,,,,,
public,query-builder,com.datastax.oss.driver.api.querybuilder.update,OngoingAssignment,"removeSetElement(String, Term)",method,0,0,1,T1,host-side,,,,,
public,query-builder,com.datastax.oss.driver.api.querybuilder.update,OngoingAssignment,"removeMapEntry(CqlIdentifier, Term, Term)",method,0,0,1,T1,host-side,,,,,
public,query-builder,com.datastax.oss.driver.api.querybuilder.update,OngoingAssignment,"removeMapEntry(String, Term, Term)",method,0,0,1,T1,host-side,,,,,
public,query-builder,com.datastax.oss.driver.api.querybuilder.update,Update,"(interface, no declared members)",type,0,0,1,T1,host-side,,,,,
public,query-builder,com.datastax.oss.driver.api.querybuilder.update,UpdateStart,usingTimestamp(long),method,0,0,1,T1,host-side,,,,,
public,query-builder,com.datastax.oss.driver.api.querybuilder.update,UpdateStart,usingTimestamp(BindMarker),method,0,0,1,T1,host-side,,,,,
public,query-builder,com.datastax.oss.driver.api.querybuilder.update,UpdateStart,usingTtl(int),method,0,0,1,T1,host-side,,,,,
public,query-builder,com.datastax.oss.driver.api.querybuilder.update,UpdateStart,usingTtl(BindMarker),method,0,0,1,T1,host-side,,,,,
public,query-builder,com.datastax.oss.driver.api.querybuilder.update,UpdateStart,usingTimeout(CqlDuration),method,0,0,1,T1,host-side,,,,,
public,query-builder,com.datastax.oss.driver.api.querybuilder.update,UpdateStart,usingTimeout(BindMarker),method,0,0,1,T1,host-side,,,,,
public,query-builder,com.datastax.oss.driver.api.querybuilder.update,UpdateWithAssignments,"(interface, no declared members)",type,0,0,1,T1,host-side,,,,,
